# Ruinas do Veu Azul - PS2 procedural export
mtllib frost_atlas.mtl
usemtl frost_atlas
o scene_2
s off
v 22 5.28 4.5 0.2006 0.295 0.3658
v 22.648 5.28 4.5 0.2006 0.295 0.3658
v 22.324 5.28 5.061184 0.2006 0.295 0.3658
v 22 0.855 4.5 0.0765 0.1125 0.1395
v 22.324 0.855 5.061184 0.0765 0.1125 0.1395
v 22.648 0.855 4.5 0.0765 0.1125 0.1395
v 22.324 0.855 5.061184 0.162728 0.239306 0.29674
v 21.676 0.855 5.061184 0.162728 0.239306 0.29674
v 21.676 5.28 5.061184 0.162728 0.239306 0.29674
v 22.324 0.855 5.061184 0.162728 0.239306 0.29674
v 21.676 5.28 5.061184 0.162728 0.239306 0.29674
v 22.324 5.28 5.061184 0.162728 0.239306 0.29674
v 22 5.28 4.5 0.2006 0.295 0.3658
v 22.324 5.28 5.061184 0.2006 0.295 0.3658
v 21.676 5.28 5.061184 0.2006 0.295 0.3658
v 22 0.855 4.5 0.0765 0.1125 0.1395
v 21.676 0.855 5.061184 0.0765 0.1125 0.1395
v 22.324 0.855 5.061184 0.0765 0.1125 0.1395
v 21.676 0.855 5.061184 0.162728 0.239306 0.29674
v 21.352 0.855 4.5 0.162728 0.239306 0.29674
v 21.352 5.28 4.5 0.162728 0.239306 0.29674
v 21.676 0.855 5.061184 0.162728 0.239306 0.29674
v 21.352 5.28 4.5 0.162728 0.239306 0.29674
v 21.676 5.28 5.061184 0.162728 0.239306 0.29674
v 22 5.28 4.5 0.2006 0.295 0.3658
v 21.676 5.28 5.061184 0.2006 0.295 0.3658
v 21.352 5.28 4.5 0.2006 0.295 0.3658
v 22 0.855 4.5 0.0765 0.1125 0.1395
v 21.352 0.855 4.5 0.0765 0.1125 0.1395
v 21.676 0.855 5.061184 0.0765 0.1125 0.1395
v 21.352 0.855 4.5 0.1377 0.2025 0.2511
v 21.676 0.855 3.938816 0.1377 0.2025 0.2511
v 21.676 5.28 3.938816 0.1377 0.2025 0.2511
v 21.352 0.855 4.5 0.1377 0.2025 0.2511
v 21.676 5.28 3.938816 0.1377 0.2025 0.2511
v 21.352 5.28 4.5 0.1377 0.2025 0.2511
v 22 5.28 4.5 0.2006 0.295 0.3658
v 21.352 5.28 4.5 0.2006 0.295 0.3658
v 21.676 5.28 3.938816 0.2006 0.295 0.3658
v 22 0.855 4.5 0.0765 0.1125 0.1395
v 21.676 0.855 3.938816 0.0765 0.1125 0.1395
v 21.352 0.855 4.5 0.0765 0.1125 0.1395
v 21.676 0.855 3.938816 0.112672 0.165694 0.20546
v 22.324 0.855 3.938816 0.112672 0.165694 0.20546
v 22.324 5.28 3.938816 0.112672 0.165694 0.20546
v 21.676 0.855 3.938816 0.112672 0.165694 0.20546
v 22.324 5.28 3.938816 0.112672 0.165694 0.20546
v 21.676 5.28 3.938816 0.112672 0.165694 0.20546
v 22 5.28 4.5 0.2006 0.295 0.3658
v 21.676 5.28 3.938816 0.2006 0.295 0.3658
v 22.324 5.28 3.938816 0.2006 0.295 0.3658
v 22 0.855 4.5 0.0765 0.1125 0.1395
v 22.324 0.855 3.938816 0.0765 0.1125 0.1395
v 21.676 0.855 3.938816 0.0765 0.1125 0.1395
v 22.324 0.855 3.938816 0.112672 0.165694 0.20546
v 22.648 0.855 4.5 0.112672 0.165694 0.20546
v 22.648 5.28 4.5 0.112672 0.165694 0.20546
v 22.324 0.855 3.938816 0.112672 0.165694 0.20546
v 22.648 5.28 4.5 0.112672 0.165694 0.20546
v 22.324 5.28 3.938816 0.112672 0.165694 0.20546
v 22 5.28 4.5 0.2006 0.295 0.3658
v 22.324 5.28 3.938816 0.2006 0.295 0.3658
v 22.648 5.28 4.5 0.2006 0.295 0.3658
v 22 0.855 4.5 0.0765 0.1125 0.1395
v 22.648 0.855 4.5 0.0765 0.1125 0.1395
v 22.324 0.855 3.938816 0.0765 0.1125 0.1395
v 21.1675 5.622 3.6675 0.184552 0.2714 0.336536
v 21.1675 5.622 5.3325 0.184552 0.2714 0.336536
v 22.8325 5.622 5.3325 0.184552 0.2714 0.336536
v 21.1675 5.622 3.6675 0.184552 0.2714 0.336536
v 22.8325 5.622 5.3325 0.184552 0.2714 0.336536
v 22.8325 5.622 3.6675 0.184552 0.2714 0.336536
v 21.1675 5.28 5.3325 0.075072 0.1104 0.136896
v 21.1675 5.28 3.6675 0.075072 0.1104 0.136896
v 22.8325 5.28 3.6675 0.075072 0.1104 0.136896
v 21.1675 5.28 5.3325 0.075072 0.1104 0.136896
v 22.8325 5.28 3.6675 0.075072 0.1104 0.136896
v 22.8325 5.28 5.3325 0.075072 0.1104 0.136896
v 21.1675 5.28 3.6675 0.114172 0.1679 0.208196
v 21.1675 5.622 3.6675 0.114172 0.1679 0.208196
v 22.8325 5.622 3.6675 0.114172 0.1679 0.208196
v 21.1675 5.28 3.6675 0.114172 0.1679 0.208196
v 22.8325 5.622 3.6675 0.114172 0.1679 0.208196
v 22.8325 5.28 3.6675 0.114172 0.1679 0.208196
v 22.8325 5.28 5.3325 0.142324 0.2093 0.259532
v 22.8325 5.28 3.6675 0.142324 0.2093 0.259532
v 22.8325 5.622 3.6675 0.142324 0.2093 0.259532
v 22.8325 5.28 5.3325 0.142324 0.2093 0.259532
v 22.8325 5.622 3.6675 0.142324 0.2093 0.259532
v 22.8325 5.622 5.3325 0.142324 0.2093 0.259532
v 21.1675 5.28 5.3325 0.159528 0.2346 0.290904
v 22.8325 5.28 5.3325 0.159528 0.2346 0.290904
v 22.8325 5.622 5.3325 0.159528 0.2346 0.290904
v 21.1675 5.28 5.3325 0.159528 0.2346 0.290904
v 22.8325 5.622 5.3325 0.159528 0.2346 0.290904
v 21.1675 5.622 5.3325 0.159528 0.2346 0.290904
v 21.1675 5.28 3.6675 0.096968 0.1426 0.176824
v 21.1675 5.28 5.3325 0.096968 0.1426 0.176824
v 21.1675 5.622 5.3325 0.096968 0.1426 0.176824
v 21.1675 5.28 3.6675 0.096968 0.1426 0.176824
v 21.1675 5.622 5.3325 0.096968 0.1426 0.176824
v 21.1675 5.622 3.6675 0.096968 0.1426 0.176824
v 22.612 5.622 4.42 0.115748 0.170218 0.211071
v 22.313495 5.622 4.830856 0.115748 0.170218 0.211071
v 22.43 6.252 4.32 0.115748 0.170218 0.211071
v 22.18 5.622 4.42 0.05083 0.07475 0.09269
v 22.313495 5.622 4.830856 0.05083 0.07475 0.09269
v 22.612 5.622 4.42 0.05083 0.07475 0.09269
v 22.313495 5.622 4.830856 0.123858 0.182144 0.225858
v 21.830505 5.622 4.673923 0.123858 0.182144 0.225858
v 22.43 6.252 4.32 0.123858 0.182144 0.225858
v 22.18 5.622 4.42 0.05083 0.07475 0.09269
v 21.830505 5.622 4.673923 0.05083 0.07475 0.09269
v 22.313495 5.622 4.830856 0.05083 0.07475 0.09269
v 21.830505 5.622 4.673923 0.095182 0.139974 0.173568
v 21.830505 5.622 4.166077 0.095182 0.139974 0.173568
v 22.43 6.252 4.32 0.095182 0.139974 0.173568
v 22.18 5.622 4.42 0.05083 0.07475 0.09269
v 21.830505 5.622 4.166077 0.05083 0.07475 0.09269
v 21.830505 5.622 4.673923 0.05083 0.07475 0.09269
v 21.830505 5.622 4.166077 0.06935 0.101986 0.126463
v 22.313495 5.622 4.009144 0.06935 0.101986 0.126463
v 22.43 6.252 4.32 0.06935 0.101986 0.126463
v 22.18 5.622 4.42 0.05083 0.07475 0.09269
v 22.313495 5.622 4.009144 0.05083 0.07475 0.09269
v 21.830505 5.622 4.166077 0.05083 0.07475 0.09269
v 22.313495 5.622 4.009144 0.082061 0.120678 0.149641
v 22.612 5.622 4.42 0.082061 0.120678 0.149641
v 22.43 6.252 4.32 0.082061 0.120678 0.149641
v 22.18 5.622 4.42 0.05083 0.07475 0.09269
v 22.612 5.622 4.42 0.05083 0.07475 0.09269
v 22.313495 5.622 4.009144 0.05083 0.07475 0.09269
v -20.2 0.08 8.4 0.162 0.567 0.7965
v -17.1 0.08 8.4 0.1786 0.2632 0.3572
v -17.515321 0.08 9.95 0.1786 0.2632 0.3572
v -20.2 0.08 8.4 0.162 0.567 0.7965
v -17.515321 0.08 9.95 0.1786 0.2632 0.3572
v -18.65 0.08 11.084679 0.1786 0.2632 0.3572
v -20.2 0.08 8.4 0.162 0.567 0.7965
v -18.65 0.08 11.084679 0.1786 0.2632 0.3572
v -20.2 0.08 11.5 0.1786 0.2632 0.3572
v -20.2 0.08 8.4 0.162 0.567 0.7965
v -20.2 0.08 11.5 0.1786 0.2632 0.3572
v -21.75 0.08 11.084679 0.1786 0.2632 0.3572
v -20.2 0.08 8.4 0.162 0.567 0.7965
v -21.75 0.08 11.084679 0.1786 0.2632 0.3572
v -22.884679 0.08 9.95 0.1786 0.2632 0.3572
v -20.2 0.08 8.4 0.162 0.567 0.7965
v -22.884679 0.08 9.95 0.1786 0.2632 0.3572
v -23.3 0.08 8.4 0.1786 0.2632 0.3572
v -20.2 0.08 8.4 0.162 0.567 0.7965
v -23.3 0.08 8.4 0.1786 0.2632 0.3572
v -22.884679 0.08 6.85 0.1786 0.2632 0.3572
v -20.2 0.08 8.4 0.162 0.567 0.7965
v -22.884679 0.08 6.85 0.1786 0.2632 0.3572
v -21.75 0.08 5.715321 0.1786 0.2632 0.3572
v -20.2 0.08 8.4 0.162 0.567 0.7965
v -21.75 0.08 5.715321 0.1786 0.2632 0.3572
v -20.2 0.08 5.3 0.1786 0.2632 0.3572
v -20.2 0.08 8.4 0.162 0.567 0.7965
v -20.2 0.08 5.3 0.1786 0.2632 0.3572
v -18.65 0.08 5.715321 0.1786 0.2632 0.3572
v -20.2 0.08 8.4 0.162 0.567 0.7965
v -18.65 0.08 5.715321 0.1786 0.2632 0.3572
v -17.515321 0.08 6.85 0.1786 0.2632 0.3572
v -20.2 0.08 8.4 0.162 0.567 0.7965
v -17.515321 0.08 6.85 0.1786 0.2632 0.3572
v -17.1 0.08 8.4 0.1786 0.2632 0.3572
v -20.875 0.4 7.725 0.0885 0.1298 0.177
v -20.875 0.4 9.075 0.0885 0.1298 0.177
v -19.525 0.4 9.075 0.0885 0.1298 0.177
v -20.875 0.4 7.725 0.0885 0.1298 0.177
v -19.525 0.4 9.075 0.0885 0.1298 0.177
v -19.525 0.4 7.725 0.0885 0.1298 0.177
v -20.875 0 9.075 0.036 0.0528 0.072
v -20.875 0 7.725 0.036 0.0528 0.072
v -19.525 0 7.725 0.036 0.0528 0.072
v -20.875 0 9.075 0.036 0.0528 0.072
v -19.525 0 7.725 0.036 0.0528 0.072
v -19.525 0 9.075 0.036 0.0528 0.072
v -20.875 0 7.725 0.05475 0.0803 0.1095
v -20.875 0.4 7.725 0.05475 0.0803 0.1095
v -19.525 0.4 7.725 0.05475 0.0803 0.1095
v -20.875 0 7.725 0.05475 0.0803 0.1095
v -19.525 0.4 7.725 0.05475 0.0803 0.1095
v -19.525 0 7.725 0.05475 0.0803 0.1095
v -19.525 0 9.075 0.06825 0.1001 0.1365
v -19.525 0 7.725 0.06825 0.1001 0.1365
v -19.525 0.4 7.725 0.06825 0.1001 0.1365
v -19.525 0 9.075 0.06825 0.1001 0.1365
v -19.525 0.4 7.725 0.06825 0.1001 0.1365
v -19.525 0.4 9.075 0.06825 0.1001 0.1365
v -20.875 0 9.075 0.0765 0.1122 0.153
v -19.525 0 9.075 0.0765 0.1122 0.153
v -19.525 0.4 9.075 0.0765 0.1122 0.153
v -20.875 0 9.075 0.0765 0.1122 0.153
v -19.525 0.4 9.075 0.0765 0.1122 0.153
v -20.875 0.4 9.075 0.0765 0.1122 0.153
v -20.875 0 7.725 0.0465 0.0682 0.093
v -20.875 0 9.075 0.0465 0.0682 0.093
v -20.875 0.4 9.075 0.0465 0.0682 0.093
v -20.875 0 7.725 0.0465 0.0682 0.093
v -20.875 0.4 9.075 0.0465 0.0682 0.093
v -20.875 0.4 7.725 0.0465 0.0682 0.093
v -19.72 0.4 8.4 0.1377 0.2025 0.2511
v -19.96 0.4 8.815692 0.1377 0.2025 0.2511
v -19.96 1.65 8.815692 0.1377 0.2025 0.2511
v -19.72 0.4 8.4 0.1377 0.2025 0.2511
v -19.96 1.65 8.815692 0.1377 0.2025 0.2511
v -19.72 1.65 8.4 0.1377 0.2025 0.2511
v -20.2 1.65 8.4 0.2006 0.295 0.3658
v -19.72 1.65 8.4 0.2006 0.295 0.3658
v -19.96 1.65 8.815692 0.2006 0.295 0.3658
v -20.2 0.4 8.4 0.0765 0.1125 0.1395
v -19.96 0.4 8.815692 0.0765 0.1125 0.1395
v -19.72 0.4 8.4 0.0765 0.1125 0.1395
v -19.96 0.4 8.815692 0.162728 0.239306 0.29674
v -20.44 0.4 8.815692 0.162728 0.239306 0.29674
v -20.44 1.65 8.815692 0.162728 0.239306 0.29674
v -19.96 0.4 8.815692 0.162728 0.239306 0.29674
v -20.44 1.65 8.815692 0.162728 0.239306 0.29674
v -19.96 1.65 8.815692 0.162728 0.239306 0.29674
v -20.2 1.65 8.4 0.2006 0.295 0.3658
v -19.96 1.65 8.815692 0.2006 0.295 0.3658
v -20.44 1.65 8.815692 0.2006 0.295 0.3658
v -20.2 0.4 8.4 0.0765 0.1125 0.1395
v -20.44 0.4 8.815692 0.0765 0.1125 0.1395
v -19.96 0.4 8.815692 0.0765 0.1125 0.1395
v -20.44 0.4 8.815692 0.162728 0.239306 0.29674
v -20.68 0.4 8.4 0.162728 0.239306 0.29674
v -20.68 1.65 8.4 0.162728 0.239306 0.29674
v -20.44 0.4 8.815692 0.162728 0.239306 0.29674
v -20.68 1.65 8.4 0.162728 0.239306 0.29674
v -20.44 1.65 8.815692 0.162728 0.239306 0.29674
v -20.2 1.65 8.4 0.2006 0.295 0.3658
v -20.44 1.65 8.815692 0.2006 0.295 0.3658
v -20.68 1.65 8.4 0.2006 0.295 0.3658
v -20.2 0.4 8.4 0.0765 0.1125 0.1395
v -20.68 0.4 8.4 0.0765 0.1125 0.1395
v -20.44 0.4 8.815692 0.0765 0.1125 0.1395
v -20.68 0.4 8.4 0.1377 0.2025 0.2511
v -20.44 0.4 7.984308 0.1377 0.2025 0.2511
v -20.44 1.65 7.984308 0.1377 0.2025 0.2511
v -20.68 0.4 8.4 0.1377 0.2025 0.2511
v -20.44 1.65 7.984308 0.1377 0.2025 0.2511
v -20.68 1.65 8.4 0.1377 0.2025 0.2511
v -20.2 1.65 8.4 0.2006 0.295 0.3658
v -20.68 1.65 8.4 0.2006 0.295 0.3658
v -20.44 1.65 7.984308 0.2006 0.295 0.3658
v -20.2 0.4 8.4 0.0765 0.1125 0.1395
v -20.44 0.4 7.984308 0.0765 0.1125 0.1395
v -20.68 0.4 8.4 0.0765 0.1125 0.1395
v -20.44 0.4 7.984308 0.112672 0.165694 0.20546
v -19.96 0.4 7.984308 0.112672 0.165694 0.20546
v -19.96 1.65 7.984308 0.112672 0.165694 0.20546
v -20.44 0.4 7.984308 0.112672 0.165694 0.20546
v -19.96 1.65 7.984308 0.112672 0.165694 0.20546
v -20.44 1.65 7.984308 0.112672 0.165694 0.20546
v -20.2 1.65 8.4 0.2006 0.295 0.3658
v -20.44 1.65 7.984308 0.2006 0.295 0.3658
v -19.96 1.65 7.984308 0.2006 0.295 0.3658
v -20.2 0.4 8.4 0.0765 0.1125 0.1395
v -19.96 0.4 7.984308 0.0765 0.1125 0.1395
v -20.44 0.4 7.984308 0.0765 0.1125 0.1395
v -19.96 0.4 7.984308 0.112672 0.165694 0.20546
v -19.72 0.4 8.4 0.112672 0.165694 0.20546
v -19.72 1.65 8.4 0.112672 0.165694 0.20546
v -19.96 0.4 7.984308 0.112672 0.165694 0.20546
v -19.72 1.65 8.4 0.112672 0.165694 0.20546
v -19.96 1.65 7.984308 0.112672 0.165694 0.20546
v -20.2 1.65 8.4 0.2006 0.295 0.3658
v -19.96 1.65 7.984308 0.2006 0.295 0.3658
v -19.72 1.65 8.4 0.2006 0.295 0.3658
v -20.2 0.4 8.4 0.0765 0.1125 0.1395
v -19.72 0.4 8.4 0.0765 0.1125 0.1395
v -19.96 0.4 7.984308 0.0765 0.1125 0.1395
v -19.25 1.65 8.4 0.07905 0.11625 0.14415
v -19.528249 1.65 9.071751 0.07905 0.11625 0.14415
v -19.761594 2.13 8.838406 0.07905 0.11625 0.14415
v -19.25 1.65 8.4 0.07905 0.11625 0.14415
v -19.761594 2.13 8.838406 0.07905 0.11625 0.14415
v -19.58 2.13 8.4 0.07905 0.11625 0.14415
v -19.528249 1.65 9.071751 0.085106 0.125156 0.155194
v -20.2 1.65 9.35 0.085106 0.125156 0.155194
v -20.2 2.13 9.02 0.085106 0.125156 0.155194
v -19.528249 1.65 9.071751 0.085106 0.125156 0.155194
v -20.2 2.13 9.02 0.085106 0.125156 0.155194
v -19.761594 2.13 8.838406 0.085106 0.125156 0.155194
v -20.2 1.65 9.35 0.091162 0.134063 0.166237
v -20.871751 1.65 9.071751 0.091162 0.134063 0.166237
v -20.638406 2.13 8.838406 0.091162 0.134063 0.166237
v -20.2 1.65 9.35 0.091162 0.134063 0.166237
v -20.638406 2.13 8.838406 0.091162 0.134063 0.166237
v -20.2 2.13 9.02 0.091162 0.134063 0.166237
v -20.871751 1.65 9.071751 0.097219 0.142969 0.177281
v -21.15 1.65 8.4 0.097219 0.142969 0.177281
v -20.82 2.13 8.4 0.097219 0.142969 0.177281
v -20.871751 1.65 9.071751 0.097219 0.142969 0.177281
v -20.82 2.13 8.4 0.097219 0.142969 0.177281
v -20.638406 2.13 8.838406 0.097219 0.142969 0.177281
v -21.15 1.65 8.4 0.103275 0.151875 0.188325
v -20.871751 1.65 7.728249 0.103275 0.151875 0.188325
v -20.638406 2.13 7.961594 0.103275 0.151875 0.188325
v -21.15 1.65 8.4 0.103275 0.151875 0.188325
v -20.638406 2.13 7.961594 0.103275 0.151875 0.188325
v -20.82 2.13 8.4 0.103275 0.151875 0.188325
v -20.871751 1.65 7.728249 0.109331 0.160781 0.199369
v -20.2 1.65 7.45 0.109331 0.160781 0.199369
v -20.2 2.13 7.78 0.109331 0.160781 0.199369
v -20.871751 1.65 7.728249 0.109331 0.160781 0.199369
v -20.2 2.13 7.78 0.109331 0.160781 0.199369
v -20.638406 2.13 7.961594 0.109331 0.160781 0.199369
v -20.2 1.65 7.45 0.115388 0.169687 0.210413
v -19.528249 1.65 7.728249 0.115388 0.169687 0.210413
v -19.761594 2.13 7.961594 0.115388 0.169687 0.210413
v -20.2 1.65 7.45 0.115388 0.169687 0.210413
v -19.761594 2.13 7.961594 0.115388 0.169687 0.210413
v -20.2 2.13 7.78 0.115388 0.169687 0.210413
v -19.528249 1.65 7.728249 0.121444 0.178594 0.221456
v -19.25 1.65 8.4 0.121444 0.178594 0.221456
v -19.58 2.13 8.4 0.121444 0.178594 0.221456
v -19.528249 1.65 7.728249 0.121444 0.178594 0.221456
v -19.58 2.13 8.4 0.121444 0.178594 0.221456
v -19.761594 2.13 7.961594 0.121444 0.178594 0.221456
v -19.74 2.03 8.4 0.157124 0.900847 1
v -19.913195 2.03 8.759642 0.157124 0.900847 1
v -20.1 3.48 8.34 0.157124 0.900847 1
v -20.2 2.03 8.4 0.069 0.3956 0.46
v -19.913195 2.03 8.759642 0.069 0.3956 0.46
v -19.74 2.03 8.4 0.069 0.3956 0.46
v -19.913195 2.03 8.759642 0.170986 0.98032 1
v -20.30236 2.03 8.848467 0.170986 0.98032 1
v -20.1 3.48 8.34 0.170986 0.98032 1
v -20.2 2.03 8.4 0.069 0.3956 0.46
v -20.30236 2.03 8.848467 0.069 0.3956 0.46
v -19.913195 2.03 8.759642 0.069 0.3956 0.46
v -20.30236 2.03 8.848467 0.15549 0.891477 1
v -20.614446 2.03 8.599587 0.15549 0.891477 1
v -20.1 3.48 8.34 0.15549 0.891477 1
v -20.2 2.03 8.4 0.069 0.3956 0.46
v -20.614446 2.03 8.599587 0.069 0.3956 0.46
v -20.30236 2.03 8.848467 0.069 0.3956 0.46
v -20.614446 2.03 8.599587 0.122306 0.70122 0.815372
v -20.614446 2.03 8.200413 0.122306 0.70122 0.815372
v -20.1 3.48 8.34 0.122306 0.70122 0.815372
v -20.2 2.03 8.4 0.069 0.3956 0.46
v -20.614446 2.03 8.200413 0.069 0.3956 0.46
v -20.614446 2.03 8.599587 0.069 0.3956 0.46
v -20.614446 2.03 8.200413 0.096421 0.552816 0.642809
v -20.30236 2.03 7.951533 0.096421 0.552816 0.642809
v -20.1 3.48 8.34 0.096421 0.552816 0.642809
v -20.2 2.03 8.4 0.069 0.3956 0.46
v -20.30236 2.03 7.951533 0.069 0.3956 0.46
v -20.614446 2.03 8.200413 0.069 0.3956 0.46
v -20.30236 2.03 7.951533 0.097328 0.558016 0.648855
v -19.913195 2.03 8.040358 0.097328 0.558016 0.648855
v -20.1 3.48 8.34 0.097328 0.558016 0.648855
v -20.2 2.03 8.4 0.069 0.3956 0.46
v -19.913195 2.03 8.040358 0.069 0.3956 0.46
v -20.30236 2.03 7.951533 0.069 0.3956 0.46
v -19.913195 2.03 8.040358 0.124344 0.712904 0.828958
v -19.74 2.03 8.4 0.124344 0.712904 0.828958
v -20.1 3.48 8.34 0.124344 0.712904 0.828958
v -20.2 2.03 8.4 0.069 0.3956 0.46
v -19.74 2.03 8.4 0.069 0.3956 0.46
v -19.913195 2.03 8.040358 0.069 0.3956 0.46
v -20.19 2 8.46 0.185407 1 1
v -20.355836 2 8.688254 0.185407 1 1
v -20.51 2.76 8.51 0.185407 1 1
v -20.43 2 8.46 0.08142 0.46 0.46
v -20.355836 2 8.688254 0.08142 0.46 0.46
v -20.19 2 8.46 0.08142 0.46 0.46
v -20.355836 2 8.688254 0.198397 1 1
v -20.624164 2 8.601068 0.198397 1 1
v -20.51 2.76 8.51 0.198397 1 1
v -20.43 2 8.46 0.08142 0.46 0.46
v -20.624164 2 8.601068 0.08142 0.46 0.46
v -20.355836 2 8.688254 0.08142 0.46 0.46
v -20.624164 2 8.601068 0.152464 0.861379 0.861379
v -20.624164 2 8.318932 0.152464 0.861379 0.861379
v -20.51 2.76 8.51 0.152464 0.861379 0.861379
v -20.43 2 8.46 0.08142 0.46 0.46
v -20.624164 2 8.318932 0.08142 0.46 0.46
v -20.624164 2 8.601068 0.08142 0.46 0.46
v -20.624164 2 8.318932 0.111086 0.627606 0.627606
v -20.355836 2 8.231746 0.111086 0.627606 0.627606
v -20.51 2.76 8.51 0.111086 0.627606 0.627606
v -20.43 2 8.46 0.08142 0.46 0.46
v -20.355836 2 8.231746 0.08142 0.46 0.46
v -20.624164 2 8.318932 0.08142 0.46 0.46
v -20.355836 2 8.231746 0.131446 0.742633 0.742633
v -20.19 2 8.46 0.131446 0.742633 0.742633
v -20.51 2.76 8.51 0.131446 0.742633 0.742633
v -20.43 2 8.46 0.08142 0.46 0.46
v -20.19 2 8.46 0.08142 0.46 0.46
v -20.355836 2 8.231746 0.08142 0.46 0.46
v -17 -5 -34 0.090504 0.188549 0.271511
v -19.5 -5 -29.669873 0.090504 0.188549 0.271511
v -20.9 8 -34.4 0.090504 0.188549 0.271511
v -22 -5 -34 0.039744 0.0828 0.119232
v -19.5 -5 -29.669873 0.039744 0.0828 0.119232
v -17 -5 -34 0.039744 0.0828 0.119232
v -19.5 -5 -29.669873 0.098147 0.204474 0.294442
v -24.5 -5 -29.669873 0.098147 0.204474 0.294442
v -20.9 8 -34.4 0.098147 0.204474 0.294442
v -22 -5 -34 0.039744 0.0828 0.119232
v -24.5 -5 -29.669873 0.039744 0.0828 0.119232
v -19.5 -5 -29.669873 0.039744 0.0828 0.119232
v -24.5 -5 -29.669873 0.083676 0.174324 0.251027
v -27 -5 -34 0.083676 0.174324 0.251027
v -20.9 8 -34.4 0.083676 0.174324 0.251027
v -22 -5 -34 0.039744 0.0828 0.119232
v -27 -5 -34 0.039744 0.0828 0.119232
v -24.5 -5 -29.669873 0.039744 0.0828 0.119232
v -27 -5 -34 0.06156 0.128251 0.184681
v -24.5 -5 -38.330127 0.06156 0.128251 0.184681
v -20.9 8 -34.4 0.06156 0.128251 0.184681
v -22 -5 -34 0.039744 0.0828 0.119232
v -24.5 -5 -38.330127 0.039744 0.0828 0.119232
v -27 -5 -34 0.039744 0.0828 0.119232
v -24.5 -5 -38.330127 0.053917 0.112326 0.16175
v -19.5 -5 -38.330127 0.053917 0.112326 0.16175
v -20.9 8 -34.4 0.053917 0.112326 0.16175
v -22 -5 -34 0.039744 0.0828 0.119232
v -19.5 -5 -38.330127 0.039744 0.0828 0.119232
v -24.5 -5 -38.330127 0.039744 0.0828 0.119232
v -19.5 -5 -38.330127 0.068388 0.142476 0.205165
v -17 -5 -34 0.068388 0.142476 0.205165
v -20.9 8 -34.4 0.068388 0.142476 0.205165
v -22 -5 -34 0.039744 0.0828 0.119232
v -17 -5 -34 0.039744 0.0828 0.119232
v -19.5 -5 -38.330127 0.039744 0.0828 0.119232
v 29.5 -5.5 -32.6 0.085476 0.178074 0.256427
v 26.25 -5.5 -26.970835 0.085476 0.178074 0.256427
v 22 9.5 -32.3 0.085476 0.178074 0.256427
v 23 -5.5 -32.6 0.037536 0.0782 0.112608
v 26.25 -5.5 -26.970835 0.037536 0.0782 0.112608
v 29.5 -5.5 -32.6 0.037536 0.0782 0.112608
v 26.25 -5.5 -26.970835 0.092695 0.193114 0.278084
v 19.75 -5.5 -26.970835 0.092695 0.193114 0.278084
v 22 9.5 -32.3 0.092695 0.193114 0.278084
v 23 -5.5 -32.6 0.037536 0.0782 0.112608
v 19.75 -5.5 -26.970835 0.037536 0.0782 0.112608
v 26.25 -5.5 -26.970835 0.037536 0.0782 0.112608
v 19.75 -5.5 -26.970835 0.079027 0.16464 0.237081
v 16.5 -5.5 -32.6 0.079027 0.16464 0.237081
v 22 9.5 -32.3 0.079027 0.16464 0.237081
v 23 -5.5 -32.6 0.037536 0.0782 0.112608
v 16.5 -5.5 -32.6 0.037536 0.0782 0.112608
v 19.75 -5.5 -26.970835 0.037536 0.0782 0.112608
v 16.5 -5.5 -32.6 0.05814 0.121126 0.174421
v 19.75 -5.5 -38.229165 0.05814 0.121126 0.174421
v 22 9.5 -32.3 0.05814 0.121126 0.174421
v 23 -5.5 -32.6 0.037536 0.0782 0.112608
v 19.75 -5.5 -38.229165 0.037536 0.0782 0.112608
v 16.5 -5.5 -32.6 0.037536 0.0782 0.112608
v 19.75 -5.5 -38.229165 0.050921 0.106086 0.152764
v 26.25 -5.5 -38.229165 0.050921 0.106086 0.152764
v 22 9.5 -32.3 0.050921 0.106086 0.152764
v 23 -5.5 -32.6 0.037536 0.0782 0.112608
v 26.25 -5.5 -38.229165 0.037536 0.0782 0.112608
v 19.75 -5.5 -38.229165 0.037536 0.0782 0.112608
v 26.25 -5.5 -38.229165 0.064589 0.13456 0.193767
v 29.5 -5.5 -32.6 0.064589 0.13456 0.193767
v 22 9.5 -32.3 0.064589 0.13456 0.193767
v 23 -5.5 -32.6 0.037536 0.0782 0.112608
v 29.5 -5.5 -32.6 0.037536 0.0782 0.112608
v 26.25 -5.5 -38.229165 0.037536 0.0782 0.112608
v -15.037869 -5 -29.2 0.105588 0.219974 0.316763
v -18.037869 -5 -24.003848 0.105588 0.219974 0.316763
v -19.937869 15 -29.6 0.105588 0.219974 0.316763
v -21.037869 -5 -29.2 0.046368 0.0966 0.139104
v -18.037869 -5 -24.003848 0.046368 0.0966 0.139104
v -15.037869 -5 -29.2 0.046368 0.0966 0.139104
v -18.037869 -5 -24.003848 0.114505 0.238553 0.343516
v -24.037869 -5 -24.003848 0.114505 0.238553 0.343516
v -19.937869 15 -29.6 0.114505 0.238553 0.343516
v -21.037869 -5 -29.2 0.046368 0.0966 0.139104
v -24.037869 -5 -24.003848 0.046368 0.0966 0.139104
v -18.037869 -5 -24.003848 0.046368 0.0966 0.139104
v -24.037869 -5 -24.003848 0.097622 0.203378 0.292865
v -27.037869 -5 -29.2 0.097622 0.203378 0.292865
v -19.937869 15 -29.6 0.097622 0.203378 0.292865
v -21.037869 -5 -29.2 0.046368 0.0966 0.139104
v -27.037869 -5 -29.2 0.046368 0.0966 0.139104
v -24.037869 -5 -24.003848 0.046368 0.0966 0.139104
v -27.037869 -5 -29.2 0.07182 0.149626 0.215461
v -24.037869 -5 -34.396152 0.07182 0.149626 0.215461
v -19.937869 15 -29.6 0.07182 0.149626 0.215461
v -21.037869 -5 -29.2 0.046368 0.0966 0.139104
v -24.037869 -5 -34.396152 0.046368 0.0966 0.139104
v -27.037869 -5 -29.2 0.046368 0.0966 0.139104
v -24.037869 -5 -34.396152 0.062903 0.131047 0.188708
v -18.037869 -5 -34.396152 0.062903 0.131047 0.188708
v -19.937869 15 -29.6 0.062903 0.131047 0.188708
v -21.037869 -5 -29.2 0.046368 0.0966 0.139104
v -18.037869 -5 -34.396152 0.046368 0.0966 0.139104
v -24.037869 -5 -34.396152 0.046368 0.0966 0.139104
v -18.037869 -5 -34.396152 0.079786 0.166222 0.239359
v -15.037869 -5 -29.2 0.079786 0.166222 0.239359
v -19.937869 15 -29.6 0.079786 0.166222 0.239359
v -21.037869 -5 -29.2 0.046368 0.0966 0.139104
v -15.037869 -5 -29.2 0.046368 0.0966 0.139104
v -18.037869 -5 -34.396152 0.046368 0.0966 0.139104
v 30.018934 -5.5 -27.8 0.095532 0.199024 0.286595
v 26.268934 -5.5 -21.304809 0.095532 0.199024 0.286595
v 21.518934 14.5 -27.5 0.095532 0.199024 0.286595
v 22.518934 -5.5 -27.8 0.041952 0.0874 0.125856
v 26.268934 -5.5 -21.304809 0.041952 0.0874 0.125856
v 30.018934 -5.5 -27.8 0.041952 0.0874 0.125856
v 26.268934 -5.5 -21.304809 0.1036 0.215833 0.3108
v 18.768934 -5.5 -21.304809 0.1036 0.215833 0.3108
v 21.518934 14.5 -27.5 0.1036 0.215833 0.3108
v 22.518934 -5.5 -27.8 0.041952 0.0874 0.125856
v 18.768934 -5.5 -21.304809 0.041952 0.0874 0.125856
v 26.268934 -5.5 -21.304809 0.041952 0.0874 0.125856
v 18.768934 -5.5 -21.304809 0.088324 0.184009 0.264973
v 15.018934 -5.5 -27.8 0.088324 0.184009 0.264973
v 21.518934 14.5 -27.5 0.088324 0.184009 0.264973
v 22.518934 -5.5 -27.8 0.041952 0.0874 0.125856
v 15.018934 -5.5 -27.8 0.041952 0.0874 0.125856
v 18.768934 -5.5 -21.304809 0.041952 0.0874 0.125856
v 15.018934 -5.5 -27.8 0.06498 0.135376 0.194941
v 18.768934 -5.5 -34.295191 0.06498 0.135376 0.194941
v 21.518934 14.5 -27.5 0.06498 0.135376 0.194941
v 22.518934 -5.5 -27.8 0.041952 0.0874 0.125856
v 18.768934 -5.5 -34.295191 0.041952 0.0874 0.125856
v 15.018934 -5.5 -27.8 0.041952 0.0874 0.125856
v 18.768934 -5.5 -34.295191 0.056912 0.118567 0.170736
v 26.268934 -5.5 -34.295191 0.056912 0.118567 0.170736
v 21.518934 14.5 -27.5 0.056912 0.118567 0.170736
v 22.518934 -5.5 -27.8 0.041952 0.0874 0.125856
v 26.268934 -5.5 -34.295191 0.041952 0.0874 0.125856
v 18.768934 -5.5 -34.295191 0.041952 0.0874 0.125856
v 26.268934 -5.5 -34.295191 0.072188 0.150391 0.216563
v 30.018934 -5.5 -27.8 0.072188 0.150391 0.216563
v 21.518934 14.5 -27.5 0.072188 0.150391 0.216563
v 22.518934 -5.5 -27.8 0.041952 0.0874 0.125856
v 30.018934 -5.5 -27.8 0.041952 0.0874 0.125856
v 26.268934 -5.5 -34.295191 0.041952 0.0874 0.125856
v -16.747809 -5 -24.4 0.090504 0.188549 0.271511
v -20.247809 -5 -18.337822 0.090504 0.188549 0.271511
v -22.647809 9 -24.8 0.090504 0.188549 0.271511
v -23.747809 -5 -24.4 0.039744 0.0828 0.119232
v -20.247809 -5 -18.337822 0.039744 0.0828 0.119232
v -16.747809 -5 -24.4 0.039744 0.0828 0.119232
v -20.247809 -5 -18.337822 0.098147 0.204474 0.294442
v -27.247809 -5 -18.337822 0.098147 0.204474 0.294442
v -22.647809 9 -24.8 0.098147 0.204474 0.294442
v -23.747809 -5 -24.4 0.039744 0.0828 0.119232
v -27.247809 -5 -18.337822 0.039744 0.0828 0.119232
v -20.247809 -5 -18.337822 0.039744 0.0828 0.119232
v -27.247809 -5 -18.337822 0.083676 0.174324 0.251027
v -30.747809 -5 -24.4 0.083676 0.174324 0.251027
v -22.647809 9 -24.8 0.083676 0.174324 0.251027
v -23.747809 -5 -24.4 0.039744 0.0828 0.119232
v -30.747809 -5 -24.4 0.039744 0.0828 0.119232
v -27.247809 -5 -18.337822 0.039744 0.0828 0.119232
v -30.747809 -5 -24.4 0.06156 0.128251 0.184681
v -27.247809 -5 -30.462178 0.06156 0.128251 0.184681
v -22.647809 9 -24.8 0.06156 0.128251 0.184681
v -23.747809 -5 -24.4 0.039744 0.0828 0.119232
v -27.247809 -5 -30.462178 0.039744 0.0828 0.119232
v -30.747809 -5 -24.4 0.039744 0.0828 0.119232
v -27.247809 -5 -30.462178 0.053917 0.112326 0.16175
v -20.247809 -5 -30.462178 0.053917 0.112326 0.16175
v -22.647809 9 -24.8 0.053917 0.112326 0.16175
v -23.747809 -5 -24.4 0.039744 0.0828 0.119232
v -20.247809 -5 -30.462178 0.039744 0.0828 0.119232
v -27.247809 -5 -30.462178 0.039744 0.0828 0.119232
v -20.247809 -5 -30.462178 0.068388 0.142476 0.205165
v -16.747809 -5 -24.4 0.068388 0.142476 0.205165
v -22.647809 9 -24.8 0.068388 0.142476 0.205165
v -23.747809 -5 -24.4 0.039744 0.0828 0.119232
v -16.747809 -5 -24.4 0.039744 0.0828 0.119232
v -20.247809 -5 -30.462178 0.039744 0.0828 0.119232
v 29.373904 -5.5 -23 0.105588 0.219974 0.316763
v 26.623904 -5.5 -18.23686 0.105588 0.219974 0.316763
v 22.873904 19.5 -22.7 0.105588 0.219974 0.316763
v 23.873904 -5.5 -23 0.046368 0.0966 0.139104
v 26.623904 -5.5 -18.23686 0.046368 0.0966 0.139104
v 29.373904 -5.5 -23 0.046368 0.0966 0.139104
v 26.623904 -5.5 -18.23686 0.114505 0.238553 0.343516
v 21.123904 -5.5 -18.23686 0.114505 0.238553 0.343516
v 22.873904 19.5 -22.7 0.114505 0.238553 0.343516
v 23.873904 -5.5 -23 0.046368 0.0966 0.139104
v 21.123904 -5.5 -18.23686 0.046368 0.0966 0.139104
v 26.623904 -5.5 -18.23686 0.046368 0.0966 0.139104
v 21.123904 -5.5 -18.23686 0.097622 0.203378 0.292865
v 18.373904 -5.5 -23 0.097622 0.203378 0.292865
v 22.873904 19.5 -22.7 0.097622 0.203378 0.292865
v 23.873904 -5.5 -23 0.046368 0.0966 0.139104
v 18.373904 -5.5 -23 0.046368 0.0966 0.139104
v 21.123904 -5.5 -18.23686 0.046368 0.0966 0.139104
v 18.373904 -5.5 -23 0.07182 0.149626 0.215461
v 21.123904 -5.5 -27.76314 0.07182 0.149626 0.215461
v 22.873904 19.5 -22.7 0.07182 0.149626 0.215461
v 23.873904 -5.5 -23 0.046368 0.0966 0.139104
v 21.123904 -5.5 -27.76314 0.046368 0.0966 0.139104
v 18.373904 -5.5 -23 0.046368 0.0966 0.139104
v 21.123904 -5.5 -27.76314 0.062903 0.131047 0.188708
v 26.623904 -5.5 -27.76314 0.062903 0.131047 0.188708
v 22.873904 19.5 -22.7 0.062903 0.131047 0.188708
v 23.873904 -5.5 -23 0.046368 0.0966 0.139104
v 26.623904 -5.5 -27.76314 0.046368 0.0966 0.139104
v 21.123904 -5.5 -27.76314 0.046368 0.0966 0.139104
v 26.623904 -5.5 -27.76314 0.079786 0.166222 0.239359
v 29.373904 -5.5 -23 0.079786 0.166222 0.239359
v 22.873904 19.5 -22.7 0.079786 0.166222 0.239359
v 23.873904 -5.5 -23 0.046368 0.0966 0.139104
v 29.373904 -5.5 -23 0.046368 0.0966 0.139104
v 26.623904 -5.5 -27.76314 0.046368 0.0966 0.139104
v -14.787059 -5 -19.6 0.105588 0.219974 0.316763
v -17.287059 -5 -15.269873 0.105588 0.219974 0.316763
v -18.687059 16 -20 0.105588 0.219974 0.316763
v -19.787059 -5 -19.6 0.046368 0.0966 0.139104
v -17.287059 -5 -15.269873 0.046368 0.0966 0.139104
v -14.787059 -5 -19.6 0.046368 0.0966 0.139104
v -17.287059 -5 -15.269873 0.114505 0.238553 0.343516
v -22.287059 -5 -15.269873 0.114505 0.238553 0.343516
v -18.687059 16 -20 0.114505 0.238553 0.343516
v -19.787059 -5 -19.6 0.046368 0.0966 0.139104
v -22.287059 -5 -15.269873 0.046368 0.0966 0.139104
v -17.287059 -5 -15.269873 0.046368 0.0966 0.139104
v -22.287059 -5 -15.269873 0.097622 0.203378 0.292865
v -24.787059 -5 -19.6 0.097622 0.203378 0.292865
v -18.687059 16 -20 0.097622 0.203378 0.292865
v -19.787059 -5 -19.6 0.046368 0.0966 0.139104
v -24.787059 -5 -19.6 0.046368 0.0966 0.139104
v -22.287059 -5 -15.269873 0.046368 0.0966 0.139104
v -24.787059 -5 -19.6 0.07182 0.149626 0.215461
v -22.287059 -5 -23.930127 0.07182 0.149626 0.215461
v -18.687059 16 -20 0.07182 0.149626 0.215461
v -19.787059 -5 -19.6 0.046368 0.0966 0.139104
v -22.287059 -5 -23.930127 0.046368 0.0966 0.139104
v -24.787059 -5 -19.6 0.046368 0.0966 0.139104
v -22.287059 -5 -23.930127 0.062903 0.131047 0.188708
v -17.287059 -5 -23.930127 0.062903 0.131047 0.188708
v -18.687059 16 -20 0.062903 0.131047 0.188708
v -19.787059 -5 -19.6 0.046368 0.0966 0.139104
v -17.287059 -5 -23.930127 0.046368 0.0966 0.139104
v -22.287059 -5 -23.930127 0.046368 0.0966 0.139104
v -17.287059 -5 -23.930127 0.079786 0.166222 0.239359
v -14.787059 -5 -19.6 0.079786 0.166222 0.239359
v -18.687059 16 -20 0.079786 0.166222 0.239359
v -19.787059 -5 -19.6 0.046368 0.0966 0.139104
v -14.787059 -5 -19.6 0.046368 0.0966 0.139104
v -17.287059 -5 -23.930127 0.046368 0.0966 0.139104
v 28.39353 -5.5 -18.2 0.085476 0.178074 0.256427
v 25.14353 -5.5 -12.570835 0.085476 0.178074 0.256427
v 20.89353 9.5 -17.9 0.085476 0.178074 0.256427
v 21.89353 -5.5 -18.2 0.037536 0.0782 0.112608
v 25.14353 -5.5 -12.570835 0.037536 0.0782 0.112608
v 28.39353 -5.5 -18.2 0.037536 0.0782 0.112608
v 25.14353 -5.5 -12.570835 0.092695 0.193114 0.278084
v 18.64353 -5.5 -12.570835 0.092695 0.193114 0.278084
v 20.89353 9.5 -17.9 0.092695 0.193114 0.278084
v 21.89353 -5.5 -18.2 0.037536 0.0782 0.112608
v 18.64353 -5.5 -12.570835 0.037536 0.0782 0.112608
v 25.14353 -5.5 -12.570835 0.037536 0.0782 0.112608
v 18.64353 -5.5 -12.570835 0.079027 0.16464 0.237081
v 15.39353 -5.5 -18.2 0.079027 0.16464 0.237081
v 20.89353 9.5 -17.9 0.079027 0.16464 0.237081
v 21.89353 -5.5 -18.2 0.037536 0.0782 0.112608
v 15.39353 -5.5 -18.2 0.037536 0.0782 0.112608
v 18.64353 -5.5 -12.570835 0.037536 0.0782 0.112608
v 15.39353 -5.5 -18.2 0.05814 0.121126 0.174421
v 18.64353 -5.5 -23.829165 0.05814 0.121126 0.174421
v 20.89353 9.5 -17.9 0.05814 0.121126 0.174421
v 21.89353 -5.5 -18.2 0.037536 0.0782 0.112608
v 18.64353 -5.5 -23.829165 0.037536 0.0782 0.112608
v 15.39353 -5.5 -18.2 0.037536 0.0782 0.112608
v 18.64353 -5.5 -23.829165 0.050921 0.106086 0.152764
v 25.14353 -5.5 -23.829165 0.050921 0.106086 0.152764
v 20.89353 9.5 -17.9 0.050921 0.106086 0.152764
v 21.89353 -5.5 -18.2 0.037536 0.0782 0.112608
v 25.14353 -5.5 -23.829165 0.037536 0.0782 0.112608
v 18.64353 -5.5 -23.829165 0.037536 0.0782 0.112608
v 25.14353 -5.5 -23.829165 0.064589 0.13456 0.193767
v 28.39353 -5.5 -18.2 0.064589 0.13456 0.193767
v 20.89353 9.5 -17.9 0.064589 0.13456 0.193767
v 21.89353 -5.5 -18.2 0.037536 0.0782 0.112608
v 28.39353 -5.5 -18.2 0.037536 0.0782 0.112608
v 25.14353 -5.5 -23.829165 0.037536 0.0782 0.112608
v -18.272222 -5 -14.8 0.090504 0.188549 0.271511
v -21.272222 -5 -9.603848 0.090504 0.188549 0.271511
v -23.172222 10 -15.2 0.090504 0.188549 0.271511
v -24.272222 -5 -14.8 0.039744 0.0828 0.119232
v -21.272222 -5 -9.603848 0.039744 0.0828 0.119232
v -18.272222 -5 -14.8 0.039744 0.0828 0.119232
v -21.272222 -5 -9.603848 0.098147 0.204474 0.294442
v -27.272222 -5 -9.603848 0.098147 0.204474 0.294442
v -23.172222 10 -15.2 0.098147 0.204474 0.294442
v -24.272222 -5 -14.8 0.039744 0.0828 0.119232
v -27.272222 -5 -9.603848 0.039744 0.0828 0.119232
v -21.272222 -5 -9.603848 0.039744 0.0828 0.119232
v -27.272222 -5 -9.603848 0.083676 0.174324 0.251027
v -30.272222 -5 -14.8 0.083676 0.174324 0.251027
v -23.172222 10 -15.2 0.083676 0.174324 0.251027
v -24.272222 -5 -14.8 0.039744 0.0828 0.119232
v -30.272222 -5 -14.8 0.039744 0.0828 0.119232
v -27.272222 -5 -9.603848 0.039744 0.0828 0.119232
v -30.272222 -5 -14.8 0.06156 0.128251 0.184681
v -27.272222 -5 -19.996152 0.06156 0.128251 0.184681
v -23.172222 10 -15.2 0.06156 0.128251 0.184681
v -24.272222 -5 -14.8 0.039744 0.0828 0.119232
v -27.272222 -5 -19.996152 0.039744 0.0828 0.119232
v -30.272222 -5 -14.8 0.039744 0.0828 0.119232
v -27.272222 -5 -19.996152 0.053917 0.112326 0.16175
v -21.272222 -5 -19.996152 0.053917 0.112326 0.16175
v -23.172222 10 -15.2 0.053917 0.112326 0.16175
v -24.272222 -5 -14.8 0.039744 0.0828 0.119232
v -21.272222 -5 -19.996152 0.039744 0.0828 0.119232
v -27.272222 -5 -19.996152 0.039744 0.0828 0.119232
v -21.272222 -5 -19.996152 0.068388 0.142476 0.205165
v -18.272222 -5 -14.8 0.068388 0.142476 0.205165
v -23.172222 10 -15.2 0.068388 0.142476 0.205165
v -24.272222 -5 -14.8 0.039744 0.0828 0.119232
v -18.272222 -5 -14.8 0.039744 0.0828 0.119232
v -21.272222 -5 -19.996152 0.039744 0.0828 0.119232
v 31.636111 -5.5 -13.4 0.095532 0.199024 0.286595
v 27.886111 -5.5 -6.904809 0.095532 0.199024 0.286595
v 23.136111 14.5 -13.1 0.095532 0.199024 0.286595
v 24.136111 -5.5 -13.4 0.041952 0.0874 0.125856
v 27.886111 -5.5 -6.904809 0.041952 0.0874 0.125856
v 31.636111 -5.5 -13.4 0.041952 0.0874 0.125856
v 27.886111 -5.5 -6.904809 0.1036 0.215833 0.3108
v 20.386111 -5.5 -6.904809 0.1036 0.215833 0.3108
v 23.136111 14.5 -13.1 0.1036 0.215833 0.3108
v 24.136111 -5.5 -13.4 0.041952 0.0874 0.125856
v 20.386111 -5.5 -6.904809 0.041952 0.0874 0.125856
v 27.886111 -5.5 -6.904809 0.041952 0.0874 0.125856
v 20.386111 -5.5 -6.904809 0.088324 0.184009 0.264973
v 16.636111 -5.5 -13.4 0.088324 0.184009 0.264973
v 23.136111 14.5 -13.1 0.088324 0.184009 0.264973
v 24.136111 -5.5 -13.4 0.041952 0.0874 0.125856
v 16.636111 -5.5 -13.4 0.041952 0.0874 0.125856
v 20.386111 -5.5 -6.904809 0.041952 0.0874 0.125856
v 16.636111 -5.5 -13.4 0.06498 0.135376 0.194941
v 20.386111 -5.5 -19.895191 0.06498 0.135376 0.194941
v 23.136111 14.5 -13.1 0.06498 0.135376 0.194941
v 24.136111 -5.5 -13.4 0.041952 0.0874 0.125856
v 20.386111 -5.5 -19.895191 0.041952 0.0874 0.125856
v 16.636111 -5.5 -13.4 0.041952 0.0874 0.125856
v 20.386111 -5.5 -19.895191 0.056912 0.118567 0.170736
v 27.886111 -5.5 -19.895191 0.056912 0.118567 0.170736
v 23.136111 14.5 -13.1 0.056912 0.118567 0.170736
v 24.136111 -5.5 -13.4 0.041952 0.0874 0.125856
v 27.886111 -5.5 -19.895191 0.041952 0.0874 0.125856
v 20.386111 -5.5 -19.895191 0.041952 0.0874 0.125856
v 27.886111 -5.5 -19.895191 0.072188 0.150391 0.216563
v 31.636111 -5.5 -13.4 0.072188 0.150391 0.216563
v 23.136111 14.5 -13.1 0.072188 0.150391 0.216563
v 24.136111 -5.5 -13.4 0.041952 0.0874 0.125856
v 31.636111 -5.5 -13.4 0.041952 0.0874 0.125856
v 27.886111 -5.5 -19.895191 0.041952 0.0874 0.125856
v -13.085219 -5 -10 0.105588 0.219974 0.316763
v -16.585219 -5 -3.937822 0.105588 0.219974 0.316763
v -18.985219 17 -10.4 0.105588 0.219974 0.316763
v -20.085219 -5 -10 0.046368 0.0966 0.139104
v -16.585219 -5 -3.937822 0.046368 0.0966 0.139104
v -13.085219 -5 -10 0.046368 0.0966 0.139104
v -16.585219 -5 -3.937822 0.114505 0.238553 0.343516
v -23.585219 -5 -3.937822 0.114505 0.238553 0.343516
v -18.985219 17 -10.4 0.114505 0.238553 0.343516
v -20.085219 -5 -10 0.046368 0.0966 0.139104
v -23.585219 -5 -3.937822 0.046368 0.0966 0.139104
v -16.585219 -5 -3.937822 0.046368 0.0966 0.139104
v -23.585219 -5 -3.937822 0.097622 0.203378 0.292865
v -27.085219 -5 -10 0.097622 0.203378 0.292865
v -18.985219 17 -10.4 0.097622 0.203378 0.292865
v -20.085219 -5 -10 0.046368 0.0966 0.139104
v -27.085219 -5 -10 0.046368 0.0966 0.139104
v -23.585219 -5 -3.937822 0.046368 0.0966 0.139104
v -27.085219 -5 -10 0.07182 0.149626 0.215461
v -23.585219 -5 -16.062178 0.07182 0.149626 0.215461
v -18.985219 17 -10.4 0.07182 0.149626 0.215461
v -20.085219 -5 -10 0.046368 0.0966 0.139104
v -23.585219 -5 -16.062178 0.046368 0.0966 0.139104
v -27.085219 -5 -10 0.046368 0.0966 0.139104
v -23.585219 -5 -16.062178 0.062903 0.131047 0.188708
v -16.585219 -5 -16.062178 0.062903 0.131047 0.188708
v -18.985219 17 -10.4 0.062903 0.131047 0.188708
v -20.085219 -5 -10 0.046368 0.0966 0.139104
v -16.585219 -5 -16.062178 0.046368 0.0966 0.139104
v -23.585219 -5 -16.062178 0.046368 0.0966 0.139104
v -16.585219 -5 -16.062178 0.079786 0.166222 0.239359
v -13.085219 -5 -10 0.079786 0.166222 0.239359
v -18.985219 17 -10.4 0.079786 0.166222 0.239359
v -20.085219 -5 -10 0.046368 0.0966 0.139104
v -13.085219 -5 -10 0.046368 0.0966 0.139104
v -16.585219 -5 -16.062178 0.046368 0.0966 0.139104
v 27.542609 -5.5 -8.6 0.105588 0.219974 0.316763
v 24.792609 -5.5 -3.83686 0.105588 0.219974 0.316763
v 21.042609 19.5 -8.3 0.105588 0.219974 0.316763
v 22.042609 -5.5 -8.6 0.046368 0.0966 0.139104
v 24.792609 -5.5 -3.83686 0.046368 0.0966 0.139104
v 27.542609 -5.5 -8.6 0.046368 0.0966 0.139104
v 24.792609 -5.5 -3.83686 0.114505 0.238553 0.343516
v 19.292609 -5.5 -3.83686 0.114505 0.238553 0.343516
v 21.042609 19.5 -8.3 0.114505 0.238553 0.343516
v 22.042609 -5.5 -8.6 0.046368 0.0966 0.139104
v 19.292609 -5.5 -3.83686 0.046368 0.0966 0.139104
v 24.792609 -5.5 -3.83686 0.046368 0.0966 0.139104
v 19.292609 -5.5 -3.83686 0.097622 0.203378 0.292865
v 16.542609 -5.5 -8.6 0.097622 0.203378 0.292865
v 21.042609 19.5 -8.3 0.097622 0.203378 0.292865
v 22.042609 -5.5 -8.6 0.046368 0.0966 0.139104
v 16.542609 -5.5 -8.6 0.046368 0.0966 0.139104
v 19.292609 -5.5 -3.83686 0.046368 0.0966 0.139104
v 16.542609 -5.5 -8.6 0.07182 0.149626 0.215461
v 19.292609 -5.5 -13.36314 0.07182 0.149626 0.215461
v 21.042609 19.5 -8.3 0.07182 0.149626 0.215461
v 22.042609 -5.5 -8.6 0.046368 0.0966 0.139104
v 19.292609 -5.5 -13.36314 0.046368 0.0966 0.139104
v 16.542609 -5.5 -8.6 0.046368 0.0966 0.139104
v 19.292609 -5.5 -13.36314 0.062903 0.131047 0.188708
v 24.792609 -5.5 -13.36314 0.062903 0.131047 0.188708
v 21.042609 19.5 -8.3 0.062903 0.131047 0.188708
v 22.042609 -5.5 -8.6 0.046368 0.0966 0.139104
v 24.792609 -5.5 -13.36314 0.046368 0.0966 0.139104
v 19.292609 -5.5 -13.36314 0.046368 0.0966 0.139104
v 24.792609 -5.5 -13.36314 0.079786 0.166222 0.239359
v 27.542609 -5.5 -8.6 0.079786 0.166222 0.239359
v 21.042609 19.5 -8.3 0.079786 0.166222 0.239359
v 22.042609 -5.5 -8.6 0.046368 0.0966 0.139104
v 27.542609 -5.5 -8.6 0.046368 0.0966 0.139104
v 24.792609 -5.5 -13.36314 0.046368 0.0966 0.139104
v -18.206172 -5 -5.2 0.090504 0.188549 0.271511
v -20.706172 -5 -0.869873 0.090504 0.188549 0.271511
v -22.106172 11 -5.6 0.090504 0.188549 0.271511
v -23.206172 -5 -5.2 0.039744 0.0828 0.119232
v -20.706172 -5 -0.869873 0.039744 0.0828 0.119232
v -18.206172 -5 -5.2 0.039744 0.0828 0.119232
v -20.706172 -5 -0.869873 0.098147 0.204474 0.294442
v -25.706172 -5 -0.869873 0.098147 0.204474 0.294442
v -22.106172 11 -5.6 0.098147 0.204474 0.294442
v -23.206172 -5 -5.2 0.039744 0.0828 0.119232
v -25.706172 -5 -0.869873 0.039744 0.0828 0.119232
v -20.706172 -5 -0.869873 0.039744 0.0828 0.119232
v -25.706172 -5 -0.869873 0.083676 0.174324 0.251027
v -28.206172 -5 -5.2 0.083676 0.174324 0.251027
v -22.106172 11 -5.6 0.083676 0.174324 0.251027
v -23.206172 -5 -5.2 0.039744 0.0828 0.119232
v -28.206172 -5 -5.2 0.039744 0.0828 0.119232
v -25.706172 -5 -0.869873 0.039744 0.0828 0.119232
v -28.206172 -5 -5.2 0.06156 0.128251 0.184681
v -25.706172 -5 -9.530127 0.06156 0.128251 0.184681
v -22.106172 11 -5.6 0.06156 0.128251 0.184681
v -23.206172 -5 -5.2 0.039744 0.0828 0.119232
v -25.706172 -5 -9.530127 0.039744 0.0828 0.119232
v -28.206172 -5 -5.2 0.039744 0.0828 0.119232
v -25.706172 -5 -9.530127 0.053917 0.112326 0.16175
v -20.706172 -5 -9.530127 0.053917 0.112326 0.16175
v -22.106172 11 -5.6 0.053917 0.112326 0.16175
v -23.206172 -5 -5.2 0.039744 0.0828 0.119232
v -20.706172 -5 -9.530127 0.039744 0.0828 0.119232
v -25.706172 -5 -9.530127 0.039744 0.0828 0.119232
v -20.706172 -5 -9.530127 0.068388 0.142476 0.205165
v -18.206172 -5 -5.2 0.068388 0.142476 0.205165
v -22.106172 11 -5.6 0.068388 0.142476 0.205165
v -23.206172 -5 -5.2 0.039744 0.0828 0.119232
v -18.206172 -5 -5.2 0.039744 0.0828 0.119232
v -20.706172 -5 -9.530127 0.039744 0.0828 0.119232
v 30.103086 -5.5 -3.8 0.085476 0.178074 0.256427
v 26.853086 -5.5 1.829165 0.085476 0.178074 0.256427
v 22.603086 9.5 -3.5 0.085476 0.178074 0.256427
v 23.603086 -5.5 -3.8 0.037536 0.0782 0.112608
v 26.853086 -5.5 1.829165 0.037536 0.0782 0.112608
v 30.103086 -5.5 -3.8 0.037536 0.0782 0.112608
v 26.853086 -5.5 1.829165 0.092695 0.193114 0.278084
v 20.353086 -5.5 1.829165 0.092695 0.193114 0.278084
v 22.603086 9.5 -3.5 0.092695 0.193114 0.278084
v 23.603086 -5.5 -3.8 0.037536 0.0782 0.112608
v 20.353086 -5.5 1.829165 0.037536 0.0782 0.112608
v 26.853086 -5.5 1.829165 0.037536 0.0782 0.112608
v 20.353086 -5.5 1.829165 0.079027 0.16464 0.237081
v 17.103086 -5.5 -3.8 0.079027 0.16464 0.237081
v 22.603086 9.5 -3.5 0.079027 0.16464 0.237081
v 23.603086 -5.5 -3.8 0.037536 0.0782 0.112608
v 17.103086 -5.5 -3.8 0.037536 0.0782 0.112608
v 20.353086 -5.5 1.829165 0.037536 0.0782 0.112608
v 17.103086 -5.5 -3.8 0.05814 0.121126 0.174421
v 20.353086 -5.5 -9.429165 0.05814 0.121126 0.174421
v 22.603086 9.5 -3.5 0.05814 0.121126 0.174421
v 23.603086 -5.5 -3.8 0.037536 0.0782 0.112608
v 20.353086 -5.5 -9.429165 0.037536 0.0782 0.112608
v 17.103086 -5.5 -3.8 0.037536 0.0782 0.112608
v 20.353086 -5.5 -9.429165 0.050921 0.106086 0.152764
v 26.853086 -5.5 -9.429165 0.050921 0.106086 0.152764
v 22.603086 9.5 -3.5 0.050921 0.106086 0.152764
v 23.603086 -5.5 -3.8 0.037536 0.0782 0.112608
v 26.853086 -5.5 -9.429165 0.037536 0.0782 0.112608
v 20.353086 -5.5 -9.429165 0.037536 0.0782 0.112608
v 26.853086 -5.5 -9.429165 0.064589 0.13456 0.193767
v 30.103086 -5.5 -3.8 0.064589 0.13456 0.193767
v 22.603086 9.5 -3.5 0.064589 0.13456 0.193767
v 23.603086 -5.5 -3.8 0.037536 0.0782 0.112608
v 30.103086 -5.5 -3.8 0.037536 0.0782 0.112608
v 26.853086 -5.5 -9.429165 0.037536 0.0782 0.112608
v -15.723648 -5 -0.4 0.105588 0.219974 0.316763
v -18.723648 -5 4.796152 0.105588 0.219974 0.316763
v -20.623648 18 -0.8 0.105588 0.219974 0.316763
v -21.723648 -5 -0.4 0.046368 0.0966 0.139104
v -18.723648 -5 4.796152 0.046368 0.0966 0.139104
v -15.723648 -5 -0.4 0.046368 0.0966 0.139104
v -18.723648 -5 4.796152 0.114505 0.238553 0.343516
v -24.723648 -5 4.796152 0.114505 0.238553 0.343516
v -20.623648 18 -0.8 0.114505 0.238553 0.343516
v -21.723648 -5 -0.4 0.046368 0.0966 0.139104
v -24.723648 -5 4.796152 0.046368 0.0966 0.139104
v -18.723648 -5 4.796152 0.046368 0.0966 0.139104
v -24.723648 -5 4.796152 0.097622 0.203378 0.292865
v -27.723648 -5 -0.4 0.097622 0.203378 0.292865
v -20.623648 18 -0.8 0.097622 0.203378 0.292865
v -21.723648 -5 -0.4 0.046368 0.0966 0.139104
v -27.723648 -5 -0.4 0.046368 0.0966 0.139104
v -24.723648 -5 4.796152 0.046368 0.0966 0.139104
v -27.723648 -5 -0.4 0.07182 0.149626 0.215461
v -24.723648 -5 -5.596152 0.07182 0.149626 0.215461
v -20.623648 18 -0.8 0.07182 0.149626 0.215461
v -21.723648 -5 -0.4 0.046368 0.0966 0.139104
v -24.723648 -5 -5.596152 0.046368 0.0966 0.139104
v -27.723648 -5 -0.4 0.046368 0.0966 0.139104
v -24.723648 -5 -5.596152 0.062903 0.131047 0.188708
v -18.723648 -5 -5.596152 0.062903 0.131047 0.188708
v -20.623648 18 -0.8 0.062903 0.131047 0.188708
v -21.723648 -5 -0.4 0.046368 0.0966 0.139104
v -18.723648 -5 -5.596152 0.046368 0.0966 0.139104
v -24.723648 -5 -5.596152 0.046368 0.0966 0.139104
v -18.723648 -5 -5.596152 0.079786 0.166222 0.239359
v -15.723648 -5 -0.4 0.079786 0.166222 0.239359
v -20.623648 18 -0.8 0.079786 0.166222 0.239359
v -21.723648 -5 -0.4 0.046368 0.0966 0.139104
v -15.723648 -5 -0.4 0.046368 0.0966 0.139104
v -18.723648 -5 -5.596152 0.046368 0.0966 0.139104
v 30.361824 -5.5 1 0.095532 0.199024 0.286595
v 26.611824 -5.5 7.495191 0.095532 0.199024 0.286595
v 21.861824 14.5 1.3 0.095532 0.199024 0.286595
v 22.861824 -5.5 1 0.041952 0.0874 0.125856
v 26.611824 -5.5 7.495191 0.041952 0.0874 0.125856
v 30.361824 -5.5 1 0.041952 0.0874 0.125856
v 26.611824 -5.5 7.495191 0.1036 0.215833 0.3108
v 19.111824 -5.5 7.495191 0.1036 0.215833 0.3108
v 21.861824 14.5 1.3 0.1036 0.215833 0.3108
v 22.861824 -5.5 1 0.041952 0.0874 0.125856
v 19.111824 -5.5 7.495191 0.041952 0.0874 0.125856
v 26.611824 -5.5 7.495191 0.041952 0.0874 0.125856
v 19.111824 -5.5 7.495191 0.088324 0.184009 0.264973
v 15.361824 -5.5 1 0.088324 0.184009 0.264973
v 21.861824 14.5 1.3 0.088324 0.184009 0.264973
v 22.861824 -5.5 1 0.041952 0.0874 0.125856
v 15.361824 -5.5 1 0.041952 0.0874 0.125856
v 19.111824 -5.5 7.495191 0.041952 0.0874 0.125856
v 15.361824 -5.5 1 0.06498 0.135376 0.194941
v 19.111824 -5.5 -5.495191 0.06498 0.135376 0.194941
v 21.861824 14.5 1.3 0.06498 0.135376 0.194941
v 22.861824 -5.5 1 0.041952 0.0874 0.125856
v 19.111824 -5.5 -5.495191 0.041952 0.0874 0.125856
v 15.361824 -5.5 1 0.041952 0.0874 0.125856
v 19.111824 -5.5 -5.495191 0.056912 0.118567 0.170736
v 26.611824 -5.5 -5.495191 0.056912 0.118567 0.170736
v 21.861824 14.5 1.3 0.056912 0.118567 0.170736
v 22.861824 -5.5 1 0.041952 0.0874 0.125856
v 26.611824 -5.5 -5.495191 0.041952 0.0874 0.125856
v 19.111824 -5.5 -5.495191 0.041952 0.0874 0.125856
v 26.611824 -5.5 -5.495191 0.072188 0.150391 0.216563
v 30.361824 -5.5 1 0.072188 0.150391 0.216563
v 21.861824 14.5 1.3 0.072188 0.150391 0.216563
v 22.861824 -5.5 1 0.041952 0.0874 0.125856
v 30.361824 -5.5 1 0.041952 0.0874 0.125856
v 26.611824 -5.5 -5.495191 0.041952 0.0874 0.125856
v -14.29585 -5 4.4 0.090504 0.188549 0.271511
v -17.79585 -5 10.462178 0.090504 0.188549 0.271511
v -20.19585 12 4 0.090504 0.188549 0.271511
v -21.29585 -5 4.4 0.039744 0.0828 0.119232
v -17.79585 -5 10.462178 0.039744 0.0828 0.119232
v -14.29585 -5 4.4 0.039744 0.0828 0.119232
v -17.79585 -5 10.462178 0.098147 0.204474 0.294442
v -24.79585 -5 10.462178 0.098147 0.204474 0.294442
v -20.19585 12 4 0.098147 0.204474 0.294442
v -21.29585 -5 4.4 0.039744 0.0828 0.119232
v -24.79585 -5 10.462178 0.039744 0.0828 0.119232
v -17.79585 -5 10.462178 0.039744 0.0828 0.119232
v -24.79585 -5 10.462178 0.083676 0.174324 0.251027
v -28.29585 -5 4.4 0.083676 0.174324 0.251027
v -20.19585 12 4 0.083676 0.174324 0.251027
v -21.29585 -5 4.4 0.039744 0.0828 0.119232
v -28.29585 -5 4.4 0.039744 0.0828 0.119232
v -24.79585 -5 10.462178 0.039744 0.0828 0.119232
v -28.29585 -5 4.4 0.06156 0.128251 0.184681
v -24.79585 -5 -1.662178 0.06156 0.128251 0.184681
v -20.19585 12 4 0.06156 0.128251 0.184681
v -21.29585 -5 4.4 0.039744 0.0828 0.119232
v -24.79585 -5 -1.662178 0.039744 0.0828 0.119232
v -28.29585 -5 4.4 0.039744 0.0828 0.119232
v -24.79585 -5 -1.662178 0.053917 0.112326 0.16175
v -17.79585 -5 -1.662178 0.053917 0.112326 0.16175
v -20.19585 12 4 0.053917 0.112326 0.16175
v -21.29585 -5 4.4 0.039744 0.0828 0.119232
v -17.79585 -5 -1.662178 0.039744 0.0828 0.119232
v -24.79585 -5 -1.662178 0.039744 0.0828 0.119232
v -17.79585 -5 -1.662178 0.068388 0.142476 0.205165
v -14.29585 -5 4.4 0.068388 0.142476 0.205165
v -20.19585 12 4 0.068388 0.142476 0.205165
v -21.29585 -5 4.4 0.039744 0.0828 0.119232
v -14.29585 -5 4.4 0.039744 0.0828 0.119232
v -17.79585 -5 -1.662178 0.039744 0.0828 0.119232
v 28.147925 -5.5 5.8 0.105588 0.219974 0.316763
v 25.397925 -5.5 10.56314 0.105588 0.219974 0.316763
v 21.647925 19.5 6.1 0.105588 0.219974 0.316763
v 22.647925 -5.5 5.8 0.046368 0.0966 0.139104
v 25.397925 -5.5 10.56314 0.046368 0.0966 0.139104
v 28.147925 -5.5 5.8 0.046368 0.0966 0.139104
v 25.397925 -5.5 10.56314 0.114505 0.238553 0.343516
v 19.897925 -5.5 10.56314 0.114505 0.238553 0.343516
v 21.647925 19.5 6.1 0.114505 0.238553 0.343516
v 22.647925 -5.5 5.8 0.046368 0.0966 0.139104
v 19.897925 -5.5 10.56314 0.046368 0.0966 0.139104
v 25.397925 -5.5 10.56314 0.046368 0.0966 0.139104
v 19.897925 -5.5 10.56314 0.097622 0.203378 0.292865
v 17.147925 -5.5 5.8 0.097622 0.203378 0.292865
v 21.647925 19.5 6.1 0.097622 0.203378 0.292865
v 22.647925 -5.5 5.8 0.046368 0.0966 0.139104
v 17.147925 -5.5 5.8 0.046368 0.0966 0.139104
v 19.897925 -5.5 10.56314 0.046368 0.0966 0.139104
v 17.147925 -5.5 5.8 0.07182 0.149626 0.215461
v 19.897925 -5.5 1.03686 0.07182 0.149626 0.215461
v 21.647925 19.5 6.1 0.07182 0.149626 0.215461
v 22.647925 -5.5 5.8 0.046368 0.0966 0.139104
v 19.897925 -5.5 1.03686 0.046368 0.0966 0.139104
v 17.147925 -5.5 5.8 0.046368 0.0966 0.139104
v 19.897925 -5.5 1.03686 0.062903 0.131047 0.188708
v 25.397925 -5.5 1.03686 0.062903 0.131047 0.188708
v 21.647925 19.5 6.1 0.062903 0.131047 0.188708
v 22.647925 -5.5 5.8 0.046368 0.0966 0.139104
v 25.397925 -5.5 1.03686 0.046368 0.0966 0.139104
v 19.897925 -5.5 1.03686 0.046368 0.0966 0.139104
v 25.397925 -5.5 1.03686 0.079786 0.166222 0.239359
v 28.147925 -5.5 5.8 0.079786 0.166222 0.239359
v 21.647925 19.5 6.1 0.079786 0.166222 0.239359
v 22.647925 -5.5 5.8 0.046368 0.0966 0.139104
v 28.147925 -5.5 5.8 0.046368 0.0966 0.139104
v 25.397925 -5.5 1.03686 0.046368 0.0966 0.139104
v -18.555512 -5 9.2 0.105588 0.219974 0.316763
v -21.055512 -5 13.530127 0.105588 0.219974 0.316763
v -22.455512 19 8.8 0.105588 0.219974 0.316763
v -23.555512 -5 9.2 0.046368 0.0966 0.139104
v -21.055512 -5 13.530127 0.046368 0.0966 0.139104
v -18.555512 -5 9.2 0.046368 0.0966 0.139104
v -21.055512 -5 13.530127 0.114505 0.238553 0.343516
v -26.055512 -5 13.530127 0.114505 0.238553 0.343516
v -22.455512 19 8.8 0.114505 0.238553 0.343516
v -23.555512 -5 9.2 0.046368 0.0966 0.139104
v -26.055512 -5 13.530127 0.046368 0.0966 0.139104
v -21.055512 -5 13.530127 0.046368 0.0966 0.139104
v -26.055512 -5 13.530127 0.097622 0.203378 0.292865
v -28.555512 -5 9.2 0.097622 0.203378 0.292865
v -22.455512 19 8.8 0.097622 0.203378 0.292865
v -23.555512 -5 9.2 0.046368 0.0966 0.139104
v -28.555512 -5 9.2 0.046368 0.0966 0.139104
v -26.055512 -5 13.530127 0.046368 0.0966 0.139104
v -28.555512 -5 9.2 0.07182 0.149626 0.215461
v -26.055512 -5 4.869873 0.07182 0.149626 0.215461
v -22.455512 19 8.8 0.07182 0.149626 0.215461
v -23.555512 -5 9.2 0.046368 0.0966 0.139104
v -26.055512 -5 4.869873 0.046368 0.0966 0.139104
v -28.555512 -5 9.2 0.046368 0.0966 0.139104
v -26.055512 -5 4.869873 0.062903 0.131047 0.188708
v -21.055512 -5 4.869873 0.062903 0.131047 0.188708
v -22.455512 19 8.8 0.062903 0.131047 0.188708
v -23.555512 -5 9.2 0.046368 0.0966 0.139104
v -21.055512 -5 4.869873 0.046368 0.0966 0.139104
v -26.055512 -5 4.869873 0.046368 0.0966 0.139104
v -21.055512 -5 4.869873 0.079786 0.166222 0.239359
v -18.555512 -5 9.2 0.079786 0.166222 0.239359
v -22.455512 19 8.8 0.079786 0.166222 0.239359
v -23.555512 -5 9.2 0.046368 0.0966 0.139104
v -18.555512 -5 9.2 0.046368 0.0966 0.139104
v -21.055512 -5 4.869873 0.046368 0.0966 0.139104
v 30.277756 -5.5 10.6 0.085476 0.178074 0.256427
v 27.027756 -5.5 16.229165 0.085476 0.178074 0.256427
v 22.777756 9.5 10.9 0.085476 0.178074 0.256427
v 23.777756 -5.5 10.6 0.037536 0.0782 0.112608
v 27.027756 -5.5 16.229165 0.037536 0.0782 0.112608
v 30.277756 -5.5 10.6 0.037536 0.0782 0.112608
v 27.027756 -5.5 16.229165 0.092695 0.193114 0.278084
v 20.527756 -5.5 16.229165 0.092695 0.193114 0.278084
v 22.777756 9.5 10.9 0.092695 0.193114 0.278084
v 23.777756 -5.5 10.6 0.037536 0.0782 0.112608
v 20.527756 -5.5 16.229165 0.037536 0.0782 0.112608
v 27.027756 -5.5 16.229165 0.037536 0.0782 0.112608
v 20.527756 -5.5 16.229165 0.079027 0.16464 0.237081
v 17.277756 -5.5 10.6 0.079027 0.16464 0.237081
v 22.777756 9.5 10.9 0.079027 0.16464 0.237081
v 23.777756 -5.5 10.6 0.037536 0.0782 0.112608
v 17.277756 -5.5 10.6 0.037536 0.0782 0.112608
v 20.527756 -5.5 16.229165 0.037536 0.0782 0.112608
v 17.277756 -5.5 10.6 0.05814 0.121126 0.174421
v 20.527756 -5.5 4.970835 0.05814 0.121126 0.174421
v 22.777756 9.5 10.9 0.05814 0.121126 0.174421
v 23.777756 -5.5 10.6 0.037536 0.0782 0.112608
v 20.527756 -5.5 4.970835 0.037536 0.0782 0.112608
v 17.277756 -5.5 10.6 0.037536 0.0782 0.112608
v 20.527756 -5.5 4.970835 0.050921 0.106086 0.152764
v 27.027756 -5.5 4.970835 0.050921 0.106086 0.152764
v 22.777756 9.5 10.9 0.050921 0.106086 0.152764
v 23.777756 -5.5 10.6 0.037536 0.0782 0.112608
v 27.027756 -5.5 4.970835 0.037536 0.0782 0.112608
v 20.527756 -5.5 4.970835 0.037536 0.0782 0.112608
v 27.027756 -5.5 4.970835 0.064589 0.13456 0.193767
v 30.277756 -5.5 10.6 0.064589 0.13456 0.193767
v 22.777756 9.5 10.9 0.064589 0.13456 0.193767
v 23.777756 -5.5 10.6 0.037536 0.0782 0.112608
v 30.277756 -5.5 10.6 0.037536 0.0782 0.112608
v 27.027756 -5.5 4.970835 0.037536 0.0782 0.112608
v -13.878405 -5 14 0.090504 0.188549 0.271511
v -16.878405 -5 19.196152 0.090504 0.188549 0.271511
v -18.778405 13 13.6 0.090504 0.188549 0.271511
v -19.878405 -5 14 0.039744 0.0828 0.119232
v -16.878405 -5 19.196152 0.039744 0.0828 0.119232
v -13.878405 -5 14 0.039744 0.0828 0.119232
v -16.878405 -5 19.196152 0.098147 0.204474 0.294442
v -22.878405 -5 19.196152 0.098147 0.204474 0.294442
v -18.778405 13 13.6 0.098147 0.204474 0.294442
v -19.878405 -5 14 0.039744 0.0828 0.119232
v -22.878405 -5 19.196152 0.039744 0.0828 0.119232
v -16.878405 -5 19.196152 0.039744 0.0828 0.119232
v -22.878405 -5 19.196152 0.083676 0.174324 0.251027
v -25.878405 -5 14 0.083676 0.174324 0.251027
v -18.778405 13 13.6 0.083676 0.174324 0.251027
v -19.878405 -5 14 0.039744 0.0828 0.119232
v -25.878405 -5 14 0.039744 0.0828 0.119232
v -22.878405 -5 19.196152 0.039744 0.0828 0.119232
v -25.878405 -5 14 0.06156 0.128251 0.184681
v -22.878405 -5 8.803848 0.06156 0.128251 0.184681
v -18.778405 13 13.6 0.06156 0.128251 0.184681
v -19.878405 -5 14 0.039744 0.0828 0.119232
v -22.878405 -5 8.803848 0.039744 0.0828 0.119232
v -25.878405 -5 14 0.039744 0.0828 0.119232
v -22.878405 -5 8.803848 0.053917 0.112326 0.16175
v -16.878405 -5 8.803848 0.053917 0.112326 0.16175
v -18.778405 13 13.6 0.053917 0.112326 0.16175
v -19.878405 -5 14 0.039744 0.0828 0.119232
v -16.878405 -5 8.803848 0.039744 0.0828 0.119232
v -22.878405 -5 8.803848 0.039744 0.0828 0.119232
v -16.878405 -5 8.803848 0.068388 0.142476 0.205165
v -13.878405 -5 14 0.068388 0.142476 0.205165
v -18.778405 13 13.6 0.068388 0.142476 0.205165
v -19.878405 -5 14 0.039744 0.0828 0.119232
v -13.878405 -5 14 0.039744 0.0828 0.119232
v -16.878405 -5 8.803848 0.039744 0.0828 0.119232
v 29.439202 -5.5 15.4 0.095532 0.199024 0.286595
v 25.689202 -5.5 21.895191 0.095532 0.199024 0.286595
v 20.939202 14.5 15.7 0.095532 0.199024 0.286595
v 21.939202 -5.5 15.4 0.041952 0.0874 0.125856
v 25.689202 -5.5 21.895191 0.041952 0.0874 0.125856
v 29.439202 -5.5 15.4 0.041952 0.0874 0.125856
v 25.689202 -5.5 21.895191 0.1036 0.215833 0.3108
v 18.189202 -5.5 21.895191 0.1036 0.215833 0.3108
v 20.939202 14.5 15.7 0.1036 0.215833 0.3108
v 21.939202 -5.5 15.4 0.041952 0.0874 0.125856
v 18.189202 -5.5 21.895191 0.041952 0.0874 0.125856
v 25.689202 -5.5 21.895191 0.041952 0.0874 0.125856
v 18.189202 -5.5 21.895191 0.088324 0.184009 0.264973
v 14.439202 -5.5 15.4 0.088324 0.184009 0.264973
v 20.939202 14.5 15.7 0.088324 0.184009 0.264973
v 21.939202 -5.5 15.4 0.041952 0.0874 0.125856
v 14.439202 -5.5 15.4 0.041952 0.0874 0.125856
v 18.189202 -5.5 21.895191 0.041952 0.0874 0.125856
v 14.439202 -5.5 15.4 0.06498 0.135376 0.194941
v 18.189202 -5.5 8.904809 0.06498 0.135376 0.194941
v 20.939202 14.5 15.7 0.06498 0.135376 0.194941
v 21.939202 -5.5 15.4 0.041952 0.0874 0.125856
v 18.189202 -5.5 8.904809 0.041952 0.0874 0.125856
v 14.439202 -5.5 15.4 0.041952 0.0874 0.125856
v 18.189202 -5.5 8.904809 0.056912 0.118567 0.170736
v 25.689202 -5.5 8.904809 0.056912 0.118567 0.170736
v 20.939202 14.5 15.7 0.056912 0.118567 0.170736
v 21.939202 -5.5 15.4 0.041952 0.0874 0.125856
v 25.689202 -5.5 8.904809 0.041952 0.0874 0.125856
v 18.189202 -5.5 8.904809 0.041952 0.0874 0.125856
v 25.689202 -5.5 8.904809 0.072188 0.150391 0.216563
v 29.439202 -5.5 15.4 0.072188 0.150391 0.216563
v 20.939202 14.5 15.7 0.072188 0.150391 0.216563
v 21.939202 -5.5 15.4 0.041952 0.0874 0.125856
v 29.439202 -5.5 15.4 0.041952 0.0874 0.125856
v 25.689202 -5.5 8.904809 0.041952 0.0874 0.125856
v -17.298581 -5 18.8 0.105588 0.219974 0.316763
v -20.798581 -5 24.862178 0.105588 0.219974 0.316763
v -23.198581 20 18.4 0.105588 0.219974 0.316763
v -24.298581 -5 18.8 0.046368 0.0966 0.139104
v -20.798581 -5 24.862178 0.046368 0.0966 0.139104
v -17.298581 -5 18.8 0.046368 0.0966 0.139104
v -20.798581 -5 24.862178 0.114505 0.238553 0.343516
v -27.798581 -5 24.862178 0.114505 0.238553 0.343516
v -23.198581 20 18.4 0.114505 0.238553 0.343516
v -24.298581 -5 18.8 0.046368 0.0966 0.139104
v -27.798581 -5 24.862178 0.046368 0.0966 0.139104
v -20.798581 -5 24.862178 0.046368 0.0966 0.139104
v -27.798581 -5 24.862178 0.097622 0.203378 0.292865
v -31.298581 -5 18.8 0.097622 0.203378 0.292865
v -23.198581 20 18.4 0.097622 0.203378 0.292865
v -24.298581 -5 18.8 0.046368 0.0966 0.139104
v -31.298581 -5 18.8 0.046368 0.0966 0.139104
v -27.798581 -5 24.862178 0.046368 0.0966 0.139104
v -31.298581 -5 18.8 0.07182 0.149626 0.215461
v -27.798581 -5 12.737822 0.07182 0.149626 0.215461
v -23.198581 20 18.4 0.07182 0.149626 0.215461
v -24.298581 -5 18.8 0.046368 0.0966 0.139104
v -27.798581 -5 12.737822 0.046368 0.0966 0.139104
v -31.298581 -5 18.8 0.046368 0.0966 0.139104
v -27.798581 -5 12.737822 0.062903 0.131047 0.188708
v -20.798581 -5 12.737822 0.062903 0.131047 0.188708
v -23.198581 20 18.4 0.062903 0.131047 0.188708
v -24.298581 -5 18.8 0.046368 0.0966 0.139104
v -20.798581 -5 12.737822 0.046368 0.0966 0.139104
v -27.798581 -5 12.737822 0.046368 0.0966 0.139104
v -20.798581 -5 12.737822 0.079786 0.166222 0.239359
v -17.298581 -5 18.8 0.079786 0.166222 0.239359
v -23.198581 20 18.4 0.079786 0.166222 0.239359
v -24.298581 -5 18.8 0.046368 0.0966 0.139104
v -17.298581 -5 18.8 0.046368 0.0966 0.139104
v -20.798581 -5 12.737822 0.046368 0.0966 0.139104
v 29.64929 -5.5 20.2 0.105588 0.219974 0.316763
v 26.89929 -5.5 24.96314 0.105588 0.219974 0.316763
v 23.14929 19.5 20.5 0.105588 0.219974 0.316763
v 24.14929 -5.5 20.2 0.046368 0.0966 0.139104
v 26.89929 -5.5 24.96314 0.046368 0.0966 0.139104
v 29.64929 -5.5 20.2 0.046368 0.0966 0.139104
v 26.89929 -5.5 24.96314 0.114505 0.238553 0.343516
v 21.39929 -5.5 24.96314 0.114505 0.238553 0.343516
v 23.14929 19.5 20.5 0.114505 0.238553 0.343516
v 24.14929 -5.5 20.2 0.046368 0.0966 0.139104
v 21.39929 -5.5 24.96314 0.046368 0.0966 0.139104
v 26.89929 -5.5 24.96314 0.046368 0.0966 0.139104
v 21.39929 -5.5 24.96314 0.097622 0.203378 0.292865
v 18.64929 -5.5 20.2 0.097622 0.203378 0.292865
v 23.14929 19.5 20.5 0.097622 0.203378 0.292865
v 24.14929 -5.5 20.2 0.046368 0.0966 0.139104
v 18.64929 -5.5 20.2 0.046368 0.0966 0.139104
v 21.39929 -5.5 24.96314 0.046368 0.0966 0.139104
v 18.64929 -5.5 20.2 0.07182 0.149626 0.215461
v 21.39929 -5.5 15.43686 0.07182 0.149626 0.215461
v 23.14929 19.5 20.5 0.07182 0.149626 0.215461
v 24.14929 -5.5 20.2 0.046368 0.0966 0.139104
v 21.39929 -5.5 15.43686 0.046368 0.0966 0.139104
v 18.64929 -5.5 20.2 0.046368 0.0966 0.139104
v 21.39929 -5.5 15.43686 0.062903 0.131047 0.188708
v 26.89929 -5.5 15.43686 0.062903 0.131047 0.188708
v 23.14929 19.5 20.5 0.062903 0.131047 0.188708
v 24.14929 -5.5 20.2 0.046368 0.0966 0.139104
v 26.89929 -5.5 15.43686 0.046368 0.0966 0.139104
v 21.39929 -5.5 15.43686 0.046368 0.0966 0.139104
v 26.89929 -5.5 15.43686 0.079786 0.166222 0.239359
v 29.64929 -5.5 20.2 0.079786 0.166222 0.239359
v 23.14929 19.5 20.5 0.079786 0.166222 0.239359
v 24.14929 -5.5 20.2 0.046368 0.0966 0.139104
v 29.64929 -5.5 20.2 0.046368 0.0966 0.139104
v 26.89929 -5.5 15.43686 0.046368 0.0966 0.139104
v -14.94599 -5 23.6 0.090504 0.188549 0.271511
v -17.44599 -5 27.930127 0.090504 0.188549 0.271511
v -18.84599 14 23.2 0.090504 0.188549 0.271511
v -19.94599 -5 23.6 0.039744 0.0828 0.119232
v -17.44599 -5 27.930127 0.039744 0.0828 0.119232
v -14.94599 -5 23.6 0.039744 0.0828 0.119232
v -17.44599 -5 27.930127 0.098147 0.204474 0.294442
v -22.44599 -5 27.930127 0.098147 0.204474 0.294442
v -18.84599 14 23.2 0.098147 0.204474 0.294442
v -19.94599 -5 23.6 0.039744 0.0828 0.119232
v -22.44599 -5 27.930127 0.039744 0.0828 0.119232
v -17.44599 -5 27.930127 0.039744 0.0828 0.119232
v -22.44599 -5 27.930127 0.083676 0.174324 0.251027
v -24.94599 -5 23.6 0.083676 0.174324 0.251027
v -18.84599 14 23.2 0.083676 0.174324 0.251027
v -19.94599 -5 23.6 0.039744 0.0828 0.119232
v -24.94599 -5 23.6 0.039744 0.0828 0.119232
v -22.44599 -5 27.930127 0.039744 0.0828 0.119232
v -24.94599 -5 23.6 0.06156 0.128251 0.184681
v -22.44599 -5 19.269873 0.06156 0.128251 0.184681
v -18.84599 14 23.2 0.06156 0.128251 0.184681
v -19.94599 -5 23.6 0.039744 0.0828 0.119232
v -22.44599 -5 19.269873 0.039744 0.0828 0.119232
v -24.94599 -5 23.6 0.039744 0.0828 0.119232
v -22.44599 -5 19.269873 0.053917 0.112326 0.16175
v -17.44599 -5 19.269873 0.053917 0.112326 0.16175
v -18.84599 14 23.2 0.053917 0.112326 0.16175
v -19.94599 -5 23.6 0.039744 0.0828 0.119232
v -17.44599 -5 19.269873 0.039744 0.0828 0.119232
v -22.44599 -5 19.269873 0.039744 0.0828 0.119232
v -17.44599 -5 19.269873 0.068388 0.142476 0.205165
v -14.94599 -5 23.6 0.068388 0.142476 0.205165
v -18.84599 14 23.2 0.068388 0.142476 0.205165
v -19.94599 -5 23.6 0.039744 0.0828 0.119232
v -14.94599 -5 23.6 0.039744 0.0828 0.119232
v -17.44599 -5 19.269873 0.039744 0.0828 0.119232
v 28.472995 -5.5 25 0.085476 0.178074 0.256427
v 25.222995 -5.5 30.629165 0.085476 0.178074 0.256427
v 20.972995 9.5 25.3 0.085476 0.178074 0.256427
v 21.972995 -5.5 25 0.037536 0.0782 0.112608
v 25.222995 -5.5 30.629165 0.037536 0.0782 0.112608
v 28.472995 -5.5 25 0.037536 0.0782 0.112608
v 25.222995 -5.5 30.629165 0.092695 0.193114 0.278084
v 18.722995 -5.5 30.629165 0.092695 0.193114 0.278084
v 20.972995 9.5 25.3 0.092695 0.193114 0.278084
v 21.972995 -5.5 25 0.037536 0.0782 0.112608
v 18.722995 -5.5 30.629165 0.037536 0.0782 0.112608
v 25.222995 -5.5 30.629165 0.037536 0.0782 0.112608
v 18.722995 -5.5 30.629165 0.079027 0.16464 0.237081
v 15.472995 -5.5 25 0.079027 0.16464 0.237081
v 20.972995 9.5 25.3 0.079027 0.16464 0.237081
v 21.972995 -5.5 25 0.037536 0.0782 0.112608
v 15.472995 -5.5 25 0.037536 0.0782 0.112608
v 18.722995 -5.5 30.629165 0.037536 0.0782 0.112608
v 15.472995 -5.5 25 0.05814 0.121126 0.174421
v 18.722995 -5.5 19.370835 0.05814 0.121126 0.174421
v 20.972995 9.5 25.3 0.05814 0.121126 0.174421
v 21.972995 -5.5 25 0.037536 0.0782 0.112608
v 18.722995 -5.5 19.370835 0.037536 0.0782 0.112608
v 15.472995 -5.5 25 0.037536 0.0782 0.112608
v 18.722995 -5.5 19.370835 0.050921 0.106086 0.152764
v 25.222995 -5.5 19.370835 0.050921 0.106086 0.152764
v 20.972995 9.5 25.3 0.050921 0.106086 0.152764
v 21.972995 -5.5 25 0.037536 0.0782 0.112608
v 25.222995 -5.5 19.370835 0.037536 0.0782 0.112608
v 18.722995 -5.5 19.370835 0.037536 0.0782 0.112608
v 25.222995 -5.5 19.370835 0.064589 0.13456 0.193767
v 28.472995 -5.5 25 0.064589 0.13456 0.193767
v 20.972995 9.5 25.3 0.064589 0.13456 0.193767
v 21.972995 -5.5 25 0.037536 0.0782 0.112608
v 28.472995 -5.5 25 0.037536 0.0782 0.112608
v 25.222995 -5.5 19.370835 0.037536 0.0782 0.112608
v -17.432736 -5 28.4 0.105588 0.219974 0.316763
v -20.432736 -5 33.596152 0.105588 0.219974 0.316763
v -22.332736 8 28 0.105588 0.219974 0.316763
v -23.432736 -5 28.4 0.046368 0.0966 0.139104
v -20.432736 -5 33.596152 0.046368 0.0966 0.139104
v -17.432736 -5 28.4 0.046368 0.0966 0.139104
v -20.432736 -5 33.596152 0.114505 0.238553 0.343516
v -26.432736 -5 33.596152 0.114505 0.238553 0.343516
v -22.332736 8 28 0.114505 0.238553 0.343516
v -23.432736 -5 28.4 0.046368 0.0966 0.139104
v -26.432736 -5 33.596152 0.046368 0.0966 0.139104
v -20.432736 -5 33.596152 0.046368 0.0966 0.139104
v -26.432736 -5 33.596152 0.097622 0.203378 0.292865
v -29.432736 -5 28.4 0.097622 0.203378 0.292865
v -22.332736 8 28 0.097622 0.203378 0.292865
v -23.432736 -5 28.4 0.046368 0.0966 0.139104
v -29.432736 -5 28.4 0.046368 0.0966 0.139104
v -26.432736 -5 33.596152 0.046368 0.0966 0.139104
v -29.432736 -5 28.4 0.07182 0.149626 0.215461
v -26.432736 -5 23.203848 0.07182 0.149626 0.215461
v -22.332736 8 28 0.07182 0.149626 0.215461
v -23.432736 -5 28.4 0.046368 0.0966 0.139104
v -26.432736 -5 23.203848 0.046368 0.0966 0.139104
v -29.432736 -5 28.4 0.046368 0.0966 0.139104
v -26.432736 -5 23.203848 0.062903 0.131047 0.188708
v -20.432736 -5 23.203848 0.062903 0.131047 0.188708
v -22.332736 8 28 0.062903 0.131047 0.188708
v -23.432736 -5 28.4 0.046368 0.0966 0.139104
v -20.432736 -5 23.203848 0.046368 0.0966 0.139104
v -26.432736 -5 23.203848 0.046368 0.0966 0.139104
v -20.432736 -5 23.203848 0.079786 0.166222 0.239359
v -17.432736 -5 28.4 0.079786 0.166222 0.239359
v -22.332736 8 28 0.079786 0.166222 0.239359
v -23.432736 -5 28.4 0.046368 0.0966 0.139104
v -17.432736 -5 28.4 0.046368 0.0966 0.139104
v -20.432736 -5 23.203848 0.046368 0.0966 0.139104
v 31.216368 -5.5 29.8 0.095532 0.199024 0.286595
v 27.466368 -5.5 36.295191 0.095532 0.199024 0.286595
v 22.716368 14.5 30.1 0.095532 0.199024 0.286595
v 23.716368 -5.5 29.8 0.041952 0.0874 0.125856
v 27.466368 -5.5 36.295191 0.041952 0.0874 0.125856
v 31.216368 -5.5 29.8 0.041952 0.0874 0.125856
v 27.466368 -5.5 36.295191 0.1036 0.215833 0.3108
v 19.966368 -5.5 36.295191 0.1036 0.215833 0.3108
v 22.716368 14.5 30.1 0.1036 0.215833 0.3108
v 23.716368 -5.5 29.8 0.041952 0.0874 0.125856
v 19.966368 -5.5 36.295191 0.041952 0.0874 0.125856
v 27.466368 -5.5 36.295191 0.041952 0.0874 0.125856
v 19.966368 -5.5 36.295191 0.088324 0.184009 0.264973
v 16.216368 -5.5 29.8 0.088324 0.184009 0.264973
v 22.716368 14.5 30.1 0.088324 0.184009 0.264973
v 23.716368 -5.5 29.8 0.041952 0.0874 0.125856
v 16.216368 -5.5 29.8 0.041952 0.0874 0.125856
v 19.966368 -5.5 36.295191 0.041952 0.0874 0.125856
v 16.216368 -5.5 29.8 0.06498 0.135376 0.194941
v 19.966368 -5.5 23.304809 0.06498 0.135376 0.194941
v 22.716368 14.5 30.1 0.06498 0.135376 0.194941
v 23.716368 -5.5 29.8 0.041952 0.0874 0.125856
v 19.966368 -5.5 23.304809 0.041952 0.0874 0.125856
v 16.216368 -5.5 29.8 0.041952 0.0874 0.125856
v 19.966368 -5.5 23.304809 0.056912 0.118567 0.170736
v 27.466368 -5.5 23.304809 0.056912 0.118567 0.170736
v 22.716368 14.5 30.1 0.056912 0.118567 0.170736
v 23.716368 -5.5 29.8 0.041952 0.0874 0.125856
v 27.466368 -5.5 23.304809 0.041952 0.0874 0.125856
v 19.966368 -5.5 23.304809 0.041952 0.0874 0.125856
v 27.466368 -5.5 23.304809 0.072188 0.150391 0.216563
v 31.216368 -5.5 29.8 0.072188 0.150391 0.216563
v 22.716368 14.5 30.1 0.072188 0.150391 0.216563
v 23.716368 -5.5 29.8 0.041952 0.0874 0.125856
v 31.216368 -5.5 29.8 0.041952 0.0874 0.125856
v 27.466368 -5.5 23.304809 0.041952 0.0874 0.125856
v -14.4513 -5 33.2 0.090504 0.188549 0.271511
v -17.9513 -5 39.262178 0.090504 0.188549 0.271511
v -20.3513 15 32.8 0.090504 0.188549 0.271511
v -21.4513 -5 33.2 0.039744 0.0828 0.119232
v -17.9513 -5 39.262178 0.039744 0.0828 0.119232
v -14.4513 -5 33.2 0.039744 0.0828 0.119232
v -17.9513 -5 39.262178 0.098147 0.204474 0.294442
v -24.9513 -5 39.262178 0.098147 0.204474 0.294442
v -20.3513 15 32.8 0.098147 0.204474 0.294442
v -21.4513 -5 33.2 0.039744 0.0828 0.119232
v -24.9513 -5 39.262178 0.039744 0.0828 0.119232
v -17.9513 -5 39.262178 0.039744 0.0828 0.119232
v -24.9513 -5 39.262178 0.083676 0.174324 0.251027
v -28.4513 -5 33.2 0.083676 0.174324 0.251027
v -20.3513 15 32.8 0.083676 0.174324 0.251027
v -21.4513 -5 33.2 0.039744 0.0828 0.119232
v -28.4513 -5 33.2 0.039744 0.0828 0.119232
v -24.9513 -5 39.262178 0.039744 0.0828 0.119232
v -28.4513 -5 33.2 0.06156 0.128251 0.184681
v -24.9513 -5 27.137822 0.06156 0.128251 0.184681
v -20.3513 15 32.8 0.06156 0.128251 0.184681
v -21.4513 -5 33.2 0.039744 0.0828 0.119232
v -24.9513 -5 27.137822 0.039744 0.0828 0.119232
v -28.4513 -5 33.2 0.039744 0.0828 0.119232
v -24.9513 -5 27.137822 0.053917 0.112326 0.16175
v -17.9513 -5 27.137822 0.053917 0.112326 0.16175
v -20.3513 15 32.8 0.053917 0.112326 0.16175
v -21.4513 -5 33.2 0.039744 0.0828 0.119232
v -17.9513 -5 27.137822 0.039744 0.0828 0.119232
v -24.9513 -5 27.137822 0.039744 0.0828 0.119232
v -17.9513 -5 27.137822 0.068388 0.142476 0.205165
v -14.4513 -5 33.2 0.068388 0.142476 0.205165
v -20.3513 15 32.8 0.068388 0.142476 0.205165
v -21.4513 -5 33.2 0.039744 0.0828 0.119232
v -14.4513 -5 33.2 0.039744 0.0828 0.119232
v -17.9513 -5 27.137822 0.039744 0.0828 0.119232
v 28.22565 -5.5 34.6 0.105588 0.219974 0.316763
v 25.47565 -5.5 39.36314 0.105588 0.219974 0.316763
v 21.72565 19.5 34.9 0.105588 0.219974 0.316763
v 22.72565 -5.5 34.6 0.046368 0.0966 0.139104
v 25.47565 -5.5 39.36314 0.046368 0.0966 0.139104
v 28.22565 -5.5 34.6 0.046368 0.0966 0.139104
v 25.47565 -5.5 39.36314 0.114505 0.238553 0.343516
v 19.97565 -5.5 39.36314 0.114505 0.238553 0.343516
v 21.72565 19.5 34.9 0.114505 0.238553 0.343516
v 22.72565 -5.5 34.6 0.046368 0.0966 0.139104
v 19.97565 -5.5 39.36314 0.046368 0.0966 0.139104
v 25.47565 -5.5 39.36314 0.046368 0.0966 0.139104
v 19.97565 -5.5 39.36314 0.097622 0.203378 0.292865
v 17.22565 -5.5 34.6 0.097622 0.203378 0.292865
v 21.72565 19.5 34.9 0.097622 0.203378 0.292865
v 22.72565 -5.5 34.6 0.046368 0.0966 0.139104
v 17.22565 -5.5 34.6 0.046368 0.0966 0.139104
v 19.97565 -5.5 39.36314 0.046368 0.0966 0.139104
v 17.22565 -5.5 34.6 0.07182 0.149626 0.215461
v 19.97565 -5.5 29.83686 0.07182 0.149626 0.215461
v 21.72565 19.5 34.9 0.07182 0.149626 0.215461
v 22.72565 -5.5 34.6 0.046368 0.0966 0.139104
v 19.97565 -5.5 29.83686 0.046368 0.0966 0.139104
v 17.22565 -5.5 34.6 0.046368 0.0966 0.139104
v 19.97565 -5.5 29.83686 0.062903 0.131047 0.188708
v 25.47565 -5.5 29.83686 0.062903 0.131047 0.188708
v 21.72565 19.5 34.9 0.062903 0.131047 0.188708
v 22.72565 -5.5 34.6 0.046368 0.0966 0.139104
v 25.47565 -5.5 29.83686 0.046368 0.0966 0.139104
v 19.97565 -5.5 29.83686 0.046368 0.0966 0.139104
v 25.47565 -5.5 29.83686 0.079786 0.166222 0.239359
v 28.22565 -5.5 34.6 0.079786 0.166222 0.239359
v 21.72565 19.5 34.9 0.079786 0.166222 0.239359
v 22.72565 -5.5 34.6 0.046368 0.0966 0.139104
v 28.22565 -5.5 34.6 0.046368 0.0966 0.139104
v 25.47565 -5.5 29.83686 0.046368 0.0966 0.139104
v -22 -5 -43 0.077934 0.162362 0.233801
v -25 -5 -37.803848 0.077934 0.162362 0.233801
v -28 13 -42.6 0.077934 0.162362 0.233801
v -28 -5 -43 0.034224 0.0713 0.102672
v -25 -5 -37.803848 0.034224 0.0713 0.102672
v -22 -5 -43 0.034224 0.0713 0.102672
v -25 -5 -37.803848 0.084516 0.176075 0.253547
v -31 -5 -37.803848 0.084516 0.176075 0.253547
v -28 13 -42.6 0.084516 0.176075 0.253547
v -28 -5 -43 0.034224 0.0713 0.102672
v -31 -5 -37.803848 0.034224 0.0713 0.102672
v -25 -5 -37.803848 0.034224 0.0713 0.102672
v -31 -5 -37.803848 0.072054 0.150113 0.216162
v -34 -5 -43 0.072054 0.150113 0.216162
v -28 13 -42.6 0.072054 0.150113 0.216162
v -28 -5 -43 0.034224 0.0713 0.102672
v -34 -5 -43 0.034224 0.0713 0.102672
v -31 -5 -37.803848 0.034224 0.0713 0.102672
v -34 -5 -43 0.05301 0.110438 0.159031
v -31 -5 -48.196152 0.05301 0.110438 0.159031
v -28 13 -42.6 0.05301 0.110438 0.159031
v -28 -5 -43 0.034224 0.0713 0.102672
v -31 -5 -48.196152 0.034224 0.0713 0.102672
v -34 -5 -43 0.034224 0.0713 0.102672
v -31 -5 -48.196152 0.046428 0.096725 0.139285
v -25 -5 -48.196152 0.046428 0.096725 0.139285
v -28 13 -42.6 0.046428 0.096725 0.139285
v -28 -5 -43 0.034224 0.0713 0.102672
v -25 -5 -48.196152 0.034224 0.0713 0.102672
v -31 -5 -48.196152 0.034224 0.0713 0.102672
v -25 -5 -48.196152 0.05889 0.122687 0.17667
v -22 -5 -43 0.05889 0.122687 0.17667
v -28 13 -42.6 0.05889 0.122687 0.17667
v -28 -5 -43 0.034224 0.0713 0.102672
v -22 -5 -43 0.034224 0.0713 0.102672
v -25 -5 -48.196152 0.034224 0.0713 0.102672
v -16.4 -5 -41.317058 0.08799 0.183312 0.263969
v -19.4 -5 -36.120906 0.08799 0.183312 0.263969
v -21.426152 22 -40.917058 0.08799 0.183312 0.263969
v -22.4 -5 -41.317058 0.03864 0.0805 0.11592
v -19.4 -5 -36.120906 0.03864 0.0805 0.11592
v -16.4 -5 -41.317058 0.03864 0.0805 0.11592
v -19.4 -5 -36.120906 0.095421 0.198794 0.286263
v -25.4 -5 -36.120906 0.095421 0.198794 0.286263
v -21.426152 22 -40.917058 0.095421 0.198794 0.286263
v -22.4 -5 -41.317058 0.03864 0.0805 0.11592
v -25.4 -5 -36.120906 0.03864 0.0805 0.11592
v -19.4 -5 -36.120906 0.03864 0.0805 0.11592
v -25.4 -5 -36.120906 0.081351 0.169482 0.244054
v -28.4 -5 -41.317058 0.081351 0.169482 0.244054
v -21.426152 22 -40.917058 0.081351 0.169482 0.244054
v -22.4 -5 -41.317058 0.03864 0.0805 0.11592
v -28.4 -5 -41.317058 0.03864 0.0805 0.11592
v -25.4 -5 -36.120906 0.03864 0.0805 0.11592
v -28.4 -5 -41.317058 0.05985 0.124688 0.179551
v -25.4 -5 -46.51321 0.05985 0.124688 0.179551
v -21.426152 22 -40.917058 0.05985 0.124688 0.179551
v -22.4 -5 -41.317058 0.03864 0.0805 0.11592
v -25.4 -5 -46.51321 0.03864 0.0805 0.11592
v -28.4 -5 -41.317058 0.03864 0.0805 0.11592
v -25.4 -5 -46.51321 0.052419 0.109206 0.157257
v -19.4 -5 -46.51321 0.052419 0.109206 0.157257
v -21.426152 22 -40.917058 0.052419 0.109206 0.157257
v -22.4 -5 -41.317058 0.03864 0.0805 0.11592
v -19.4 -5 -46.51321 0.03864 0.0805 0.11592
v -25.4 -5 -46.51321 0.03864 0.0805 0.11592
v -19.4 -5 -46.51321 0.066489 0.138518 0.199466
v -16.4 -5 -41.317058 0.066489 0.138518 0.199466
v -21.426152 22 -40.917058 0.066489 0.138518 0.199466
v -22.4 -5 -41.317058 0.03864 0.0805 0.11592
v -16.4 -5 -41.317058 0.03864 0.0805 0.11592
v -19.4 -5 -46.51321 0.03864 0.0805 0.11592
v -10.8 -5 -41.181405 0.098046 0.204262 0.294137
v -13.8 -5 -35.985253 0.098046 0.204262 0.294137
v -17.24252 14 -40.781405 0.098046 0.204262 0.294137
v -16.8 -5 -41.181405 0.043056 0.0897 0.129168
v -13.8 -5 -35.985253 0.043056 0.0897 0.129168
v -10.8 -5 -41.181405 0.043056 0.0897 0.129168
v -13.8 -5 -35.985253 0.106326 0.221513 0.318979
v -19.8 -5 -35.985253 0.106326 0.221513 0.318979
v -17.24252 14 -40.781405 0.106326 0.221513 0.318979
v -16.8 -5 -41.181405 0.043056 0.0897 0.129168
v -19.8 -5 -35.985253 0.043056 0.0897 0.129168
v -13.8 -5 -35.985253 0.043056 0.0897 0.129168
v -19.8 -5 -35.985253 0.090649 0.188851 0.271946
v -22.8 -5 -41.181405 0.090649 0.188851 0.271946
v -17.24252 14 -40.781405 0.090649 0.188851 0.271946
v -16.8 -5 -41.181405 0.043056 0.0897 0.129168
v -22.8 -5 -41.181405 0.043056 0.0897 0.129168
v -19.8 -5 -35.985253 0.043056 0.0897 0.129168
v -22.8 -5 -41.181405 0.06669 0.138938 0.200071
v -19.8 -5 -46.377558 0.06669 0.138938 0.200071
v -17.24252 14 -40.781405 0.06669 0.138938 0.200071
v -16.8 -5 -41.181405 0.043056 0.0897 0.129168
v -19.8 -5 -46.377558 0.043056 0.0897 0.129168
v -22.8 -5 -41.181405 0.043056 0.0897 0.129168
v -19.8 -5 -46.377558 0.05841 0.121687 0.175229
v -13.8 -5 -46.377558 0.05841 0.121687 0.175229
v -17.24252 14 -40.781405 0.05841 0.121687 0.175229
v -16.8 -5 -41.181405 0.043056 0.0897 0.129168
v -13.8 -5 -46.377558 0.043056 0.0897 0.129168
v -19.8 -5 -46.377558 0.043056 0.0897 0.129168
v -13.8 -5 -46.377558 0.074087 0.154349 0.222262
v -10.8 -5 -41.181405 0.074087 0.154349 0.222262
v -17.24252 14 -40.781405 0.074087 0.154349 0.222262
v -16.8 -5 -41.181405 0.043056 0.0897 0.129168
v -10.8 -5 -41.181405 0.043056 0.0897 0.129168
v -13.8 -5 -46.377558 0.043056 0.0897 0.129168
v -5.2 -5 -42.71776 0.108102 0.225212 0.324305
v -8.2 -5 -37.521608 0.108102 0.225212 0.324305
v -11.972764 23 -42.31776 0.108102 0.225212 0.324305
v -11.2 -5 -42.71776 0.047472 0.0989 0.142416
v -8.2 -5 -37.521608 0.047472 0.0989 0.142416
v -5.2 -5 -42.71776 0.047472 0.0989 0.142416
v -8.2 -5 -37.521608 0.117232 0.244233 0.351695
v -14.2 -5 -37.521608 0.117232 0.244233 0.351695
v -11.972764 23 -42.31776 0.117232 0.244233 0.351695
v -11.2 -5 -42.71776 0.047472 0.0989 0.142416
v -14.2 -5 -37.521608 0.047472 0.0989 0.142416
v -8.2 -5 -37.521608 0.047472 0.0989 0.142416
v -14.2 -5 -37.521608 0.099946 0.208221 0.299838
v -17.2 -5 -42.71776 0.099946 0.208221 0.299838
v -11.972764 23 -42.31776 0.099946 0.208221 0.299838
v -11.2 -5 -42.71776 0.047472 0.0989 0.142416
v -17.2 -5 -42.71776 0.047472 0.0989 0.142416
v -14.2 -5 -37.521608 0.047472 0.0989 0.142416
v -17.2 -5 -42.71776 0.07353 0.153188 0.220591
v -14.2 -5 -47.913912 0.07353 0.153188 0.220591
v -11.972764 23 -42.31776 0.07353 0.153188 0.220591
v -11.2 -5 -42.71776 0.047472 0.0989 0.142416
v -14.2 -5 -47.913912 0.047472 0.0989 0.142416
v -17.2 -5 -42.71776 0.047472 0.0989 0.142416
v -14.2 -5 -47.913912 0.0644 0.134167 0.193201
v -8.2 -5 -47.913912 0.0644 0.134167 0.193201
v -11.972764 23 -42.31776 0.0644 0.134167 0.193201
v -11.2 -5 -42.71776 0.047472 0.0989 0.142416
v -8.2 -5 -47.913912 0.047472 0.0989 0.142416
v -14.2 -5 -47.913912 0.047472 0.0989 0.142416
v -8.2 -5 -47.913912 0.081686 0.170179 0.245058
v -5.2 -5 -42.71776 0.081686 0.170179 0.245058
v -11.972764 23 -42.31776 0.081686 0.170179 0.245058
v -11.2 -5 -42.71776 0.047472 0.0989 0.142416
v -5.2 -5 -42.71776 0.047472 0.0989 0.142416
v -8.2 -5 -47.913912 0.047472 0.0989 0.142416
v 0.4 -5 -44.513605 0.077934 0.162362 0.233801
v -2.6 -5 -39.317453 0.077934 0.162362 0.233801
v -4.806332 15 -44.113605 0.077934 0.162362 0.233801
v -5.6 -5 -44.513605 0.034224 0.0713 0.102672
v -2.6 -5 -39.317453 0.034224 0.0713 0.102672
v 0.4 -5 -44.513605 0.034224 0.0713 0.102672
v -2.6 -5 -39.317453 0.084516 0.176075 0.253547
v -8.6 -5 -39.317453 0.084516 0.176075 0.253547
v -4.806332 15 -44.113605 0.084516 0.176075 0.253547
v -5.6 -5 -44.513605 0.034224 0.0713 0.102672
v -8.6 -5 -39.317453 0.034224 0.0713 0.102672
v -2.6 -5 -39.317453 0.034224 0.0713 0.102672
v -8.6 -5 -39.317453 0.072054 0.150113 0.216162
v -11.6 -5 -44.513605 0.072054 0.150113 0.216162
v -4.806332 15 -44.113605 0.072054 0.150113 0.216162
v -5.6 -5 -44.513605 0.034224 0.0713 0.102672
v -11.6 -5 -44.513605 0.034224 0.0713 0.102672
v -8.6 -5 -39.317453 0.034224 0.0713 0.102672
v -11.6 -5 -44.513605 0.05301 0.110438 0.159031
v -8.6 -5 -49.709757 0.05301 0.110438 0.159031
v -4.806332 15 -44.113605 0.05301 0.110438 0.159031
v -5.6 -5 -44.513605 0.034224 0.0713 0.102672
v -8.6 -5 -49.709757 0.034224 0.0713 0.102672
v -11.6 -5 -44.513605 0.034224 0.0713 0.102672
v -8.6 -5 -49.709757 0.046428 0.096725 0.139285
v -2.6 -5 -49.709757 0.046428 0.096725 0.139285
v -4.806332 15 -44.113605 0.046428 0.096725 0.139285
v -5.6 -5 -44.513605 0.034224 0.0713 0.102672
v -2.6 -5 -49.709757 0.034224 0.0713 0.102672
v -8.6 -5 -49.709757 0.034224 0.0713 0.102672
v -2.6 -5 -49.709757 0.05889 0.122687 0.17667
v 0.4 -5 -44.513605 0.05889 0.122687 0.17667
v -4.806332 15 -44.113605 0.05889 0.122687 0.17667
v -5.6 -5 -44.513605 0.034224 0.0713 0.102672
v 0.4 -5 -44.513605 0.034224 0.0713 0.102672
v -2.6 -5 -49.709757 0.034224 0.0713 0.102672
v 6 -5 -44.917849 0.08799 0.183312 0.263969
v 3 -5 -39.721696 0.08799 0.183312 0.263969
v 0.412118 24 -44.517849 0.08799 0.183312 0.263969
v 0 -5 -44.917849 0.03864 0.0805 0.11592
v 3 -5 -39.721696 0.03864 0.0805 0.11592
v 6 -5 -44.917849 0.03864 0.0805 0.11592
v 3 -5 -39.721696 0.095421 0.198794 0.286263
v -3 -5 -39.721696 0.095421 0.198794 0.286263
v 0.412118 24 -44.517849 0.095421 0.198794 0.286263
v 0 -5 -44.917849 0.03864 0.0805 0.11592
v -3 -5 -39.721696 0.03864 0.0805 0.11592
v 3 -5 -39.721696 0.03864 0.0805 0.11592
v -3 -5 -39.721696 0.081351 0.169482 0.244054
v -6 -5 -44.917849 0.081351 0.169482 0.244054
v 0.412118 24 -44.517849 0.081351 0.169482 0.244054
v 0 -5 -44.917849 0.03864 0.0805 0.11592
v -6 -5 -44.917849 0.03864 0.0805 0.11592
v -3 -5 -39.721696 0.03864 0.0805 0.11592
v -6 -5 -44.917849 0.05985 0.124688 0.179551
v -3 -5 -50.114001 0.05985 0.124688 0.179551
v 0.412118 24 -44.517849 0.05985 0.124688 0.179551
v 0 -5 -44.917849 0.03864 0.0805 0.11592
v -3 -5 -50.114001 0.03864 0.0805 0.11592
v -6 -5 -44.917849 0.03864 0.0805 0.11592
v -3 -5 -50.114001 0.052419 0.109206 0.157257
v 3 -5 -50.114001 0.052419 0.109206 0.157257
v 0.412118 24 -44.517849 0.052419 0.109206 0.157257
v 0 -5 -44.917849 0.03864 0.0805 0.11592
v 3 -5 -50.114001 0.03864 0.0805 0.11592
v -3 -5 -50.114001 0.03864 0.0805 0.11592
v 3 -5 -50.114001 0.066489 0.138518 0.199466
v 6 -5 -44.917849 0.066489 0.138518 0.199466
v 0.412118 24 -44.517849 0.066489 0.138518 0.199466
v 0 -5 -44.917849 0.03864 0.0805 0.11592
v 6 -5 -44.917849 0.03864 0.0805 0.11592
v 3 -5 -50.114001 0.03864 0.0805 0.11592
v 11.6 -5 -43.558831 0.098046 0.204262 0.294137
v 8.6 -5 -38.362679 0.098046 0.204262 0.294137
v 4.619064 16 -43.158831 0.098046 0.204262 0.294137
v 5.6 -5 -43.558831 0.043056 0.0897 0.129168
v 8.6 -5 -38.362679 0.043056 0.0897 0.129168
v 11.6 -5 -43.558831 0.043056 0.0897 0.129168
v 8.6 -5 -38.362679 0.106326 0.221513 0.318979
v 2.6 -5 -38.362679 0.106326 0.221513 0.318979
v 4.619064 16 -43.158831 0.106326 0.221513 0.318979
v 5.6 -5 -43.558831 0.043056 0.0897 0.129168
v 2.6 -5 -38.362679 0.043056 0.0897 0.129168
v 8.6 -5 -38.362679 0.043056 0.0897 0.129168
v 2.6 -5 -38.362679 0.090649 0.188851 0.271946
v -0.4 -5 -43.558831 0.090649 0.188851 0.271946
v 4.619064 16 -43.158831 0.090649 0.188851 0.271946
v 5.6 -5 -43.558831 0.043056 0.0897 0.129168
v -0.4 -5 -43.558831 0.043056 0.0897 0.129168
v 2.6 -5 -38.362679 0.043056 0.0897 0.129168
v -0.4 -5 -43.558831 0.06669 0.138938 0.200071
v 2.6 -5 -48.754983 0.06669 0.138938 0.200071
v 4.619064 16 -43.158831 0.06669 0.138938 0.200071
v 5.6 -5 -43.558831 0.043056 0.0897 0.129168
v 2.6 -5 -48.754983 0.043056 0.0897 0.129168
v -0.4 -5 -43.558831 0.043056 0.0897 0.129168
v 2.6 -5 -48.754983 0.05841 0.121687 0.175229
v 8.6 -5 -48.754983 0.05841 0.121687 0.175229
v 4.619064 16 -43.158831 0.05841 0.121687 0.175229
v 5.6 -5 -43.558831 0.043056 0.0897 0.129168
v 8.6 -5 -48.754983 0.043056 0.0897 0.129168
v 2.6 -5 -48.754983 0.043056 0.0897 0.129168
v 8.6 -5 -48.754983 0.074087 0.154349 0.222262
v 11.6 -5 -43.558831 0.074087 0.154349 0.222262
v 4.619064 16 -43.158831 0.074087 0.154349 0.222262
v 5.6 -5 -43.558831 0.043056 0.0897 0.129168
v 11.6 -5 -43.558831 0.043056 0.0897 0.129168
v 8.6 -5 -48.754983 0.043056 0.0897 0.129168
v 17.2 -5 -41.686027 0.108102 0.225212 0.324305
v 14.2 -5 -36.489874 0.108102 0.225212 0.324305
v 11.233623 25 -41.286027 0.108102 0.225212 0.324305
v 11.2 -5 -41.686027 0.047472 0.0989 0.142416
v 14.2 -5 -36.489874 0.047472 0.0989 0.142416
v 17.2 -5 -41.686027 0.047472 0.0989 0.142416
v 14.2 -5 -36.489874 0.117232 0.244233 0.351695
v 8.2 -5 -36.489874 0.117232 0.244233 0.351695
v 11.233623 25 -41.286027 0.117232 0.244233 0.351695
v 11.2 -5 -41.686027 0.047472 0.0989 0.142416
v 8.2 -5 -36.489874 0.047472 0.0989 0.142416
v 14.2 -5 -36.489874 0.047472 0.0989 0.142416
v 8.2 -5 -36.489874 0.099946 0.208221 0.299838
v 5.2 -5 -41.686027 0.099946 0.208221 0.299838
v 11.233623 25 -41.286027 0.099946 0.208221 0.299838
v 11.2 -5 -41.686027 0.047472 0.0989 0.142416
v 5.2 -5 -41.686027 0.047472 0.0989 0.142416
v 8.2 -5 -36.489874 0.047472 0.0989 0.142416
v 5.2 -5 -41.686027 0.07353 0.153188 0.220591
v 8.2 -5 -46.882179 0.07353 0.153188 0.220591
v 11.233623 25 -41.286027 0.07353 0.153188 0.220591
v 11.2 -5 -41.686027 0.047472 0.0989 0.142416
v 8.2 -5 -46.882179 0.047472 0.0989 0.142416
v 5.2 -5 -41.686027 0.047472 0.0989 0.142416
v 8.2 -5 -46.882179 0.0644 0.134167 0.193201
v 14.2 -5 -46.882179 0.0644 0.134167 0.193201
v 11.233623 25 -41.286027 0.0644 0.134167 0.193201
v 11.2 -5 -41.686027 0.047472 0.0989 0.142416
v 14.2 -5 -46.882179 0.047472 0.0989 0.142416
v 8.2 -5 -46.882179 0.047472 0.0989 0.142416
v 14.2 -5 -46.882179 0.081686 0.170179 0.245058
v 17.2 -5 -41.686027 0.081686 0.170179 0.245058
v 11.233623 25 -41.286027 0.081686 0.170179 0.245058
v 11.2 -5 -41.686027 0.047472 0.0989 0.142416
v 17.2 -5 -41.686027 0.047472 0.0989 0.142416
v 14.2 -5 -46.882179 0.047472 0.0989 0.142416
v 22.8 -5 -41.021284 0.077934 0.162362 0.233801
v 19.8 -5 -35.825131 0.077934 0.162362 0.233801
v 17.765658 17 -40.621284 0.077934 0.162362 0.233801
v 16.8 -5 -41.021284 0.034224 0.0713 0.102672
v 19.8 -5 -35.825131 0.034224 0.0713 0.102672
v 22.8 -5 -41.021284 0.034224 0.0713 0.102672
v 19.8 -5 -35.825131 0.084516 0.176075 0.253547
v 13.8 -5 -35.825131 0.084516 0.176075 0.253547
v 17.765658 17 -40.621284 0.084516 0.176075 0.253547
v 16.8 -5 -41.021284 0.034224 0.0713 0.102672
v 13.8 -5 -35.825131 0.034224 0.0713 0.102672
v 19.8 -5 -35.825131 0.034224 0.0713 0.102672
v 13.8 -5 -35.825131 0.072054 0.150113 0.216162
v 10.8 -5 -41.021284 0.072054 0.150113 0.216162
v 17.765658 17 -40.621284 0.072054 0.150113 0.216162
v 16.8 -5 -41.021284 0.034224 0.0713 0.102672
v 10.8 -5 -41.021284 0.034224 0.0713 0.102672
v 13.8 -5 -35.825131 0.034224 0.0713 0.102672
v 10.8 -5 -41.021284 0.05301 0.110438 0.159031
v 13.8 -5 -46.217436 0.05301 0.110438 0.159031
v 17.765658 17 -40.621284 0.05301 0.110438 0.159031
v 16.8 -5 -41.021284 0.034224 0.0713 0.102672
v 13.8 -5 -46.217436 0.034224 0.0713 0.102672
v 10.8 -5 -41.021284 0.034224 0.0713 0.102672
v 13.8 -5 -46.217436 0.046428 0.096725 0.139285
v 19.8 -5 -46.217436 0.046428 0.096725 0.139285
v 17.765658 17 -40.621284 0.046428 0.096725 0.139285
v 16.8 -5 -41.021284 0.034224 0.0713 0.102672
v 19.8 -5 -46.217436 0.034224 0.0713 0.102672
v 13.8 -5 -46.217436 0.034224 0.0713 0.102672
v 19.8 -5 -46.217436 0.05889 0.122687 0.17667
v 22.8 -5 -41.021284 0.05889 0.122687 0.17667
v 17.765658 17 -40.621284 0.05889 0.122687 0.17667
v 16.8 -5 -41.021284 0.034224 0.0713 0.102672
v 22.8 -5 -41.021284 0.034224 0.0713 0.102672
v 19.8 -5 -46.217436 0.034224 0.0713 0.102672
vn 0 -1 0
vn 0 -1 0
vn 0 -1 0
vn 0 1 0
vn 0 1 0
vn 0 1 0
vn 0 0 -1
vn 0 0 -1
vn 0 0 -1
vn 0 0 -1
vn 0 0 -1
vn 0 0 -1
vn 0 -1 0
vn 0 -1 0
vn 0 -1 0
vn 0 1 0
vn 0 1 0
vn 0 1 0
vn 0.866025 0 -0.5
vn 0.866025 0 -0.5
vn 0.866025 0 -0.5
vn 0.866025 0 -0.5
vn 0.866025 0 -0.5
vn 0.866025 0 -0.5
vn 0 -1 0
vn 0 -1 0
vn 0 -1 0
vn 0 1 0
vn 0 1 0
vn 0 1 0
vn 0.866025 0 0.5
vn 0.866025 0 0.5
vn 0.866025 0 0.5
vn 0.866025 0 0.5
vn 0.866025 0 0.5
vn 0.866025 0 0.5
vn 0 -1 0
vn 0 -1 0
vn 0 -1 0
vn 0 1 0
vn 0 1 0
vn 0 1 0
vn 0 0 1
vn 0 0 1
vn 0 0 1
vn 0 0 1
vn 0 0 1
vn 0 0 1
vn 0 -1 0
vn 0 -1 0
vn 0 -1 0
vn 0 1 0
vn 0 1 0
vn 0 1 0
vn -0.866025 0 0.5
vn -0.866025 0 0.5
vn -0.866025 0 0.5
vn -0.866025 0 0.5
vn -0.866025 0 0.5
vn -0.866025 0 0.5
vn 0 -1 0
vn 0 -1 0
vn 0 -1 0
vn 0 1 0
vn 0 1 0
vn 0 1 0
vn 0 1 0
vn 0 1 0
vn 0 1 0
vn 0 1 0
vn 0 1 0
vn 0 1 0
vn 0 -1 0
vn 0 -1 0
vn 0 -1 0
vn 0 -1 0
vn 0 -1 0
vn 0 -1 0
vn 0 0 -1
vn 0 0 -1
vn 0 0 -1
vn 0 0 -1
vn 0 0 -1
vn 0 0 -1
vn 1 0 0
vn 1 0 0
vn 1 0 0
vn 1 0 0
vn 1 0 0
vn 1 0 0
vn 0 0 1
vn 0 0 1
vn 0 0 1
vn 0 0 1
vn 0 0 1
vn 0 0 1
vn -1 0 0
vn -1 0 0
vn -1 0 0
vn -1 0 0
vn -1 0 0
vn -1 0 0
vn -0.768946 -0.310818 -0.558672
vn -0.768946 -0.310818 -0.558672
vn -0.768946 -0.310818 -0.558672
vn 0 1 0
vn 0 1 0
vn 0 1 0
vn 0.237977 -0.637913 -0.732417
vn 0.237977 -0.637913 -0.732417
vn 0.237977 -0.637913 -0.732417
vn 0 1 0
vn 0 1 0
vn 0 1 0
vn 0.724428 -0.689351 0
vn 0.724428 -0.689351 0
vn 0.724428 -0.689351 0
vn 0 1 0
vn 0 1 0
vn 0 1 0
vn 0.273443 -0.465818 0.841571
vn 0.273443 -0.465818 0.841571
vn 0.273443 -0.465818 0.841571
vn 0 1 0
vn 0 1 0
vn 0 1 0
vn -0.801157 -0.139053 0.582075
vn -0.801157 -0.139053 0.582075
vn -0.801157 -0.139053 0.582075
vn 0 1 0
vn 0 1 0
vn 0 1 0
vn 0 -1 0
vn 0 -1 0
vn 0 -1 0
vn 0 -1 0
vn 0 -1 0
vn 0 -1 0
vn 0 -1 0
vn 0 -1 0
vn 0 -1 0
vn 0 -1 0
vn 0 -1 0
vn 0 -1 0
vn 0 -1 0
vn 0 -1 0
vn 0 -1 0
vn 0 -1 0
vn 0 -1 0
vn 0 -1 0
vn 0 -1 0
vn 0 -1 0
vn 0 -1 0
vn 0 -1 0
vn 0 -1 0
vn 0 -1 0
vn 0 -1 0
vn 0 -1 0
vn 0 -1 0
vn 0 -1 0
vn 0 -1 0
vn 0 -1 0
vn 0 -1 0
vn 0 -1 0
vn 0 -1 0
vn 0 -1 0
vn 0 -1 0
vn 0 -1 0
vn 0 1 0
vn 0 1 0
vn 0 1 0
vn 0 1 0
vn 0 1 0
vn 0 1 0
vn 0 -1 0
vn 0 -1 0
vn 0 -1 0
vn 0 -1 0
vn 0 -1 0
vn 0 -1 0
vn 0 0 -1
vn 0 0 -1
vn 0 0 -1
vn 0 0 -1
vn 0 0 -1
vn 0 0 -1
vn 1 0 0
vn 1 0 0
vn 1 0 0
vn 1 0 0
vn 1 0 0
vn 1 0 0
vn 0 0 1
vn 0 0 1
vn 0 0 1
vn 0 0 1
vn 0 0 1
vn 0 0 1
vn -1 0 0
vn -1 0 0
vn -1 0 0
vn -1 0 0
vn -1 0 0
vn -1 0 0
vn -0.866025 0 -0.5
vn -0.866025 0 -0.5
vn -0.866025 0 -0.5
vn -0.866025 0 -0.5
vn -0.866025 0 -0.5
vn -0.866025 0 -0.5
vn 0 -1 0
vn 0 -1 0
vn 0 -1 0
vn 0 1 0
vn 0 1 0
vn 0 1 0
vn 0 0 -1
vn 0 0 -1
vn 0 0 -1
vn 0 0 -1
vn 0 0 -1
vn 0 0 -1
vn 0 -1 0
vn 0 -1 0
vn 0 -1 0
vn 0 1 0
vn 0 1 0
vn 0 1 0
vn 0.866025 0 -0.5
vn 0.866025 0 -0.5
vn 0.866025 0 -0.5
vn 0.866025 0 -0.5
vn 0.866025 0 -0.5
vn 0.866025 0 -0.5
vn 0 -1 0
vn 0 -1 0
vn 0 -1 0
vn 0 1 0
vn 0 1 0
vn 0 1 0
vn 0.866025 0 0.5
vn 0.866025 0 0.5
vn 0.866025 0 0.5
vn 0.866025 0 0.5
vn 0.866025 0 0.5
vn 0.866025 0 0.5
vn 0 -1 0
vn 0 -1 0
vn 0 -1 0
vn 0 1 0
vn 0 1 0
vn 0 1 0
vn 0 0 1
vn 0 0 1
vn 0 0 1
vn 0 0 1
vn 0 0 1
vn 0 0 1
vn 0 -1 0
vn 0 -1 0
vn 0 -1 0
vn 0 1 0
vn 0 1 0
vn 0 1 0
vn -0.866025 0 0.5
vn -0.866025 0 0.5
vn -0.866025 0 0.5
vn -0.866025 0 0.5
vn -0.866025 0 0.5
vn -0.866025 0 0.5
vn 0 -1 0
vn 0 -1 0
vn 0 -1 0
vn 0 1 0
vn 0 1 0
vn 0 1 0
vn -0.779864 -0.536156 -0.32303
vn -0.779864 -0.536156 -0.32303
vn -0.779864 -0.536156 -0.32303
vn -0.779864 -0.536156 -0.32303
vn -0.779864 -0.536156 -0.32303
vn -0.779864 -0.536156 -0.32303
vn -0.32303 -0.536156 -0.779864
vn -0.32303 -0.536156 -0.779864
vn -0.32303 -0.536156 -0.779864
vn -0.32303 -0.536156 -0.779864
vn -0.32303 -0.536156 -0.779864
vn -0.32303 -0.536156 -0.779864
vn 0.32303 -0.536156 -0.779864
vn 0.32303 -0.536156 -0.779864
vn 0.32303 -0.536156 -0.779864
vn 0.32303 -0.536156 -0.779864
vn 0.32303 -0.536156 -0.779864
vn 0.32303 -0.536156 -0.779864
vn 0.779864 -0.536156 -0.32303
vn 0.779864 -0.536156 -0.32303
vn 0.779864 -0.536156 -0.32303
vn 0.779864 -0.536156 -0.32303
vn 0.779864 -0.536156 -0.32303
vn 0.779864 -0.536156 -0.32303
vn 0.779864 -0.536156 0.32303
vn 0.779864 -0.536156 0.32303
vn 0.779864 -0.536156 0.32303
vn 0.779864 -0.536156 0.32303
vn 0.779864 -0.536156 0.32303
vn 0.779864 -0.536156 0.32303
vn 0.32303 -0.536156 0.779864
vn 0.32303 -0.536156 0.779864
vn 0.32303 -0.536156 0.779864
vn 0.32303 -0.536156 0.779864
vn 0.32303 -0.536156 0.779864
vn 0.32303 -0.536156 0.779864
vn -0.32303 -0.536156 0.779864
vn -0.32303 -0.536156 0.779864
vn -0.32303 -0.536156 0.779864
vn -0.32303 -0.536156 0.779864
vn -0.32303 -0.536156 0.779864
vn -0.32303 -0.536156 0.779864
vn -0.779864 -0.536156 0.32303
vn -0.779864 -0.536156 0.32303
vn -0.779864 -0.536156 0.32303
vn -0.779864 -0.536156 0.32303
vn -0.779864 -0.536156 0.32303
vn -0.779864 -0.536156 0.32303
vn -0.875763 -0.234882 -0.421745
vn -0.875763 -0.234882 -0.421745
vn -0.875763 -0.234882 -0.421745
vn 0 1 0
vn 0 1 0
vn 0 1 0
vn -0.212493 -0.296813 -0.930993
vn -0.212493 -0.296813 -0.930993
vn -0.212493 -0.296813 -0.930993
vn 0 1 0
vn 0 1 0
vn 0 1 0
vn 0.586414 -0.339698 -0.73534
vn 0.586414 -0.339698 -0.73534
vn 0.586414 -0.339698 -0.73534
vn 0 1 0
vn 0 1 0
vn 0 1 0
vn 0.942442 -0.334369 0
vn 0.942442 -0.334369 0
vn 0.942442 -0.334369 0
vn 0 1 0
vn 0 1 0
vn 0 1 0
vn 0.597772 -0.284243 0.749583
vn 0.597772 -0.284243 0.749583
vn 0.597772 -0.284243 0.749583
vn 0 1 0
vn 0 1 0
vn 0 1 0
vn -0.216852 -0.224274 0.950093
vn -0.216852 -0.224274 0.950093
vn -0.216852 -0.224274 0.950093
vn 0 1 0
vn 0 1 0
vn 0 1 0
vn -0.882486 -0.201514 0.424983
vn -0.882486 -0.201514 0.424983
vn -0.882486 -0.201514 0.424983
vn 0 1 0
vn 0 1 0
vn 0 1 0
vn -0.774477 -0.289076 -0.56269
vn -0.774477 -0.289076 -0.56269
vn -0.774477 -0.289076 -0.56269
vn 0 1 0
vn 0 1 0
vn 0 1 0
vn 0.305118 -0.158358 -0.939056
vn 0.305118 -0.158358 -0.939056
vn 0.305118 -0.158358 -0.939056
vn 0 1 0
vn 0 1 0
vn 0 1 0
vn 0.988905 -0.148549 0
vn 0.988905 -0.148549 0
vn 0.988905 -0.148549 0
vn 0 1 0
vn 0 1 0
vn 0 1 0
vn 0.297142 -0.274549 0.91451
vn 0.297142 -0.274549 0.91451
vn 0.297142 -0.274549 0.91451
vn 0 1 0
vn 0 1 0
vn 0 1 0
vn -0.756429 -0.354653 0.549578
vn -0.756429 -0.354653 0.549578
vn -0.756429 -0.354653 0.549578
vn 0 1 0
vn 0 1 0
vn 0 1 0
vn -0.834985 -0.265329 -0.482079
vn -0.834985 -0.265329 -0.482079
vn -0.834985 -0.265329 -0.482079
vn 0 1 0
vn 0 1 0
vn 0 1 0
vn 0 -0.341925 -0.939727
vn 0 -0.341925 -0.939727
vn 0 -0.341925 -0.939727
vn 0 1 0
vn 0 1 0
vn 0 1 0
vn 0.79796 -0.388603 -0.460703
vn 0.79796 -0.388603 -0.460703
vn 0.79796 -0.388603 -0.460703
vn 0 1 0
vn 0 1 0
vn 0 1 0
vn 0.806568 -0.364138 0.465672
vn 0.806568 -0.364138 0.465672
vn 0.806568 -0.364138 0.465672
vn 0 1 0
vn 0 1 0
vn 0 1 0
vn 0 -0.289382 0.957214
vn 0 -0.289382 0.957214
vn 0 -0.289382 0.957214
vn 0 1 0
vn 0 1 0
vn 0 1 0
vn -0.84126 -0.237433 0.485702
vn -0.84126 -0.237433 0.485702
vn -0.84126 -0.237433 0.485702
vn 0 1 0
vn 0 1 0
vn 0 1 0
vn -0.797599 -0.38959 -0.460494
vn -0.797599 -0.38959 -0.460494
vn -0.797599 -0.38959 -0.460494
vn 0 1 0
vn 0 1 0
vn 0 1 0
vn 0 -0.334777 -0.942297
vn 0 -0.334777 -0.942297
vn 0 -0.334777 -0.942297
vn 0 1 0
vn 0 1 0
vn 0 1 0
vn 0.827764 -0.293955 -0.47791
vn 0.827764 -0.293955 -0.47791
vn 0.827764 -0.293955 -0.47791
vn 0 1 0
vn 0 1 0
vn 0 1 0
vn 0.823002 -0.311271 0.475161
vn 0.823002 -0.311271 0.475161
vn 0.823002 -0.311271 0.475161
vn 0 1 0
vn 0 1 0
vn 0 1 0
vn 0 -0.367602 0.929983
vn 0 -0.367602 0.929983
vn 0 -0.367602 0.929983
vn 0 1 0
vn 0 1 0
vn 0 1 0
vn -0.791804 -0.405045 0.457148
vn -0.791804 -0.405045 0.457148
vn -0.791804 -0.405045 0.457148
vn 0 1 0
vn 0 1 0
vn 0 1 0
vn -0.845411 -0.216888 -0.488098
vn -0.845411 -0.216888 -0.488098
vn -0.845411 -0.216888 -0.488098
vn 0 1 0
vn 0 1 0
vn 0 1 0
vn 0 -0.269458 -0.963012
vn 0 -0.269458 -0.963012
vn 0 -0.269458 -0.963012
vn 0 1 0
vn 0 1 0
vn 0 1 0
vn 0.825435 -0.302561 -0.476565
vn 0.825435 -0.302561 -0.476565
vn 0.825435 -0.302561 -0.476565
vn 0 1 0
vn 0 1 0
vn 0 1 0
vn 0.830085 -0.285095 0.47925
vn 0.830085 -0.285095 0.47925
vn 0.830085 -0.285095 0.47925
vn 0 1 0
vn 0 1 0
vn 0 1 0
vn 0 -0.233196 0.97243
vn 0 -0.233196 0.97243
vn 0 -0.233196 0.97243
vn 0 1 0
vn 0 1 0
vn 0 1 0
vn -0.848851 -0.198167 0.490084
vn -0.848851 -0.198167 0.490084
vn -0.848851 -0.198167 0.490084
vn 0 1 0
vn 0 1 0
vn 0 1 0
vn -0.814687 -0.339186 -0.47036
vn -0.814687 -0.339186 -0.47036
vn -0.814687 -0.339186 -0.47036
vn 0 1 0
vn 0 1 0
vn 0 1 0
vn 0 -0.295889 -0.955222
vn 0 -0.295889 -0.955222
vn 0 -0.295889 -0.955222
vn 0 1 0
vn 0 1 0
vn 0 1 0
vn 0.835248 -0.264222 -0.482231
vn 0.835248 -0.264222 -0.482231
vn 0.835248 -0.264222 -0.482231
vn 0 1 0
vn 0 1 0
vn 0 1 0
vn 0.831987 -0.277601 0.480348
vn 0.831987 -0.277601 0.480348
vn 0.831987 -0.277601 0.480348
vn 0 1 0
vn 0 1 0
vn 0 1 0
vn 0 -0.321699 0.946842
vn 0 -0.321699 0.946842
vn 0 -0.321699 0.946842
vn 0 1 0
vn 0 1 0
vn 0 1 0
vn -0.810735 -0.351584 0.468078
vn -0.810735 -0.351584 0.468078
vn -0.810735 -0.351584 0.468078
vn 0 1 0
vn 0 1 0
vn 0 1 0
vn -0.809747 -0.354608 -0.467508
vn -0.809747 -0.354608 -0.467508
vn -0.809747 -0.354608 -0.467508
vn 0 1 0
vn 0 1 0
vn 0 1 0
vn 0 -0.419092 -0.907944
vn 0 -0.419092 -0.907944
vn 0 -0.419092 -0.907944
vn 0 1 0
vn 0 1 0
vn 0 1 0
vn 0.769814 -0.458091 -0.444453
vn 0.769814 -0.458091 -0.444453
vn 0.769814 -0.458091 -0.444453
vn 0 1 0
vn 0 1 0
vn 0 1 0
vn 0.778673 -0.437673 0.449567
vn 0.778673 -0.437673 0.449567
vn 0.778673 -0.437673 0.449567
vn 0 1 0
vn 0 1 0
vn 0 1 0
vn 0 -0.374937 0.92705
vn 0 -0.374937 0.92705
vn 0 -0.374937 0.92705
vn 0 1 0
vn 0 1 0
vn 0 1 0
vn -0.817231 -0.330924 0.471829
vn -0.817231 -0.330924 0.471829
vn -0.817231 -0.330924 0.471829
vn 0 1 0
vn 0 1 0
vn 0 1 0
vn -0.845947 -0.214085 -0.488407
vn -0.845947 -0.214085 -0.488407
vn -0.845947 -0.214085 -0.488407
vn 0 1 0
vn 0 1 0
vn 0 1 0
vn 0 -0.175747 -0.984435
vn 0 -0.175747 -0.984435
vn 0 -0.175747 -0.984435
vn 0 1 0
vn 0 1 0
vn 0 1 0
vn 0.856459 -0.148229 -0.494477
vn 0.856459 -0.148229 -0.494477
vn 0.856459 -0.148229 -0.494477
vn 0 1 0
vn 0 1 0
vn 0 1 0
vn 0.854896 -0.159804 0.493574
vn 0.854896 -0.159804 0.493574
vn 0.854896 -0.159804 0.493574
vn 0 1 0
vn 0 1 0
vn 0 1 0
vn 0 -0.198496 0.980102
vn 0 -0.198496 0.980102
vn 0 -0.198496 0.980102
vn 0 1 0
vn 0 1 0
vn 0 1 0
vn -0.843774 -0.225227 0.487153
vn -0.843774 -0.225227 0.487153
vn -0.843774 -0.225227 0.487153
vn 0 1 0
vn 0 1 0
vn 0 1 0
vn -0.853726 -0.167938 -0.492899
vn -0.853726 -0.167938 -0.492899
vn -0.853726 -0.167938 -0.492899
vn 0 1 0
vn 0 1 0
vn 0 1 0
vn 0 -0.219739 -0.975559
vn 0 -0.219739 -0.975559
vn 0 -0.219739 -0.975559
vn 0 1 0
vn 0 1 0
vn 0 1 0
vn 0.837937 -0.252616 -0.483783
vn 0.837937 -0.252616 -0.483783
vn 0.837937 -0.252616 -0.483783
vn 0 1 0
vn 0 1 0
vn 0 1 0
vn 0.841722 -0.235244 0.485968
vn 0.841722 -0.235244 0.485968
vn 0.841722 -0.235244 0.485968
vn 0 1 0
vn 0 1 0
vn 0 1 0
vn 0 -0.183955 0.982935
vn 0 -0.183955 0.982935
vn 0 -0.183955 0.982935
vn 0 1 0
vn 0 1 0
vn 0 1 0
vn -0.856279 -0.149607 0.494373
vn -0.856279 -0.149607 0.494373
vn -0.856279 -0.149607 0.494373
vn 0 1 0
vn 0 1 0
vn 0 1 0
vn -0.797599 -0.38959 -0.460494
vn -0.797599 -0.38959 -0.460494
vn -0.797599 -0.38959 -0.460494
vn 0 1 0
vn 0 1 0
vn 0 1 0
vn 0 -0.334777 -0.942297
vn 0 -0.334777 -0.942297
vn 0 -0.334777 -0.942297
vn 0 1 0
vn 0 1 0
vn 0 1 0
vn 0.827764 -0.293955 -0.47791
vn 0.827764 -0.293955 -0.47791
vn 0.827764 -0.293955 -0.47791
vn 0 1 0
vn 0 1 0
vn 0 1 0
vn 0.823002 -0.311271 0.475161
vn 0.823002 -0.311271 0.475161
vn 0.823002 -0.311271 0.475161
vn 0 1 0
vn 0 1 0
vn 0 1 0
vn 0 -0.367602 0.929983
vn 0 -0.367602 0.929983
vn 0 -0.367602 0.929983
vn 0 1 0
vn 0 1 0
vn 0 1 0
vn -0.791804 -0.405045 0.457148
vn -0.791804 -0.405045 0.457148
vn -0.791804 -0.405045 0.457148
vn 0 1 0
vn 0 1 0
vn 0 1 0
vn -0.830357 -0.284034 -0.479407
vn -0.830357 -0.284034 -0.479407
vn -0.830357 -0.284034 -0.479407
vn 0 1 0
vn 0 1 0
vn 0 1 0
vn 0 -0.349543 -0.93692
vn 0 -0.349543 -0.93692
vn 0 -0.349543 -0.93692
vn 0 1 0
vn 0 1 0
vn 0 1 0
vn 0.797531 -0.389777 -0.460455
vn 0.797531 -0.389777 -0.460455
vn 0.797531 -0.389777 -0.460455
vn 0 1 0
vn 0 1 0
vn 0 1 0
vn 0.805029 -0.368653 0.464784
vn 0.805029 -0.368653 0.464784
vn 0.805029 -0.368653 0.464784
vn 0 1 0
vn 0 1 0
vn 0 1 0
vn 0 -0.304554 0.952495
vn 0 -0.304554 0.952495
vn 0 -0.304554 0.952495
vn 0 1 0
vn 0 1 0
vn 0 1 0
vn -0.836177 -0.260277 0.482767
vn -0.836177 -0.260277 0.482767
vn -0.836177 -0.260277 0.482767
vn 0 1 0
vn 0 1 0
vn 0 1 0
vn -0.814687 -0.339186 -0.47036
vn -0.814687 -0.339186 -0.47036
vn -0.814687 -0.339186 -0.47036
vn 0 1 0
vn 0 1 0
vn 0 1 0
vn 0 -0.295889 -0.955222
vn 0 -0.295889 -0.955222
vn 0 -0.295889 -0.955222
vn 0 1 0
vn 0 1 0
vn 0 1 0
vn 0.835248 -0.264222 -0.482231
vn 0.835248 -0.264222 -0.482231
vn 0.835248 -0.264222 -0.482231
vn 0 1 0
vn 0 1 0
vn 0 1 0
vn 0.831987 -0.277601 0.480348
vn 0.831987 -0.277601 0.480348
vn 0.831987 -0.277601 0.480348
vn 0 1 0
vn 0 1 0
vn 0 1 0
vn 0 -0.321699 0.946842
vn 0 -0.321699 0.946842
vn 0 -0.321699 0.946842
vn 0 1 0
vn 0 1 0
vn 0 1 0
vn -0.810735 -0.351584 0.468078
vn -0.810735 -0.351584 0.468078
vn -0.810735 -0.351584 0.468078
vn 0 1 0
vn 0 1 0
vn 0 1 0
vn -0.841855 -0.234607 -0.486045
vn -0.841855 -0.234607 -0.486045
vn -0.841855 -0.234607 -0.486045
vn 0 1 0
vn 0 1 0
vn 0 1 0
vn 0 -0.281829 -0.959465
vn 0 -0.281829 -0.959465
vn 0 -0.281829 -0.959465
vn 0 1 0
vn 0 1 0
vn 0 1 0
vn 0.822904 -0.311617 -0.475104
vn 0.822904 -0.311617 -0.475104
vn 0.822904 -0.311617 -0.475104
vn 0 1 0
vn 0 1 0
vn 0 1 0
vn 0.827246 -0.295893 0.477611
vn 0.827246 -0.295893 0.477611
vn 0.827246 -0.295893 0.477611
vn 0 1 0
vn 0 1 0
vn 0 1 0
vn 0 -0.249249 0.968439
vn 0 -0.249249 0.968439
vn 0 -0.249249 0.968439
vn 0 1 0
vn 0 1 0
vn 0 1 0
vn -0.845234 -0.217804 0.487996
vn -0.845234 -0.217804 0.487996
vn -0.845234 -0.217804 0.487996
vn 0 1 0
vn 0 1 0
vn 0 1 0
vn -0.845947 -0.214085 -0.488407
vn -0.845947 -0.214085 -0.488407
vn -0.845947 -0.214085 -0.488407
vn 0 1 0
vn 0 1 0
vn 0 1 0
vn 0 -0.175747 -0.984435
vn 0 -0.175747 -0.984435
vn 0 -0.175747 -0.984435
vn 0 1 0
vn 0 1 0
vn 0 1 0
vn 0.856459 -0.148229 -0.494477
vn 0.856459 -0.148229 -0.494477
vn 0.856459 -0.148229 -0.494477
vn 0 1 0
vn 0 1 0
vn 0 1 0
vn 0.854896 -0.159804 0.493574
vn 0.854896 -0.159804 0.493574
vn 0.854896 -0.159804 0.493574
vn 0 1 0
vn 0 1 0
vn 0 1 0
vn 0 -0.198496 0.980102
vn 0 -0.198496 0.980102
vn 0 -0.198496 0.980102
vn 0 1 0
vn 0 1 0
vn 0 1 0
vn -0.843774 -0.225227 0.487153
vn -0.843774 -0.225227 0.487153
vn -0.843774 -0.225227 0.487153
vn 0 1 0
vn 0 1 0
vn 0 1 0
vn -0.845157 -0.218206 -0.487951
vn -0.845157 -0.218206 -0.487951
vn -0.845157 -0.218206 -0.487951
vn 0 1 0
vn 0 1 0
vn 0 1 0
vn 0 -0.283503 -0.958971
vn 0 -0.283503 -0.958971
vn 0 -0.283503 -0.958971
vn 0 1 0
vn 0 1 0
vn 0 1 0
vn 0.81926 -0.324168 -0.473
vn 0.81926 -0.324168 -0.473
vn 0.81926 -0.324168 -0.473
vn 0 1 0
vn 0 1 0
vn 0 1 0
vn 0.825379 -0.302763 0.476533
vn 0.825379 -0.302763 0.476533
vn 0.825379 -0.302763 0.476533
vn 0 1 0
vn 0 1 0
vn 0 1 0
vn 0 -0.238542 0.971132
vn 0 -0.238542 0.971132
vn 0 -0.238542 0.971132
vn 0 1 0
vn 0 1 0
vn 0 1 0
vn -0.849437 -0.19479 0.490423
vn -0.849437 -0.19479 0.490423
vn -0.849437 -0.19479 0.490423
vn 0 1 0
vn 0 1 0
vn 0 1 0
vn -0.797599 -0.38959 -0.460494
vn -0.797599 -0.38959 -0.460494
vn -0.797599 -0.38959 -0.460494
vn 0 1 0
vn 0 1 0
vn 0 1 0
vn 0 -0.334777 -0.942297
vn 0 -0.334777 -0.942297
vn 0 -0.334777 -0.942297
vn 0 1 0
vn 0 1 0
vn 0 1 0
vn 0.827764 -0.293955 -0.47791
vn 0.827764 -0.293955 -0.47791
vn 0.827764 -0.293955 -0.47791
vn 0 1 0
vn 0 1 0
vn 0 1 0
vn 0.823002 -0.311271 0.475161
vn 0.823002 -0.311271 0.475161
vn 0.823002 -0.311271 0.475161
vn 0 1 0
vn 0 1 0
vn 0 1 0
vn 0 -0.367602 0.929983
vn 0 -0.367602 0.929983
vn 0 -0.367602 0.929983
vn 0 1 0
vn 0 1 0
vn 0 1 0
vn -0.791804 -0.405045 0.457148
vn -0.791804 -0.405045 0.457148
vn -0.791804 -0.405045 0.457148
vn 0 1 0
vn 0 1 0
vn 0 1 0
vn -0.850302 -0.189689 -0.490922
vn -0.850302 -0.189689 -0.490922
vn -0.850302 -0.189689 -0.490922
vn 0 1 0
vn 0 1 0
vn 0 1 0
vn 0 -0.236414 -0.971652
vn 0 -0.236414 -0.971652
vn 0 -0.236414 -0.971652
vn 0 1 0
vn 0 1 0
vn 0 1 0
vn 0.834805 -0.266083 -0.481975
vn 0.834805 -0.266083 -0.481975
vn 0.834805 -0.266083 -0.481975
vn 0 1 0
vn 0 1 0
vn 0 1 0
vn 0.838435 -0.250403 0.484071
vn 0.838435 -0.250403 0.484071
vn 0.838435 -0.250403 0.484071
vn 0 1 0
vn 0 1 0
vn 0 1 0
vn 0 -0.204137 0.978942
vn 0 -0.204137 0.978942
vn 0 -0.204137 0.978942
vn 0 1 0
vn 0 1 0
vn 0 1 0
vn -0.852944 -0.17315 0.492448
vn -0.852944 -0.17315 0.492448
vn -0.852944 -0.17315 0.492448
vn 0 1 0
vn 0 1 0
vn 0 1 0
vn -0.814687 -0.339186 -0.47036
vn -0.814687 -0.339186 -0.47036
vn -0.814687 -0.339186 -0.47036
vn 0 1 0
vn 0 1 0
vn 0 1 0
vn 0 -0.295889 -0.955222
vn 0 -0.295889 -0.955222
vn 0 -0.295889 -0.955222
vn 0 1 0
vn 0 1 0
vn 0 1 0
vn 0.835248 -0.264222 -0.482231
vn 0.835248 -0.264222 -0.482231
vn 0.835248 -0.264222 -0.482231
vn 0 1 0
vn 0 1 0
vn 0 1 0
vn 0.831987 -0.277601 0.480348
vn 0.831987 -0.277601 0.480348
vn 0.831987 -0.277601 0.480348
vn 0 1 0
vn 0 1 0
vn 0 1 0
vn 0 -0.321699 0.946842
vn 0 -0.321699 0.946842
vn 0 -0.321699 0.946842
vn 0 1 0
vn 0 1 0
vn 0 1 0
vn -0.810735 -0.351584 0.468078
vn -0.810735 -0.351584 0.468078
vn -0.810735 -0.351584 0.468078
vn 0 1 0
vn 0 1 0
vn 0 1 0
vn -0.826645 -0.298124 -0.477264
vn -0.826645 -0.298124 -0.477264
vn -0.826645 -0.298124 -0.477264
vn 0 1 0
vn 0 1 0
vn 0 1 0
vn 0 -0.355322 -0.934744
vn 0 -0.355322 -0.934744
vn 0 -0.355322 -0.934744
vn 0 1 0
vn 0 1 0
vn 0 1 0
vn 0.797202 -0.390673 -0.460265
vn 0.797202 -0.390673 -0.460265
vn 0.797202 -0.390673 -0.460265
vn 0 1 0
vn 0 1 0
vn 0 1 0
vn 0.803843 -0.372087 0.464099
vn 0.803843 -0.372087 0.464099
vn 0.803843 -0.372087 0.464099
vn 0 1 0
vn 0 1 0
vn 0 1 0
vn 0 -0.316002 0.948758
vn 0 -0.316002 0.948758
vn 0 -0.316002 0.948758
vn 0 1 0
vn 0 1 0
vn 0 1 0
vn -0.832023 -0.277458 0.480369
vn -0.832023 -0.277458 0.480369
vn -0.832023 -0.277458 0.480369
vn 0 1 0
vn 0 1 0
vn 0 1 0
vn -0.845947 -0.214085 -0.488407
vn -0.845947 -0.214085 -0.488407
vn -0.845947 -0.214085 -0.488407
vn 0 1 0
vn 0 1 0
vn 0 1 0
vn 0 -0.175747 -0.984435
vn 0 -0.175747 -0.984435
vn 0 -0.175747 -0.984435
vn 0 1 0
vn 0 1 0
vn 0 1 0
vn 0.856459 -0.148229 -0.494477
vn 0.856459 -0.148229 -0.494477
vn 0.856459 -0.148229 -0.494477
vn 0 1 0
vn 0 1 0
vn 0 1 0
vn 0.854896 -0.159804 0.493574
vn 0.854896 -0.159804 0.493574
vn 0.854896 -0.159804 0.493574
vn 0 1 0
vn 0 1 0
vn 0 1 0
vn 0 -0.198496 0.980102
vn 0 -0.198496 0.980102
vn 0 -0.198496 0.980102
vn 0 1 0
vn 0 1 0
vn 0 1 0
vn -0.843774 -0.225227 0.487153
vn -0.843774 -0.225227 0.487153
vn -0.843774 -0.225227 0.487153
vn 0 1 0
vn 0 1 0
vn 0 1 0
vn -0.856561 -0.147434 -0.494536
vn -0.856561 -0.147434 -0.494536
vn -0.856561 -0.147434 -0.494536
vn 0 1 0
vn 0 1 0
vn 0 1 0
vn 0 -0.193369 -0.981126
vn 0 -0.193369 -0.981126
vn 0 -0.193369 -0.981126
vn 0 1 0
vn 0 1 0
vn 0 1 0
vn 0.844275 -0.222711 -0.487442
vn 0.844275 -0.222711 -0.487442
vn 0.844275 -0.222711 -0.487442
vn 0 1 0
vn 0 1 0
vn 0 1 0
vn 0.847234 -0.207186 0.489151
vn 0.847234 -0.207186 0.489151
vn 0.847234 -0.207186 0.489151
vn 0 1 0
vn 0 1 0
vn 0 1 0
vn 0 -0.161603 0.986856
vn 0 -0.161603 0.986856
vn 0 -0.161603 0.986856
vn 0 1 0
vn 0 1 0
vn 0 1 0
vn -0.858534 -0.13125 0.495675
vn -0.858534 -0.13125 0.495675
vn -0.858534 -0.13125 0.495675
vn 0 1 0
vn 0 1 0
vn 0 1 0
vn -0.797599 -0.38959 -0.460494
vn -0.797599 -0.38959 -0.460494
vn -0.797599 -0.38959 -0.460494
vn 0 1 0
vn 0 1 0
vn 0 1 0
vn 0 -0.334777 -0.942297
vn 0 -0.334777 -0.942297
vn 0 -0.334777 -0.942297
vn 0 1 0
vn 0 1 0
vn 0 1 0
vn 0.827764 -0.293955 -0.47791
vn 0.827764 -0.293955 -0.47791
vn 0.827764 -0.293955 -0.47791
vn 0 1 0
vn 0 1 0
vn 0 1 0
vn 0.823002 -0.311271 0.475161
vn 0.823002 -0.311271 0.475161
vn 0.823002 -0.311271 0.475161
vn 0 1 0
vn 0 1 0
vn 0 1 0
vn 0 -0.367602 0.929983
vn 0 -0.367602 0.929983
vn 0 -0.367602 0.929983
vn 0 1 0
vn 0 1 0
vn 0 1 0
vn -0.791804 -0.405045 0.457148
vn -0.791804 -0.405045 0.457148
vn -0.791804 -0.405045 0.457148
vn 0 1 0
vn 0 1 0
vn 0 1 0
vn -0.840785 -0.239668 -0.485427
vn -0.840785 -0.239668 -0.485427
vn -0.840785 -0.239668 -0.485427
vn 0 1 0
vn 0 1 0
vn 0 1 0
vn 0 -0.29688 -0.954915
vn 0 -0.29688 -0.954915
vn 0 -0.29688 -0.954915
vn 0 1 0
vn 0 1 0
vn 0 1 0
vn 0.816713 -0.332626 -0.471529
vn 0.816713 -0.332626 -0.471529
vn 0.816713 -0.332626 -0.471529
vn 0 1 0
vn 0 1 0
vn 0 1 0
vn 0.822283 -0.313795 0.474745
vn 0.822283 -0.313795 0.474745
vn 0.822283 -0.313795 0.474745
vn 0 1 0
vn 0 1 0
vn 0 1 0
vn 0 -0.25747 0.966286
vn 0 -0.25747 0.966286
vn 0 -0.25747 0.966286
vn 0 1 0
vn 0 1 0
vn 0 1 0
vn -0.844968 -0.219178 0.487842
vn -0.844968 -0.219178 0.487842
vn -0.844968 -0.219178 0.487842
vn 0 1 0
vn 0 1 0
vn 0 1 0
vn -0.814687 -0.339186 -0.47036
vn -0.814687 -0.339186 -0.47036
vn -0.814687 -0.339186 -0.47036
vn 0 1 0
vn 0 1 0
vn 0 1 0
vn 0 -0.295889 -0.955222
vn 0 -0.295889 -0.955222
vn 0 -0.295889 -0.955222
vn 0 1 0
vn 0 1 0
vn 0 1 0
vn 0.835248 -0.264222 -0.482231
vn 0.835248 -0.264222 -0.482231
vn 0.835248 -0.264222 -0.482231
vn 0 1 0
vn 0 1 0
vn 0 1 0
vn 0.831987 -0.277601 0.480348
vn 0.831987 -0.277601 0.480348
vn 0.831987 -0.277601 0.480348
vn 0 1 0
vn 0 1 0
vn 0 1 0
vn 0 -0.321699 0.946842
vn 0 -0.321699 0.946842
vn 0 -0.321699 0.946842
vn 0 1 0
vn 0 1 0
vn 0 1 0
vn -0.810735 -0.351584 0.468078
vn -0.810735 -0.351584 0.468078
vn -0.810735 -0.351584 0.468078
vn 0 1 0
vn 0 1 0
vn 0 1 0
vn -0.847131 -0.207748 -0.489091
vn -0.847131 -0.207748 -0.489091
vn -0.847131 -0.207748 -0.489091
vn 0 1 0
vn 0 1 0
vn 0 1 0
vn 0 -0.250262 -0.968178
vn 0 -0.250262 -0.968178
vn 0 -0.250262 -0.968178
vn 0 1 0
vn 0 1 0
vn 0 1 0
vn 0.832069 -0.277277 -0.480395
vn 0.832069 -0.277277 -0.480395
vn 0.832069 -0.277277 -0.480395
vn 0 1 0
vn 0 1 0
vn 0 1 0
vn 0.835539 -0.262996 0.482398
vn 0.835539 -0.262996 0.482398
vn 0.835539 -0.262996 0.482398
vn 0 1 0
vn 0 1 0
vn 0 1 0
vn 0 -0.220892 0.975298
vn 0 -0.220892 0.975298
vn 0 -0.220892 0.975298
vn 0 1 0
vn 0 1 0
vn 0 1 0
vn -0.849794 -0.192701 0.490629
vn -0.849794 -0.192701 0.490629
vn -0.849794 -0.192701 0.490629
vn 0 1 0
vn 0 1 0
vn 0 1 0
vn -0.845947 -0.214085 -0.488407
vn -0.845947 -0.214085 -0.488407
vn -0.845947 -0.214085 -0.488407
vn 0 1 0
vn 0 1 0
vn 0 1 0
vn 0 -0.175747 -0.984435
vn 0 -0.175747 -0.984435
vn 0 -0.175747 -0.984435
vn 0 1 0
vn 0 1 0
vn 0 1 0
vn 0.856459 -0.148229 -0.494477
vn 0.856459 -0.148229 -0.494477
vn 0.856459 -0.148229 -0.494477
vn 0 1 0
vn 0 1 0
vn 0 1 0
vn 0.854896 -0.159804 0.493574
vn 0.854896 -0.159804 0.493574
vn 0.854896 -0.159804 0.493574
vn 0 1 0
vn 0 1 0
vn 0 1 0
vn 0 -0.198496 0.980102
vn 0 -0.198496 0.980102
vn 0 -0.198496 0.980102
vn 0 1 0
vn 0 1 0
vn 0 1 0
vn -0.843774 -0.225227 0.487153
vn -0.843774 -0.225227 0.487153
vn -0.843774 -0.225227 0.487153
vn 0 1 0
vn 0 1 0
vn 0 1 0
vn -0.85107 -0.185038 -0.491366
vn -0.85107 -0.185038 -0.491366
vn -0.85107 -0.185038 -0.491366
vn 0 1 0
vn 0 1 0
vn 0 1 0
vn 0 -0.24158 -0.970381
vn 0 -0.24158 -0.970381
vn 0 -0.24158 -0.970381
vn 0 1 0
vn 0 1 0
vn 0 1 0
vn 0.832074 -0.277253 -0.480398
vn 0.832074 -0.277253 -0.480398
vn 0.832074 -0.277253 -0.480398
vn 0 1 0
vn 0 1 0
vn 0 1 0
vn 0.836607 -0.258426 0.483015
vn 0.836607 -0.258426 0.483015
vn 0.836607 -0.258426 0.483015
vn 0 1 0
vn 0 1 0
vn 0 1 0
vn 0 -0.202561 0.97927
vn 0 -0.202561 0.97927
vn 0 -0.202561 0.97927
vn 0 1 0
vn 0 1 0
vn 0 1 0
vn -0.854163 -0.164946 0.493151
vn -0.854163 -0.164946 0.493151
vn -0.854163 -0.164946 0.493151
vn 0 1 0
vn 0 1 0
vn 0 1 0
vn -0.797599 -0.38959 -0.460494
vn -0.797599 -0.38959 -0.460494
vn -0.797599 -0.38959 -0.460494
vn 0 1 0
vn 0 1 0
vn 0 1 0
vn 0 -0.334777 -0.942297
vn 0 -0.334777 -0.942297
vn 0 -0.334777 -0.942297
vn 0 1 0
vn 0 1 0
vn 0 1 0
vn 0.827764 -0.293955 -0.47791
vn 0.827764 -0.293955 -0.47791
vn 0.827764 -0.293955 -0.47791
vn 0 1 0
vn 0 1 0
vn 0 1 0
vn 0.823002 -0.311271 0.475161
vn 0.823002 -0.311271 0.475161
vn 0.823002 -0.311271 0.475161
vn 0 1 0
vn 0 1 0
vn 0 1 0
vn 0 -0.367602 0.929983
vn 0 -0.367602 0.929983
vn 0 -0.367602 0.929983
vn 0 1 0
vn 0 1 0
vn 0 1 0
vn -0.791804 -0.405045 0.457148
vn -0.791804 -0.405045 0.457148
vn -0.791804 -0.405045 0.457148
vn 0 1 0
vn 0 1 0
vn 0 1 0
vn -0.819476 -0.323437 -0.473125
vn -0.819476 -0.323437 -0.473125
vn -0.819476 -0.323437 -0.473125
vn 0 1 0
vn 0 1 0
vn 0 1 0
vn 0 -0.395395 -0.918511
vn 0 -0.395395 -0.918511
vn 0 -0.395395 -0.918511
vn 0 1 0
vn 0 1 0
vn 0 1 0
vn 0.778184 -0.438832 -0.449285
vn 0.778184 -0.438832 -0.449285
vn 0.778184 -0.438832 -0.449285
vn 0 1 0
vn 0 1 0
vn 0 1 0
vn 0.787492 -0.416102 0.454659
vn 0.787492 -0.416102 0.454659
vn 0.787492 -0.416102 0.454659
vn 0 1 0
vn 0 1 0
vn 0 1 0
vn 0 -0.34613 0.938187
vn 0 -0.34613 0.938187
vn 0 -0.34613 0.938187
vn 0 1 0
vn 0 1 0
vn 0 1 0
vn -0.826947 -0.297005 0.477438
vn -0.826947 -0.297005 0.477438
vn -0.826947 -0.297005 0.477438
vn 0 1 0
vn 0 1 0
vn 0 1 0
vn -0.814687 -0.339186 -0.47036
vn -0.814687 -0.339186 -0.47036
vn -0.814687 -0.339186 -0.47036
vn 0 1 0
vn 0 1 0
vn 0 1 0
vn 0 -0.295889 -0.955222
vn 0 -0.295889 -0.955222
vn 0 -0.295889 -0.955222
vn 0 1 0
vn 0 1 0
vn 0 1 0
vn 0.835248 -0.264222 -0.482231
vn 0.835248 -0.264222 -0.482231
vn 0.835248 -0.264222 -0.482231
vn 0 1 0
vn 0 1 0
vn 0 1 0
vn 0.831987 -0.277601 0.480348
vn 0.831987 -0.277601 0.480348
vn 0.831987 -0.277601 0.480348
vn 0 1 0
vn 0 1 0
vn 0 1 0
vn 0 -0.321699 0.946842
vn 0 -0.321699 0.946842
vn 0 -0.321699 0.946842
vn 0 1 0
vn 0 1 0
vn 0 1 0
vn -0.810735 -0.351584 0.468078
vn -0.810735 -0.351584 0.468078
vn -0.810735 -0.351584 0.468078
vn 0 1 0
vn 0 1 0
vn 0 1 0
vn -0.837031 -0.256589 -0.48326
vn -0.837031 -0.256589 -0.48326
vn -0.837031 -0.256589 -0.48326
vn 0 1 0
vn 0 1 0
vn 0 1 0
vn 0 -0.307458 -0.951562
vn 0 -0.307458 -0.951562
vn 0 -0.307458 -0.951562
vn 0 1 0
vn 0 1 0
vn 0 1 0
vn 0.81464 -0.339336 -0.470333
vn 0.81464 -0.339336 -0.470333
vn 0.81464 -0.339336 -0.470333
vn 0 1 0
vn 0 1 0
vn 0 1 0
vn 0.819744 -0.322531 0.473279
vn 0.819744 -0.322531 0.473279
vn 0.819744 -0.322531 0.473279
vn 0 1 0
vn 0 1 0
vn 0 1 0
vn 0 -0.272403 0.962183
vn 0 -0.272403 0.962183
vn 0 -0.272403 0.962183
vn 0 1 0
vn 0 1 0
vn 0 1 0
vn -0.841055 -0.2384 0.485584
vn -0.841055 -0.2384 0.485584
vn -0.841055 -0.2384 0.485584
vn 0 1 0
vn 0 1 0
vn 0 1 0
vn -0.845947 -0.214085 -0.488407
vn -0.845947 -0.214085 -0.488407
vn -0.845947 -0.214085 -0.488407
vn 0 1 0
vn 0 1 0
vn 0 1 0
vn 0 -0.175747 -0.984435
vn 0 -0.175747 -0.984435
vn 0 -0.175747 -0.984435
vn 0 1 0
vn 0 1 0
vn 0 1 0
vn 0.856459 -0.148229 -0.494477
vn 0.856459 -0.148229 -0.494477
vn 0.856459 -0.148229 -0.494477
vn 0 1 0
vn 0 1 0
vn 0 1 0
vn 0.854896 -0.159804 0.493574
vn 0.854896 -0.159804 0.493574
vn 0.854896 -0.159804 0.493574
vn 0 1 0
vn 0 1 0
vn 0 1 0
vn 0 -0.198496 0.980102
vn 0 -0.198496 0.980102
vn 0 -0.198496 0.980102
vn 0 1 0
vn 0 1 0
vn 0 1 0
vn -0.843774 -0.225227 0.487153
vn -0.843774 -0.225227 0.487153
vn -0.843774 -0.225227 0.487153
vn 0 1 0
vn 0 1 0
vn 0 1 0
vn -0.834477 -0.267453 -0.481786
vn -0.834477 -0.267453 -0.481786
vn -0.834477 -0.267453 -0.481786
vn 0 1 0
vn 0 1 0
vn 0 1 0
vn 0 -0.25747 -0.966286
vn 0 -0.25747 -0.966286
vn 0 -0.25747 -0.966286
vn 0 1 0
vn 0 1 0
vn 0 1 0
vn 0.834477 -0.267453 -0.481786
vn 0.834477 -0.267453 -0.481786
vn 0.834477 -0.267453 -0.481786
vn 0 1 0
vn 0 1 0
vn 0 1 0
vn 0.829551 -0.28716 0.478941
vn 0.829551 -0.28716 0.478941
vn 0.829551 -0.28716 0.478941
vn 0 1 0
vn 0 1 0
vn 0 1 0
vn 0 -0.29688 0.954915
vn 0 -0.29688 0.954915
vn 0 -0.29688 0.954915
vn 0 1 0
vn 0 1 0
vn 0 1 0
vn -0.829551 -0.28716 0.478941
vn -0.829551 -0.28716 0.478941
vn -0.829551 -0.28716 0.478941
vn 0 1 0
vn 0 1 0
vn 0 1 0
vn -0.85596 -0.152019 -0.494189
vn -0.85596 -0.152019 -0.494189
vn -0.85596 -0.152019 -0.494189
vn 0 1 0
vn 0 1 0
vn 0 1 0
vn 0 -0.174897 -0.984587
vn 0 -0.174897 -0.984587
vn 0 -0.174897 -0.984587
vn 0 1 0
vn 0 1 0
vn 0 1 0
vn 0.846455 -0.211391 -0.488701
vn 0.846455 -0.211391 -0.488701
vn 0.846455 -0.211391 -0.488701
vn 0 1 0
vn 0 1 0
vn 0 1 0
vn 0.843788 -0.22516 0.487161
vn 0.843788 -0.22516 0.487161
vn 0.843788 -0.22516 0.487161
vn 0 1 0
vn 0 1 0
vn 0 1 0
vn 0 -0.202951 0.979189
vn 0 -0.202951 0.979189
vn 0 -0.202951 0.979189
vn 0 1 0
vn 0 1 0
vn 0 1 0
vn -0.85397 -0.166274 0.49304
vn -0.85397 -0.166274 0.49304
vn -0.85397 -0.166274 0.49304
vn 0 1 0
vn 0 1 0
vn 0 1 0
vn -0.833272 -0.272418 -0.48109
vn -0.833272 -0.272418 -0.48109
vn -0.833272 -0.272418 -0.48109
vn 0 1 0
vn 0 1 0
vn 0 1 0
vn 0 -0.244752 -0.969586
vn 0 -0.244752 -0.969586
vn 0 -0.244752 -0.969586
vn 0 1 0
vn 0 1 0
vn 0 1 0
vn 0.841577 -0.235931 -0.485885
vn 0.841577 -0.235931 -0.485885
vn 0.841577 -0.235931 -0.485885
vn 0 1 0
vn 0 1 0
vn 0 1 0
vn 0.837371 -0.255108 0.483456
vn 0.837371 -0.255108 0.483456
vn 0.837371 -0.255108 0.483456
vn 0 1 0
vn 0 1 0
vn 0 1 0
vn 0 -0.282534 0.959257
vn 0 -0.282534 0.959257
vn 0 -0.282534 0.959257
vn 0 1 0
vn 0 1 0
vn 0 1 0
vn -0.828543 -0.291013 0.47836
vn -0.828543 -0.291013 0.47836
vn -0.828543 -0.291013 0.47836
vn 0 1 0
vn 0 1 0
vn 0 1 0
vn -0.848824 -0.198316 -0.490069
vn -0.848824 -0.198316 -0.490069
vn -0.848824 -0.198316 -0.490069
vn 0 1 0
vn 0 1 0
vn 0 1 0
vn 0 -0.168832 -0.985645
vn 0 -0.168832 -0.985645
vn 0 -0.168832 -0.985645
vn 0 1 0
vn 0 1 0
vn 0 1 0
vn 0.855866 -0.15272 -0.494135
vn 0.855866 -0.15272 -0.494135
vn 0.855866 -0.15272 -0.494135
vn 0 1 0
vn 0 1 0
vn 0 1 0
vn 0.853942 -0.166463 0.493024
vn 0.853942 -0.166463 0.493024
vn 0.853942 -0.166463 0.493024
vn 0 1 0
vn 0 1 0
vn 0 1 0
vn 0 -0.195987 0.980607
vn 0 -0.195987 0.980607
vn 0 -0.195987 0.980607
vn 0 1 0
vn 0 1 0
vn 0 1 0
vn -0.846395 -0.211711 0.488666
vn -0.846395 -0.211711 0.488666
vn -0.846395 -0.211711 0.488666
vn 0 1 0
vn 0 1 0
vn 0 1 0
vn -0.846601 -0.210609 -0.488785
vn -0.846601 -0.210609 -0.488785
vn -0.846601 -0.210609 -0.488785
vn 0 1 0
vn 0 1 0
vn 0 1 0
vn 0 -0.233196 -0.97243
vn 0 -0.233196 -0.97243
vn 0 -0.233196 -0.97243
vn 0 1 0
vn 0 1 0
vn 0 1 0
vn 0.833042 -0.273351 -0.480957
vn 0.833042 -0.273351 -0.480957
vn 0.833042 -0.273351 -0.480957
vn 0 1 0
vn 0 1 0
vn 0 1 0
vn 0.828544 -0.29101 0.47836
vn 0.828544 -0.29101 0.47836
vn 0.828544 -0.29101 0.47836
vn 0 1 0
vn 0 1 0
vn 0 1 0
vn 0 -0.269458 0.963012
vn 0 -0.269458 0.963012
vn 0 -0.269458 0.963012
vn 0 1 0
vn 0 1 0
vn 0 1 0
vn -0.842976 -0.229175 0.486693
vn -0.842976 -0.229175 0.486693
vn -0.842976 -0.229175 0.486693
vn 0 1 0
vn 0 1 0
vn 0 1 0
vn -0.855152 -0.157966 -0.493722
vn -0.855152 -0.157966 -0.493722
vn -0.855152 -0.157966 -0.493722
vn 0 1 0
vn 0 1 0
vn 0 1 0
vn 0 -0.163168 -0.986598
vn 0 -0.163168 -0.986598
vn 0 -0.163168 -0.986598
vn 0 1 0
vn 0 1 0
vn 0 1 0
vn 0.851638 -0.181522 -0.491693
vn 0.851638 -0.181522 -0.491693
vn 0.851638 -0.181522 -0.491693
vn 0 1 0
vn 0 1 0
vn 0 1 0
vn 0.849471 -0.194589 0.490442
vn 0.849471 -0.194589 0.490442
vn 0.849471 -0.194589 0.490442
vn 0 1 0
vn 0 1 0
vn 0 1 0
vn 0 -0.189475 0.981886
vn 0 -0.189475 0.981886
vn 0 -0.189475 0.981886
vn 0 1 0
vn 0 1 0
vn 0 1 0
vn -0.853239 -0.171202 0.492618
vn -0.853239 -0.171202 0.492618
vn -0.853239 -0.171202 0.492618
vn 0 1 0
vn 0 1 0
vn 0 1 0
vn -0.834304 -0.268169 -0.481686
vn -0.834304 -0.268169 -0.481686
vn -0.834304 -0.268169 -0.481686
vn 0 1 0
vn 0 1 0
vn 0 1 0
vn 0 -0.222655 -0.974897
vn 0 -0.222655 -0.974897
vn 0 -0.222655 -0.974897
vn 0 1 0
vn 0 1 0
vn 0 1 0
vn 0.84962 -0.193718 -0.490529
vn 0.84962 -0.193718 -0.490529
vn 0.84962 -0.193718 -0.490529
vn 0 1 0
vn 0 1 0
vn 0 1 0
vn 0.846415 -0.211604 0.488678
vn 0.846415 -0.211604 0.488678
vn 0.846415 -0.211604 0.488678
vn 0 1 0
vn 0 1 0
vn 0 1 0
vn 0 -0.257497 0.966279
vn 0 -0.257497 0.966279
vn 0 -0.257497 0.966279
vn 0 1 0
vn 0 1 0
vn 0 1 0
vn -0.830091 -0.285072 0.479253
vn -0.830091 -0.285072 0.479253
vn -0.830091 -0.285072 0.479253
vn 0 1 0
vn 0 1 0
vn 0 1 0
vn -0.854394 -0.163344 -0.493285
vn -0.854394 -0.163344 -0.493285
vn -0.854394 -0.163344 -0.493285
vn 0 1 0
vn 0 1 0
vn 0 1 0
vn 0 -0.157867 -0.98746
vn 0 -0.157867 -0.98746
vn 0 -0.157867 -0.98746
vn 0 1 0
vn 0 1 0
vn 0 1 0
vn 0.854125 -0.165207 -0.493129
vn 0.854125 -0.165207 -0.493129
vn 0.854125 -0.165207 -0.493129
vn 0 1 0
vn 0 1 0
vn 0 1 0
vn 0.852202 -0.177956 0.492019
vn 0.852202 -0.177956 0.492019
vn 0.852202 -0.177956 0.492019
vn 0 1 0
vn 0 1 0
vn 0 1 0
vn 0 -0.183375 0.983043
vn 0 -0.183375 0.983043
vn 0 -0.183375 0.983043
vn 0 1 0
vn 0 1 0
vn 0 1 0
vn -0.852491 -0.176105 0.492186
vn -0.852491 -0.176105 0.492186
vn -0.852491 -0.176105 0.492186
vn 0 1 0
vn 0 1 0
vn 0 1 0
vn -0.850947 -0.185793 -0.491294
vn -0.850947 -0.185793 -0.491294
vn -0.850947 -0.185793 -0.491294
vn 0 1 0
vn 0 1 0
vn 0 1 0
vn 0 -0.213004 -0.977051
vn 0 -0.213004 -0.977051
vn 0 -0.213004 -0.977051
vn 0 1 0
vn 0 1 0
vn 0 1 0
vn 0.837107 -0.256258 -0.483304
vn 0.837107 -0.256258 -0.483304
vn 0.837107 -0.256258 -0.483304
vn 0 1 0
vn 0 1 0
vn 0 1 0
vn 0.833235 -0.272566 0.481069
vn 0.833235 -0.272566 0.481069
vn 0.833235 -0.272566 0.481069
vn 0 1 0
vn 0 1 0
vn 0 1 0
vn 0 -0.24652 0.969138
vn 0 -0.24652 0.969138
vn 0 -0.24652 0.969138
vn 0 1 0
vn 0 1 0
vn 0 1 0
vn -0.848002 -0.202953 0.489594
vn -0.848002 -0.202953 0.489594
vn -0.848002 -0.202953 0.489594
vn 0 1 0
vn 0 1 0
vn 0 1 0
vt 0.007813 0.992188
vt 0.242188 0.992188
vt 0.242188 0.757813
vt 0.257813 0.492188
vt 0.492188 0.257813
vt 0.257813 0.257813
vt 0.257813 0.492188
vt 0.492188 0.492188
vt 0.492188 0.257813
vt 0.757813 0.492188
vt 0.992188 0.257813
vt 0.757813 0.257813
vt 0.007813 0.992188
vt 0.242188 0.992188
vt 0.242188 0.757813
vt 0.257813 0.492188
vt 0.492188 0.257813
vt 0.257813 0.257813
vt 0.257813 0.492188
vt 0.492188 0.492188
vt 0.492188 0.257813
vt 0.757813 0.492188
vt 0.992188 0.257813
vt 0.757813 0.257813
vt 0.007813 0.992188
vt 0.242188 0.992188
vt 0.242188 0.757813
vt 0.257813 0.492188
vt 0.492188 0.257813
vt 0.257813 0.257813
vt 0.257813 0.492188
vt 0.492188 0.492188
vt 0.492188 0.257813
vt 0.757813 0.492188
vt 0.992188 0.257813
vt 0.757813 0.257813
vt 0.007813 0.992188
vt 0.242188 0.992188
vt 0.242188 0.757813
vt 0.257813 0.492188
vt 0.492188 0.257813
vt 0.257813 0.257813
vt 0.257813 0.492188
vt 0.492188 0.492188
vt 0.492188 0.257813
vt 0.757813 0.492188
vt 0.992188 0.257813
vt 0.757813 0.257813
vt 0.007813 0.992188
vt 0.242188 0.992188
vt 0.242188 0.757813
vt 0.257813 0.492188
vt 0.492188 0.257813
vt 0.257813 0.257813
vt 0.257813 0.492188
vt 0.492188 0.492188
vt 0.492188 0.257813
vt 0.757813 0.492188
vt 0.992188 0.257813
vt 0.757813 0.257813
vt 0.007813 0.992188
vt 0.242188 0.992188
vt 0.242188 0.757813
vt 0.257813 0.492188
vt 0.492188 0.257813
vt 0.257813 0.257813
vt 0.257813 0.492188
vt 0.492188 0.492188
vt 0.492188 0.257813
vt 0.757813 0.492188
vt 0.992188 0.257813
vt 0.757813 0.257813
vt 0.257813 0.742188
vt 0.492188 0.742188
vt 0.492188 0.507813
vt 0.257813 0.492188
vt 0.492188 0.257813
vt 0.257813 0.257813
vt 0.257813 0.492188
vt 0.492188 0.492188
vt 0.492188 0.257813
vt 0.757813 0.492188
vt 0.992188 0.257813
vt 0.757813 0.257813
vt 0.007813 0.992188
vt 0.242188 0.992188
vt 0.242188 0.757813
vt 0.257813 0.992188
vt 0.492188 0.757813
vt 0.257813 0.757813
vt 0.257813 0.492188
vt 0.492188 0.492188
vt 0.492188 0.257813
vt 0.757813 0.492188
vt 0.992188 0.257813
vt 0.757813 0.257813
vt 0.007813 0.992188
vt 0.242188 0.992188
vt 0.242188 0.757813
vt 0.257813 0.992188
vt 0.492188 0.757813
vt 0.257813 0.757813
vt 0.257813 0.492188
vt 0.492188 0.492188
vt 0.492188 0.257813
vt 0.257813 0.492188
vt 0.492188 0.257813
vt 0.257813 0.257813
vt 0.007813 0.992188
vt 0.242188 0.992188
vt 0.242188 0.757813
vt 0.257813 0.492188
vt 0.492188 0.257813
vt 0.257813 0.257813
vt 0.257813 0.492188
vt 0.492188 0.492188
vt 0.492188 0.257813
vt 0.257813 0.492188
vt 0.492188 0.257813
vt 0.257813 0.257813
vt 0.257813 0.742188
vt 0.492188 0.742188
vt 0.492188 0.507813
vt 0.257813 0.492188
vt 0.492188 0.257813
vt 0.257813 0.257813
vt 0.257813 0.492188
vt 0.492188 0.492188
vt 0.492188 0.257813
vt 0.257813 0.492188
vt 0.492188 0.257813
vt 0.257813 0.257813
vt 0.007813 0.992188
vt 0.242188 0.992188
vt 0.242188 0.757813
vt 0.257813 0.992188
vt 0.492188 0.757813
vt 0.257813 0.757813
vt 0.257813 0.492188
vt 0.492188 0.492188
vt 0.492188 0.257813
vt 0.757813 0.492188
vt 0.992188 0.257813
vt 0.757813 0.257813
vt 0.007813 0.992188
vt 0.242188 0.992188
vt 0.242188 0.757813
vt 0.257813 0.992188
vt 0.492188 0.757813
vt 0.257813 0.757813
vt 0.257813 0.492188
vt 0.492188 0.492188
vt 0.492188 0.257813
vt 0.757813 0.492188
vt 0.992188 0.257813
vt 0.757813 0.257813
vt 0.007813 0.992188
vt 0.242188 0.992188
vt 0.242188 0.757813
vt 0.257813 0.992188
vt 0.492188 0.757813
vt 0.257813 0.757813
vt 0.257813 0.492188
vt 0.492188 0.492188
vt 0.492188 0.257813
vt 0.757813 0.492188
vt 0.992188 0.257813
vt 0.757813 0.257813
vt 0.007813 0.992188
vt 0.242188 0.992188
vt 0.242188 0.757813
vt 0.257813 0.992188
vt 0.492188 0.757813
vt 0.257813 0.757813
vt 0.257813 0.742188
vt 0.492188 0.742188
vt 0.492188 0.507813
vt 0.257813 0.492188
vt 0.492188 0.257813
vt 0.257813 0.257813
vt 0.257813 0.742188
vt 0.492188 0.742188
vt 0.492188 0.507813
vt 0.257813 0.492188
vt 0.492188 0.257813
vt 0.257813 0.257813
vt 0.257813 0.742188
vt 0.492188 0.742188
vt 0.492188 0.507813
vt 0.257813 0.492188
vt 0.492188 0.257813
vt 0.257813 0.257813
vt 0.257813 0.742188
vt 0.492188 0.742188
vt 0.492188 0.507813
vt 0.257813 0.492188
vt 0.492188 0.257813
vt 0.257813 0.257813
vt 0.257813 0.742188
vt 0.492188 0.742188
vt 0.492188 0.507813
vt 0.257813 0.492188
vt 0.492188 0.257813
vt 0.257813 0.257813
vt 0.007813 0.992188
vt 0.242188 0.992188
vt 0.242188 0.757813
vt 0.257813 0.992188
vt 0.492188 0.757813
vt 0.257813 0.757813
vt 0.257813 0.492188
vt 0.492188 0.492188
vt 0.492188 0.257813
vt 0.257813 0.492188
vt 0.492188 0.257813
vt 0.257813 0.257813
vt 0.007813 0.992188
vt 0.242188 0.992188
vt 0.242188 0.757813
vt 0.257813 0.992188
vt 0.492188 0.757813
vt 0.257813 0.757813
vt 0.257813 0.492188
vt 0.492188 0.492188
vt 0.492188 0.257813
vt 0.257813 0.492188
vt 0.492188 0.257813
vt 0.257813 0.257813
vt 0.007813 0.992188
vt 0.242188 0.992188
vt 0.242188 0.757813
vt 0.257813 0.992188
vt 0.492188 0.757813
vt 0.257813 0.757813
vt 0.257813 0.492188
vt 0.492188 0.492188
vt 0.492188 0.257813
vt 0.257813 0.492188
vt 0.492188 0.257813
vt 0.257813 0.257813
vt 0.007813 0.992188
vt 0.242188 0.992188
vt 0.242188 0.757813
vt 0.257813 0.992188
vt 0.492188 0.757813
vt 0.257813 0.757813
vt 0.257813 0.492188
vt 0.492188 0.492188
vt 0.492188 0.257813
vt 0.257813 0.492188
vt 0.492188 0.257813
vt 0.257813 0.257813
vt 0.007813 0.992188
vt 0.242188 0.992188
vt 0.242188 0.757813
vt 0.257813 0.992188
vt 0.492188 0.757813
vt 0.257813 0.757813
vt 0.257813 0.492188
vt 0.492188 0.492188
vt 0.492188 0.257813
vt 0.257813 0.492188
vt 0.492188 0.257813
vt 0.257813 0.257813
vt 0.007813 0.992188
vt 0.242188 0.992188
vt 0.242188 0.757813
vt 0.257813 0.992188
vt 0.492188 0.757813
vt 0.257813 0.757813
vt 0.257813 0.492188
vt 0.492188 0.492188
vt 0.492188 0.257813
vt 0.257813 0.492188
vt 0.492188 0.257813
vt 0.257813 0.257813
vt 0.257813 0.742188
vt 0.492188 0.742188
vt 0.492188 0.507813
vt 0.257813 0.492188
vt 0.492188 0.257813
vt 0.257813 0.257813
vt 0.257813 0.492188
vt 0.492188 0.492188
vt 0.492188 0.257813
vt 0.757813 0.492188
vt 0.992188 0.257813
vt 0.757813 0.257813
vt 0.007813 0.992188
vt 0.242188 0.992188
vt 0.242188 0.757813
vt 0.257813 0.992188
vt 0.492188 0.757813
vt 0.257813 0.757813
vt 0.257813 0.492188
vt 0.492188 0.492188
vt 0.492188 0.257813
vt 0.757813 0.492188
vt 0.992188 0.257813
vt 0.757813 0.257813
vt 0.007813 0.992188
vt 0.242188 0.992188
vt 0.242188 0.757813
vt 0.257813 0.992188
vt 0.492188 0.757813
vt 0.257813 0.757813
vt 0.257813 0.492188
vt 0.492188 0.492188
vt 0.492188 0.257813
vt 0.757813 0.492188
vt 0.992188 0.257813
vt 0.757813 0.257813
vt 0.007813 0.992188
vt 0.242188 0.992188
vt 0.242188 0.757813
vt 0.257813 0.992188
vt 0.492188 0.757813
vt 0.257813 0.757813
vt 0.257813 0.492188
vt 0.492188 0.492188
vt 0.492188 0.257813
vt 0.757813 0.492188
vt 0.992188 0.257813
vt 0.757813 0.257813
vt 0.507813 0.492188
vt 0.742188 0.492188
vt 0.742188 0.257813
vt 0.507813 0.992188
vt 0.742188 0.757813
vt 0.507813 0.757813
vt 0.757813 0.992188
vt 0.992188 0.992188
vt 0.992188 0.757813
vt 0.507813 0.492188
vt 0.742188 0.257813
vt 0.507813 0.257813
vt 0.507813 0.742188
vt 0.742188 0.742188
vt 0.742188 0.507813
vt 0.507813 0.992188
vt 0.742188 0.757813
vt 0.507813 0.757813
vt 0.507813 0.492188
vt 0.742188 0.492188
vt 0.742188 0.257813
vt 0.507813 0.492188
vt 0.742188 0.257813
vt 0.507813 0.257813
vt 0.007813 0.992188
vt 0.242188 0.992188
vt 0.242188 0.757813
vt 0.507813 0.992188
vt 0.742188 0.757813
vt 0.507813 0.757813
vt 0.757813 0.742188
vt 0.992188 0.742188
vt 0.992188 0.507813
vt 0.507813 0.492188
vt 0.742188 0.257813
vt 0.507813 0.257813
vt 0.507813 0.492188
vt 0.742188 0.492188
vt 0.742188 0.257813
vt 0.507813 0.992188
vt 0.742188 0.757813
vt 0.507813 0.757813
vt 0.757813 0.992188
vt 0.992188 0.992188
vt 0.992188 0.757813
vt 0.507813 0.492188
vt 0.742188 0.257813
vt 0.507813 0.257813
vt 0.507813 0.742188
vt 0.742188 0.742188
vt 0.742188 0.507813
vt 0.507813 0.992188
vt 0.742188 0.757813
vt 0.507813 0.757813
vt 0.507813 0.492188
vt 0.742188 0.492188
vt 0.742188 0.257813
vt 0.507813 0.492188
vt 0.742188 0.257813
vt 0.507813 0.257813
vt 0.007813 0.992188
vt 0.242188 0.992188
vt 0.242188 0.757813
vt 0.507813 0.992188
vt 0.742188 0.757813
vt 0.507813 0.757813
vt 0.507813 0.742188
vt 0.742188 0.742188
vt 0.742188 0.507813
vt 0.507813 0.492188
vt 0.742188 0.257813
vt 0.507813 0.257813
vt 0.007813 0.992188
vt 0.242188 0.992188
vt 0.242188 0.757813
vt 0.257813 0.492188
vt 0.492188 0.257813
vt 0.257813 0.257813
vt 0.257813 0.492188
vt 0.492188 0.492188
vt 0.492188 0.257813
vt 0.257813 0.492188
vt 0.492188 0.257813
vt 0.257813 0.257813
vt 0.007813 0.992188
vt 0.242188 0.992188
vt 0.242188 0.757813
vt 0.257813 0.492188
vt 0.492188 0.257813
vt 0.257813 0.257813
vt 0.257813 0.742188
vt 0.492188 0.742188
vt 0.492188 0.507813
vt 0.257813 0.492188
vt 0.492188 0.257813
vt 0.257813 0.257813
vt 0.257813 0.742188
vt 0.492188 0.742188
vt 0.492188 0.507813
vt 0.257813 0.492188
vt 0.492188 0.257813
vt 0.257813 0.257813
vt 0.257813 0.492188
vt 0.492188 0.492188
vt 0.492188 0.257813
vt 0.257813 0.492188
vt 0.492188 0.257813
vt 0.257813 0.257813
vt 0.007813 0.992188
vt 0.242188 0.992188
vt 0.242188 0.757813
vt 0.257813 0.492188
vt 0.492188 0.257813
vt 0.257813 0.257813
vt 0.257813 0.492188
vt 0.492188 0.492188
vt 0.492188 0.257813
vt 0.257813 0.492188
vt 0.492188 0.257813
vt 0.257813 0.257813
vt 0.007813 0.992188
vt 0.242188 0.992188
vt 0.242188 0.757813
vt 0.257813 0.492188
vt 0.492188 0.257813
vt 0.257813 0.257813
vt 0.257813 0.742188
vt 0.492188 0.742188
vt 0.492188 0.507813
vt 0.257813 0.492188
vt 0.492188 0.257813
vt 0.257813 0.257813
vt 0.257813 0.742188
vt 0.492188 0.742188
vt 0.492188 0.507813
vt 0.257813 0.492188
vt 0.492188 0.257813
vt 0.257813 0.257813
vt 0.257813 0.492188
vt 0.492188 0.492188
vt 0.492188 0.257813
vt 0.257813 0.492188
vt 0.492188 0.257813
vt 0.257813 0.257813
vt 0.007813 0.992188
vt 0.242188 0.992188
vt 0.242188 0.757813
vt 0.257813 0.492188
vt 0.492188 0.257813
vt 0.257813 0.257813
vt 0.257813 0.492188
vt 0.492188 0.492188
vt 0.492188 0.257813
vt 0.257813 0.492188
vt 0.492188 0.257813
vt 0.257813 0.257813
vt 0.007813 0.992188
vt 0.242188 0.992188
vt 0.242188 0.757813
vt 0.257813 0.492188
vt 0.492188 0.257813
vt 0.257813 0.257813
vt 0.257813 0.492188
vt 0.492188 0.492188
vt 0.492188 0.257813
vt 0.257813 0.492188
vt 0.492188 0.257813
vt 0.257813 0.257813
vt 0.007813 0.992188
vt 0.242188 0.992188
vt 0.242188 0.757813
vt 0.257813 0.492188
vt 0.492188 0.257813
vt 0.257813 0.257813
vt 0.257813 0.492188
vt 0.492188 0.492188
vt 0.492188 0.257813
vt 0.257813 0.492188
vt 0.492188 0.257813
vt 0.257813 0.257813
vt 0.007813 0.992188
vt 0.242188 0.992188
vt 0.242188 0.757813
vt 0.257813 0.492188
vt 0.492188 0.257813
vt 0.257813 0.257813
vt 0.257813 0.492188
vt 0.492188 0.492188
vt 0.492188 0.257813
vt 0.257813 0.492188
vt 0.492188 0.257813
vt 0.257813 0.257813
vt 0.007813 0.992188
vt 0.242188 0.992188
vt 0.242188 0.757813
vt 0.257813 0.492188
vt 0.492188 0.257813
vt 0.257813 0.257813
vt 0.257813 0.492188
vt 0.492188 0.492188
vt 0.492188 0.257813
vt 0.257813 0.492188
vt 0.492188 0.257813
vt 0.257813 0.257813
vt 0.257813 0.742188
vt 0.492188 0.742188
vt 0.492188 0.507813
vt 0.257813 0.492188
vt 0.492188 0.257813
vt 0.257813 0.257813
vt 0.257813 0.492188
vt 0.492188 0.492188
vt 0.492188 0.257813
vt 0.257813 0.492188
vt 0.492188 0.257813
vt 0.257813 0.257813
vt 0.007813 0.992188
vt 0.242188 0.992188
vt 0.242188 0.757813
vt 0.257813 0.492188
vt 0.492188 0.257813
vt 0.257813 0.257813
vt 0.257813 0.492188
vt 0.492188 0.492188
vt 0.492188 0.257813
vt 0.257813 0.492188
vt 0.492188 0.257813
vt 0.257813 0.257813
vt 0.007813 0.992188
vt 0.242188 0.992188
vt 0.242188 0.757813
vt 0.257813 0.492188
vt 0.492188 0.257813
vt 0.257813 0.257813
vt 0.257813 0.742188
vt 0.492188 0.742188
vt 0.492188 0.507813
vt 0.257813 0.492188
vt 0.492188 0.257813
vt 0.257813 0.257813
vt 0.257813 0.742188
vt 0.492188 0.742188
vt 0.492188 0.507813
vt 0.257813 0.492188
vt 0.492188 0.257813
vt 0.257813 0.257813
vt 0.257813 0.492188
vt 0.492188 0.492188
vt 0.492188 0.257813
vt 0.257813 0.492188
vt 0.492188 0.257813
vt 0.257813 0.257813
vt 0.007813 0.992188
vt 0.242188 0.992188
vt 0.242188 0.757813
vt 0.257813 0.492188
vt 0.492188 0.257813
vt 0.257813 0.257813
vt 0.257813 0.492188
vt 0.492188 0.492188
vt 0.492188 0.257813
vt 0.257813 0.492188
vt 0.492188 0.257813
vt 0.257813 0.257813
vt 0.007813 0.992188
vt 0.242188 0.992188
vt 0.242188 0.757813
vt 0.257813 0.492188
vt 0.492188 0.257813
vt 0.257813 0.257813
vt 0.257813 0.492188
vt 0.492188 0.492188
vt 0.492188 0.257813
vt 0.257813 0.492188
vt 0.492188 0.257813
vt 0.257813 0.257813
vt 0.007813 0.992188
vt 0.242188 0.992188
vt 0.242188 0.757813
vt 0.257813 0.492188
vt 0.492188 0.257813
vt 0.257813 0.257813
vt 0.257813 0.492188
vt 0.492188 0.492188
vt 0.492188 0.257813
vt 0.257813 0.492188
vt 0.492188 0.257813
vt 0.257813 0.257813
vt 0.007813 0.992188
vt 0.242188 0.992188
vt 0.242188 0.757813
vt 0.257813 0.492188
vt 0.492188 0.257813
vt 0.257813 0.257813
vt 0.257813 0.492188
vt 0.492188 0.492188
vt 0.492188 0.257813
vt 0.257813 0.492188
vt 0.492188 0.257813
vt 0.257813 0.257813
vt 0.007813 0.992188
vt 0.242188 0.992188
vt 0.242188 0.757813
vt 0.257813 0.492188
vt 0.492188 0.257813
vt 0.257813 0.257813
vt 0.257813 0.492188
vt 0.492188 0.492188
vt 0.492188 0.257813
vt 0.257813 0.492188
vt 0.492188 0.257813
vt 0.257813 0.257813
vt 0.007813 0.992188
vt 0.242188 0.992188
vt 0.242188 0.757813
vt 0.257813 0.492188
vt 0.492188 0.257813
vt 0.257813 0.257813
vt 0.257813 0.492188
vt 0.492188 0.492188
vt 0.492188 0.257813
vt 0.257813 0.492188
vt 0.492188 0.257813
vt 0.257813 0.257813
vt 0.007813 0.992188
vt 0.242188 0.992188
vt 0.242188 0.757813
vt 0.257813 0.492188
vt 0.492188 0.257813
vt 0.257813 0.257813
vt 0.257813 0.492188
vt 0.492188 0.492188
vt 0.492188 0.257813
vt 0.257813 0.492188
vt 0.492188 0.257813
vt 0.257813 0.257813
vt 0.007813 0.992188
vt 0.242188 0.992188
vt 0.242188 0.757813
vt 0.257813 0.492188
vt 0.492188 0.257813
vt 0.257813 0.257813
vt 0.257813 0.742188
vt 0.492188 0.742188
vt 0.492188 0.507813
vt 0.257813 0.492188
vt 0.492188 0.257813
vt 0.257813 0.257813
vt 0.257813 0.742188
vt 0.492188 0.742188
vt 0.492188 0.507813
vt 0.257813 0.492188
vt 0.492188 0.257813
vt 0.257813 0.257813
vt 0.257813 0.492188
vt 0.492188 0.492188
vt 0.492188 0.257813
vt 0.257813 0.492188
vt 0.492188 0.257813
vt 0.257813 0.257813
vt 0.007813 0.992188
vt 0.242188 0.992188
vt 0.242188 0.757813
vt 0.257813 0.492188
vt 0.492188 0.257813
vt 0.257813 0.257813
vt 0.257813 0.492188
vt 0.492188 0.492188
vt 0.492188 0.257813
vt 0.257813 0.492188
vt 0.492188 0.257813
vt 0.257813 0.257813
vt 0.007813 0.992188
vt 0.242188 0.992188
vt 0.242188 0.757813
vt 0.257813 0.492188
vt 0.492188 0.257813
vt 0.257813 0.257813
vt 0.257813 0.742188
vt 0.492188 0.742188
vt 0.492188 0.507813
vt 0.257813 0.492188
vt 0.492188 0.257813
vt 0.257813 0.257813
vt 0.257813 0.742188
vt 0.492188 0.742188
vt 0.492188 0.507813
vt 0.257813 0.492188
vt 0.492188 0.257813
vt 0.257813 0.257813
vt 0.257813 0.492188
vt 0.492188 0.492188
vt 0.492188 0.257813
vt 0.257813 0.492188
vt 0.492188 0.257813
vt 0.257813 0.257813
vt 0.007813 0.992188
vt 0.242188 0.992188
vt 0.242188 0.757813
vt 0.257813 0.492188
vt 0.492188 0.257813
vt 0.257813 0.257813
vt 0.257813 0.492188
vt 0.492188 0.492188
vt 0.492188 0.257813
vt 0.257813 0.492188
vt 0.492188 0.257813
vt 0.257813 0.257813
vt 0.007813 0.992188
vt 0.242188 0.992188
vt 0.242188 0.757813
vt 0.257813 0.492188
vt 0.492188 0.257813
vt 0.257813 0.257813
vt 0.257813 0.492188
vt 0.492188 0.492188
vt 0.492188 0.257813
vt 0.257813 0.492188
vt 0.492188 0.257813
vt 0.257813 0.257813
vt 0.257813 0.742188
vt 0.492188 0.742188
vt 0.492188 0.507813
vt 0.257813 0.492188
vt 0.492188 0.257813
vt 0.257813 0.257813
vt 0.257813 0.492188
vt 0.492188 0.492188
vt 0.492188 0.257813
vt 0.257813 0.492188
vt 0.492188 0.257813
vt 0.257813 0.257813
vt 0.007813 0.992188
vt 0.242188 0.992188
vt 0.242188 0.757813
vt 0.257813 0.492188
vt 0.492188 0.257813
vt 0.257813 0.257813
vt 0.257813 0.492188
vt 0.492188 0.492188
vt 0.492188 0.257813
vt 0.257813 0.492188
vt 0.492188 0.257813
vt 0.257813 0.257813
vt 0.007813 0.992188
vt 0.242188 0.992188
vt 0.242188 0.757813
vt 0.257813 0.492188
vt 0.492188 0.257813
vt 0.257813 0.257813
vt 0.257813 0.492188
vt 0.492188 0.492188
vt 0.492188 0.257813
vt 0.257813 0.492188
vt 0.492188 0.257813
vt 0.257813 0.257813
vt 0.007813 0.992188
vt 0.242188 0.992188
vt 0.242188 0.757813
vt 0.257813 0.492188
vt 0.492188 0.257813
vt 0.257813 0.257813
vt 0.257813 0.492188
vt 0.492188 0.492188
vt 0.492188 0.257813
vt 0.257813 0.492188
vt 0.492188 0.257813
vt 0.257813 0.257813
vt 0.007813 0.992188
vt 0.242188 0.992188
vt 0.242188 0.757813
vt 0.257813 0.492188
vt 0.492188 0.257813
vt 0.257813 0.257813
vt 0.257813 0.492188
vt 0.492188 0.492188
vt 0.492188 0.257813
vt 0.257813 0.492188
vt 0.492188 0.257813
vt 0.257813 0.257813
vt 0.007813 0.992188
vt 0.242188 0.992188
vt 0.242188 0.757813
vt 0.257813 0.492188
vt 0.492188 0.257813
vt 0.257813 0.257813
vt 0.257813 0.492188
vt 0.492188 0.492188
vt 0.492188 0.257813
vt 0.257813 0.492188
vt 0.492188 0.257813
vt 0.257813 0.257813
vt 0.007813 0.992188
vt 0.242188 0.992188
vt 0.242188 0.757813
vt 0.257813 0.492188
vt 0.492188 0.257813
vt 0.257813 0.257813
vt 0.257813 0.492188
vt 0.492188 0.492188
vt 0.492188 0.257813
vt 0.257813 0.492188
vt 0.492188 0.257813
vt 0.257813 0.257813
vt 0.007813 0.992188
vt 0.242188 0.992188
vt 0.242188 0.757813
vt 0.257813 0.492188
vt 0.492188 0.257813
vt 0.257813 0.257813
vt 0.257813 0.492188
vt 0.492188 0.492188
vt 0.492188 0.257813
vt 0.257813 0.492188
vt 0.492188 0.257813
vt 0.257813 0.257813
vt 0.007813 0.992188
vt 0.242188 0.992188
vt 0.242188 0.757813
vt 0.257813 0.492188
vt 0.492188 0.257813
vt 0.257813 0.257813
vt 0.257813 0.742188
vt 0.492188 0.742188
vt 0.492188 0.507813
vt 0.257813 0.492188
vt 0.492188 0.257813
vt 0.257813 0.257813
vt 0.257813 0.742188
vt 0.492188 0.742188
vt 0.492188 0.507813
vt 0.257813 0.492188
vt 0.492188 0.257813
vt 0.257813 0.257813
vt 0.257813 0.492188
vt 0.492188 0.492188
vt 0.492188 0.257813
vt 0.257813 0.492188
vt 0.492188 0.257813
vt 0.257813 0.257813
vt 0.007813 0.992188
vt 0.242188 0.992188
vt 0.242188 0.757813
vt 0.257813 0.492188
vt 0.492188 0.257813
vt 0.257813 0.257813
vt 0.257813 0.492188
vt 0.492188 0.492188
vt 0.492188 0.257813
vt 0.257813 0.492188
vt 0.492188 0.257813
vt 0.257813 0.257813
vt 0.007813 0.992188
vt 0.242188 0.992188
vt 0.242188 0.757813
vt 0.257813 0.492188
vt 0.492188 0.257813
vt 0.257813 0.257813
vt 0.257813 0.742188
vt 0.492188 0.742188
vt 0.492188 0.507813
vt 0.257813 0.492188
vt 0.492188 0.257813
vt 0.257813 0.257813
vt 0.257813 0.742188
vt 0.492188 0.742188
vt 0.492188 0.507813
vt 0.257813 0.492188
vt 0.492188 0.257813
vt 0.257813 0.257813
vt 0.257813 0.492188
vt 0.492188 0.492188
vt 0.492188 0.257813
vt 0.257813 0.492188
vt 0.492188 0.257813
vt 0.257813 0.257813
vt 0.007813 0.992188
vt 0.242188 0.992188
vt 0.242188 0.757813
vt 0.257813 0.492188
vt 0.492188 0.257813
vt 0.257813 0.257813
vt 0.257813 0.492188
vt 0.492188 0.492188
vt 0.492188 0.257813
vt 0.257813 0.492188
vt 0.492188 0.257813
vt 0.257813 0.257813
vt 0.007813 0.992188
vt 0.242188 0.992188
vt 0.242188 0.757813
vt 0.257813 0.492188
vt 0.492188 0.257813
vt 0.257813 0.257813
vt 0.257813 0.492188
vt 0.492188 0.492188
vt 0.492188 0.257813
vt 0.257813 0.492188
vt 0.492188 0.257813
vt 0.257813 0.257813
vt 0.007813 0.992188
vt 0.242188 0.992188
vt 0.242188 0.757813
vt 0.257813 0.492188
vt 0.492188 0.257813
vt 0.257813 0.257813
vt 0.257813 0.492188
vt 0.492188 0.492188
vt 0.492188 0.257813
vt 0.257813 0.492188
vt 0.492188 0.257813
vt 0.257813 0.257813
vt 0.007813 0.992188
vt 0.242188 0.992188
vt 0.242188 0.757813
vt 0.257813 0.492188
vt 0.492188 0.257813
vt 0.257813 0.257813
vt 0.257813 0.492188
vt 0.492188 0.492188
vt 0.492188 0.257813
vt 0.257813 0.492188
vt 0.492188 0.257813
vt 0.257813 0.257813
vt 0.007813 0.992188
vt 0.242188 0.992188
vt 0.242188 0.757813
vt 0.257813 0.492188
vt 0.492188 0.257813
vt 0.257813 0.257813
vt 0.257813 0.492188
vt 0.492188 0.492188
vt 0.492188 0.257813
vt 0.257813 0.492188
vt 0.492188 0.257813
vt 0.257813 0.257813
vt 0.257813 0.742188
vt 0.492188 0.742188
vt 0.492188 0.507813
vt 0.257813 0.492188
vt 0.492188 0.257813
vt 0.257813 0.257813
vt 0.257813 0.492188
vt 0.492188 0.492188
vt 0.492188 0.257813
vt 0.257813 0.492188
vt 0.492188 0.257813
vt 0.257813 0.257813
vt 0.007813 0.992188
vt 0.242188 0.992188
vt 0.242188 0.757813
vt 0.257813 0.492188
vt 0.492188 0.257813
vt 0.257813 0.257813
vt 0.257813 0.492188
vt 0.492188 0.492188
vt 0.492188 0.257813
vt 0.257813 0.492188
vt 0.492188 0.257813
vt 0.257813 0.257813
vt 0.007813 0.992188
vt 0.242188 0.992188
vt 0.242188 0.757813
vt 0.257813 0.492188
vt 0.492188 0.257813
vt 0.257813 0.257813
vt 0.257813 0.742188
vt 0.492188 0.742188
vt 0.492188 0.507813
vt 0.257813 0.492188
vt 0.492188 0.257813
vt 0.257813 0.257813
vt 0.257813 0.742188
vt 0.492188 0.742188
vt 0.492188 0.507813
vt 0.257813 0.492188
vt 0.492188 0.257813
vt 0.257813 0.257813
vt 0.257813 0.492188
vt 0.492188 0.492188
vt 0.492188 0.257813
vt 0.257813 0.492188
vt 0.492188 0.257813
vt 0.257813 0.257813
vt 0.007813 0.992188
vt 0.242188 0.992188
vt 0.242188 0.757813
vt 0.257813 0.492188
vt 0.492188 0.257813
vt 0.257813 0.257813
vt 0.257813 0.492188
vt 0.492188 0.492188
vt 0.492188 0.257813
vt 0.257813 0.492188
vt 0.492188 0.257813
vt 0.257813 0.257813
vt 0.007813 0.992188
vt 0.242188 0.992188
vt 0.242188 0.757813
vt 0.257813 0.492188
vt 0.492188 0.257813
vt 0.257813 0.257813
vt 0.257813 0.492188
vt 0.492188 0.492188
vt 0.492188 0.257813
vt 0.257813 0.492188
vt 0.492188 0.257813
vt 0.257813 0.257813
vt 0.007813 0.992188
vt 0.242188 0.992188
vt 0.242188 0.757813
vt 0.257813 0.492188
vt 0.492188 0.257813
vt 0.257813 0.257813
vt 0.257813 0.492188
vt 0.492188 0.492188
vt 0.492188 0.257813
vt 0.257813 0.492188
vt 0.492188 0.257813
vt 0.257813 0.257813
vt 0.007813 0.992188
vt 0.242188 0.992188
vt 0.242188 0.757813
vt 0.257813 0.492188
vt 0.492188 0.257813
vt 0.257813 0.257813
vt 0.257813 0.492188
vt 0.492188 0.492188
vt 0.492188 0.257813
vt 0.257813 0.492188
vt 0.492188 0.257813
vt 0.257813 0.257813
vt 0.007813 0.992188
vt 0.242188 0.992188
vt 0.242188 0.757813
vt 0.257813 0.492188
vt 0.492188 0.257813
vt 0.257813 0.257813
vt 0.257813 0.492188
vt 0.492188 0.492188
vt 0.492188 0.257813
vt 0.257813 0.492188
vt 0.492188 0.257813
vt 0.257813 0.257813
vt 0.007813 0.992188
vt 0.242188 0.992188
vt 0.242188 0.757813
vt 0.257813 0.492188
vt 0.492188 0.257813
vt 0.257813 0.257813
vt 0.257813 0.492188
vt 0.492188 0.492188
vt 0.492188 0.257813
vt 0.257813 0.492188
vt 0.492188 0.257813
vt 0.257813 0.257813
vt 0.007813 0.992188
vt 0.242188 0.992188
vt 0.242188 0.757813
vt 0.257813 0.492188
vt 0.492188 0.257813
vt 0.257813 0.257813
vt 0.257813 0.492188
vt 0.492188 0.492188
vt 0.492188 0.257813
vt 0.257813 0.492188
vt 0.492188 0.257813
vt 0.257813 0.257813
vt 0.007813 0.992188
vt 0.242188 0.992188
vt 0.242188 0.757813
vt 0.257813 0.492188
vt 0.492188 0.257813
vt 0.257813 0.257813
vt 0.257813 0.742188
vt 0.492188 0.742188
vt 0.492188 0.507813
vt 0.257813 0.492188
vt 0.492188 0.257813
vt 0.257813 0.257813
vt 0.257813 0.742188
vt 0.492188 0.742188
vt 0.492188 0.507813
vt 0.257813 0.492188
vt 0.492188 0.257813
vt 0.257813 0.257813
vt 0.257813 0.492188
vt 0.492188 0.492188
vt 0.492188 0.257813
vt 0.257813 0.492188
vt 0.492188 0.257813
vt 0.257813 0.257813
vt 0.007813 0.992188
vt 0.242188 0.992188
vt 0.242188 0.757813
vt 0.257813 0.492188
vt 0.492188 0.257813
vt 0.257813 0.257813
vt 0.257813 0.492188
vt 0.492188 0.492188
vt 0.492188 0.257813
vt 0.257813 0.492188
vt 0.492188 0.257813
vt 0.257813 0.257813
vt 0.007813 0.992188
vt 0.242188 0.992188
vt 0.242188 0.757813
vt 0.257813 0.492188
vt 0.492188 0.257813
vt 0.257813 0.257813
vt 0.257813 0.742188
vt 0.492188 0.742188
vt 0.492188 0.507813
vt 0.257813 0.492188
vt 0.492188 0.257813
vt 0.257813 0.257813
vt 0.257813 0.742188
vt 0.492188 0.742188
vt 0.492188 0.507813
vt 0.257813 0.492188
vt 0.492188 0.257813
vt 0.257813 0.257813
vt 0.257813 0.492188
vt 0.492188 0.492188
vt 0.492188 0.257813
vt 0.257813 0.492188
vt 0.492188 0.257813
vt 0.257813 0.257813
vt 0.007813 0.992188
vt 0.242188 0.992188
vt 0.242188 0.757813
vt 0.257813 0.492188
vt 0.492188 0.257813
vt 0.257813 0.257813
vt 0.257813 0.492188
vt 0.492188 0.492188
vt 0.492188 0.257813
vt 0.257813 0.492188
vt 0.492188 0.257813
vt 0.257813 0.257813
vt 0.007813 0.992188
vt 0.242188 0.992188
vt 0.242188 0.757813
vt 0.257813 0.492188
vt 0.492188 0.257813
vt 0.257813 0.257813
vt 0.257813 0.492188
vt 0.492188 0.492188
vt 0.492188 0.257813
vt 0.257813 0.492188
vt 0.492188 0.257813
vt 0.257813 0.257813
vt 0.257813 0.742188
vt 0.492188 0.742188
vt 0.492188 0.507813
vt 0.257813 0.492188
vt 0.492188 0.257813
vt 0.257813 0.257813
vt 0.257813 0.492188
vt 0.492188 0.492188
vt 0.492188 0.257813
vt 0.257813 0.492188
vt 0.492188 0.257813
vt 0.257813 0.257813
vt 0.007813 0.992188
vt 0.242188 0.992188
vt 0.242188 0.757813
vt 0.257813 0.492188
vt 0.492188 0.257813
vt 0.257813 0.257813
vt 0.257813 0.492188
vt 0.492188 0.492188
vt 0.492188 0.257813
vt 0.257813 0.492188
vt 0.492188 0.257813
vt 0.257813 0.257813
vt 0.007813 0.992188
vt 0.242188 0.992188
vt 0.242188 0.757813
vt 0.257813 0.492188
vt 0.492188 0.257813
vt 0.257813 0.257813
vt 0.257813 0.492188
vt 0.492188 0.492188
vt 0.492188 0.257813
vt 0.257813 0.492188
vt 0.492188 0.257813
vt 0.257813 0.257813
vt 0.007813 0.992188
vt 0.242188 0.992188
vt 0.242188 0.757813
vt 0.257813 0.492188
vt 0.492188 0.257813
vt 0.257813 0.257813
vt 0.257813 0.492188
vt 0.492188 0.492188
vt 0.492188 0.257813
vt 0.257813 0.492188
vt 0.492188 0.257813
vt 0.257813 0.257813
vt 0.007813 0.992188
vt 0.242188 0.992188
vt 0.242188 0.757813
vt 0.257813 0.492188
vt 0.492188 0.257813
vt 0.257813 0.257813
vt 0.257813 0.492188
vt 0.492188 0.492188
vt 0.492188 0.257813
vt 0.257813 0.492188
vt 0.492188 0.257813
vt 0.257813 0.257813
vt 0.007813 0.992188
vt 0.242188 0.992188
vt 0.242188 0.757813
vt 0.257813 0.492188
vt 0.492188 0.257813
vt 0.257813 0.257813
vt 0.257813 0.492188
vt 0.492188 0.492188
vt 0.492188 0.257813
vt 0.257813 0.492188
vt 0.492188 0.257813
vt 0.257813 0.257813
vt 0.007813 0.992188
vt 0.242188 0.992188
vt 0.242188 0.757813
vt 0.257813 0.492188
vt 0.492188 0.257813
vt 0.257813 0.257813
vt 0.257813 0.492188
vt 0.492188 0.492188
vt 0.492188 0.257813
vt 0.257813 0.492188
vt 0.492188 0.257813
vt 0.257813 0.257813
vt 0.007813 0.992188
vt 0.242188 0.992188
vt 0.242188 0.757813
vt 0.257813 0.492188
vt 0.492188 0.257813
vt 0.257813 0.257813
vt 0.257813 0.492188
vt 0.492188 0.492188
vt 0.492188 0.257813
vt 0.257813 0.492188
vt 0.492188 0.257813
vt 0.257813 0.257813
vt 0.007813 0.992188
vt 0.242188 0.992188
vt 0.242188 0.757813
vt 0.257813 0.492188
vt 0.492188 0.257813
vt 0.257813 0.257813
vt 0.257813 0.742188
vt 0.492188 0.742188
vt 0.492188 0.507813
vt 0.257813 0.492188
vt 0.492188 0.257813
vt 0.257813 0.257813
vt 0.257813 0.742188
vt 0.492188 0.742188
vt 0.492188 0.507813
vt 0.257813 0.492188
vt 0.492188 0.257813
vt 0.257813 0.257813
vt 0.257813 0.492188
vt 0.492188 0.492188
vt 0.492188 0.257813
vt 0.257813 0.492188
vt 0.492188 0.257813
vt 0.257813 0.257813
vt 0.007813 0.992188
vt 0.242188 0.992188
vt 0.242188 0.757813
vt 0.257813 0.492188
vt 0.492188 0.257813
vt 0.257813 0.257813
vt 0.257813 0.492188
vt 0.492188 0.492188
vt 0.492188 0.257813
vt 0.257813 0.492188
vt 0.492188 0.257813
vt 0.257813 0.257813
vt 0.007813 0.992188
vt 0.242188 0.992188
vt 0.242188 0.757813
vt 0.257813 0.492188
vt 0.492188 0.257813
vt 0.257813 0.257813
vt 0.257813 0.742188
vt 0.492188 0.742188
vt 0.492188 0.507813
vt 0.257813 0.492188
vt 0.492188 0.257813
vt 0.257813 0.257813
vt 0.257813 0.742188
vt 0.492188 0.742188
vt 0.492188 0.507813
vt 0.257813 0.492188
vt 0.492188 0.257813
vt 0.257813 0.257813
vt 0.257813 0.492188
vt 0.492188 0.492188
vt 0.492188 0.257813
vt 0.257813 0.492188
vt 0.492188 0.257813
vt 0.257813 0.257813
vt 0.007813 0.992188
vt 0.242188 0.992188
vt 0.242188 0.757813
vt 0.257813 0.492188
vt 0.492188 0.257813
vt 0.257813 0.257813
vt 0.257813 0.492188
vt 0.492188 0.492188
vt 0.492188 0.257813
vt 0.257813 0.492188
vt 0.492188 0.257813
vt 0.257813 0.257813
vt 0.007813 0.992188
vt 0.242188 0.992188
vt 0.242188 0.757813
vt 0.257813 0.492188
vt 0.492188 0.257813
vt 0.257813 0.257813
vt 0.257813 0.492188
vt 0.492188 0.492188
vt 0.492188 0.257813
vt 0.257813 0.492188
vt 0.492188 0.257813
vt 0.257813 0.257813
vt 0.007813 0.992188
vt 0.242188 0.992188
vt 0.242188 0.757813
vt 0.257813 0.492188
vt 0.492188 0.257813
vt 0.257813 0.257813
vt 0.257813 0.492188
vt 0.492188 0.492188
vt 0.492188 0.257813
vt 0.257813 0.492188
vt 0.492188 0.257813
vt 0.257813 0.257813
vt 0.007813 0.992188
vt 0.242188 0.992188
vt 0.242188 0.757813
vt 0.257813 0.492188
vt 0.492188 0.257813
vt 0.257813 0.257813
vt 0.257813 0.492188
vt 0.492188 0.492188
vt 0.492188 0.257813
vt 0.257813 0.492188
vt 0.492188 0.257813
vt 0.257813 0.257813
vt 0.007813 0.992188
vt 0.242188 0.992188
vt 0.242188 0.757813
vt 0.257813 0.492188
vt 0.492188 0.257813
vt 0.257813 0.257813
vt 0.257813 0.492188
vt 0.492188 0.492188
vt 0.492188 0.257813
vt 0.257813 0.492188
vt 0.492188 0.257813
vt 0.257813 0.257813
vt 0.257813 0.742188
vt 0.492188 0.742188
vt 0.492188 0.507813
vt 0.257813 0.492188
vt 0.492188 0.257813
vt 0.257813 0.257813
vt 0.257813 0.492188
vt 0.492188 0.492188
vt 0.492188 0.257813
vt 0.257813 0.492188
vt 0.492188 0.257813
vt 0.257813 0.257813
vt 0.007813 0.992188
vt 0.242188 0.992188
vt 0.242188 0.757813
vt 0.257813 0.492188
vt 0.492188 0.257813
vt 0.257813 0.257813
vt 0.257813 0.492188
vt 0.492188 0.492188
vt 0.492188 0.257813
vt 0.257813 0.492188
vt 0.492188 0.257813
vt 0.257813 0.257813
vt 0.007813 0.992188
vt 0.242188 0.992188
vt 0.242188 0.757813
vt 0.257813 0.492188
vt 0.492188 0.257813
vt 0.257813 0.257813
vt 0.257813 0.742188
vt 0.492188 0.742188
vt 0.492188 0.507813
vt 0.257813 0.492188
vt 0.492188 0.257813
vt 0.257813 0.257813
vt 0.257813 0.742188
vt 0.492188 0.742188
vt 0.492188 0.507813
vt 0.257813 0.492188
vt 0.492188 0.257813
vt 0.257813 0.257813
vt 0.257813 0.492188
vt 0.492188 0.492188
vt 0.492188 0.257813
vt 0.257813 0.492188
vt 0.492188 0.257813
vt 0.257813 0.257813
vt 0.007813 0.992188
vt 0.242188 0.992188
vt 0.242188 0.757813
vt 0.257813 0.492188
vt 0.492188 0.257813
vt 0.257813 0.257813
vt 0.257813 0.492188
vt 0.492188 0.492188
vt 0.492188 0.257813
vt 0.257813 0.492188
vt 0.492188 0.257813
vt 0.257813 0.257813
vt 0.007813 0.992188
vt 0.242188 0.992188
vt 0.242188 0.757813
vt 0.257813 0.492188
vt 0.492188 0.257813
vt 0.257813 0.257813
vt 0.257813 0.492188
vt 0.492188 0.492188
vt 0.492188 0.257813
vt 0.257813 0.492188
vt 0.492188 0.257813
vt 0.257813 0.257813
vt 0.007813 0.992188
vt 0.242188 0.992188
vt 0.242188 0.757813
vt 0.257813 0.492188
vt 0.492188 0.257813
vt 0.257813 0.257813
vt 0.257813 0.492188
vt 0.492188 0.492188
vt 0.492188 0.257813
vt 0.257813 0.492188
vt 0.492188 0.257813
vt 0.257813 0.257813
vt 0.007813 0.992188
vt 0.242188 0.992188
vt 0.242188 0.757813
vt 0.257813 0.492188
vt 0.492188 0.257813
vt 0.257813 0.257813
vt 0.257813 0.492188
vt 0.492188 0.492188
vt 0.492188 0.257813
vt 0.257813 0.492188
vt 0.492188 0.257813
vt 0.257813 0.257813
vt 0.007813 0.992188
vt 0.242188 0.992188
vt 0.242188 0.757813
vt 0.257813 0.492188
vt 0.492188 0.257813
vt 0.257813 0.257813
vt 0.257813 0.742188
vt 0.492188 0.742188
vt 0.492188 0.507813
vt 0.257813 0.492188
vt 0.492188 0.257813
vt 0.257813 0.257813
vt 0.257813 0.742188
vt 0.492188 0.742188
vt 0.492188 0.507813
vt 0.257813 0.492188
vt 0.492188 0.257813
vt 0.257813 0.257813
vt 0.257813 0.742188
vt 0.492188 0.742188
vt 0.492188 0.507813
vt 0.257813 0.492188
vt 0.492188 0.257813
vt 0.257813 0.257813
vt 0.007813 0.992188
vt 0.242188 0.992188
vt 0.242188 0.757813
vt 0.257813 0.492188
vt 0.492188 0.257813
vt 0.257813 0.257813
vt 0.257813 0.492188
vt 0.492188 0.492188
vt 0.492188 0.257813
vt 0.257813 0.492188
vt 0.492188 0.257813
vt 0.257813 0.257813
vt 0.007813 0.992188
vt 0.242188 0.992188
vt 0.242188 0.757813
vt 0.257813 0.492188
vt 0.492188 0.257813
vt 0.257813 0.257813
vt 0.257813 0.742188
vt 0.492188 0.742188
vt 0.492188 0.507813
vt 0.257813 0.492188
vt 0.492188 0.257813
vt 0.257813 0.257813
vt 0.257813 0.742188
vt 0.492188 0.742188
vt 0.492188 0.507813
vt 0.257813 0.492188
vt 0.492188 0.257813
vt 0.257813 0.257813
vt 0.257813 0.492188
vt 0.492188 0.492188
vt 0.492188 0.257813
vt 0.257813 0.492188
vt 0.492188 0.257813
vt 0.257813 0.257813
vt 0.007813 0.992188
vt 0.242188 0.992188
vt 0.242188 0.757813
vt 0.257813 0.492188
vt 0.492188 0.257813
vt 0.257813 0.257813
vt 0.257813 0.492188
vt 0.492188 0.492188
vt 0.492188 0.257813
vt 0.257813 0.492188
vt 0.492188 0.257813
vt 0.257813 0.257813
vt 0.007813 0.992188
vt 0.242188 0.992188
vt 0.242188 0.757813
vt 0.257813 0.492188
vt 0.492188 0.257813
vt 0.257813 0.257813
vt 0.257813 0.492188
vt 0.492188 0.492188
vt 0.492188 0.257813
vt 0.257813 0.492188
vt 0.492188 0.257813
vt 0.257813 0.257813
vt 0.257813 0.742188
vt 0.492188 0.742188
vt 0.492188 0.507813
vt 0.257813 0.492188
vt 0.492188 0.257813
vt 0.257813 0.257813
vt 0.257813 0.492188
vt 0.492188 0.492188
vt 0.492188 0.257813
vt 0.257813 0.492188
vt 0.492188 0.257813
vt 0.257813 0.257813
vt 0.007813 0.992188
vt 0.242188 0.992188
vt 0.242188 0.757813
vt 0.257813 0.492188
vt 0.492188 0.257813
vt 0.257813 0.257813
vt 0.257813 0.492188
vt 0.492188 0.492188
vt 0.492188 0.257813
vt 0.257813 0.492188
vt 0.492188 0.257813
vt 0.257813 0.257813
vt 0.007813 0.992188
vt 0.242188 0.992188
vt 0.242188 0.757813
vt 0.257813 0.492188
vt 0.492188 0.257813
vt 0.257813 0.257813
vt 0.257813 0.492188
vt 0.492188 0.492188
vt 0.492188 0.257813
vt 0.257813 0.492188
vt 0.492188 0.257813
vt 0.257813 0.257813
vt 0.007813 0.992188
vt 0.242188 0.992188
vt 0.242188 0.757813
vt 0.257813 0.492188
vt 0.492188 0.257813
vt 0.257813 0.257813
vt 0.257813 0.492188
vt 0.492188 0.492188
vt 0.492188 0.257813
vt 0.257813 0.492188
vt 0.492188 0.257813
vt 0.257813 0.257813
vt 0.007813 0.992188
vt 0.242188 0.992188
vt 0.242188 0.757813
vt 0.257813 0.492188
vt 0.492188 0.257813
vt 0.257813 0.257813
vt 0.257813 0.492188
vt 0.492188 0.492188
vt 0.492188 0.257813
vt 0.257813 0.492188
vt 0.492188 0.257813
vt 0.257813 0.257813
vt 0.007813 0.992188
vt 0.242188 0.992188
vt 0.242188 0.757813
vt 0.257813 0.492188
vt 0.492188 0.257813
vt 0.257813 0.257813
vt 0.257813 0.742188
vt 0.492188 0.742188
vt 0.492188 0.507813
vt 0.257813 0.492188
vt 0.492188 0.257813
vt 0.257813 0.257813
vt 0.257813 0.742188
vt 0.492188 0.742188
vt 0.492188 0.507813
vt 0.257813 0.492188
vt 0.492188 0.257813
vt 0.257813 0.257813
vt 0.257813 0.742188
vt 0.492188 0.742188
vt 0.492188 0.507813
vt 0.257813 0.492188
vt 0.492188 0.257813
vt 0.257813 0.257813
vt 0.007813 0.992188
vt 0.242188 0.992188
vt 0.242188 0.757813
vt 0.257813 0.492188
vt 0.492188 0.257813
vt 0.257813 0.257813
vt 0.257813 0.492188
vt 0.492188 0.492188
vt 0.492188 0.257813
vt 0.257813 0.492188
vt 0.492188 0.257813
vt 0.257813 0.257813
vt 0.007813 0.992188
vt 0.242188 0.992188
vt 0.242188 0.757813
vt 0.257813 0.492188
vt 0.492188 0.257813
vt 0.257813 0.257813
vt 0.257813 0.742188
vt 0.492188 0.742188
vt 0.492188 0.507813
vt 0.257813 0.492188
vt 0.492188 0.257813
vt 0.257813 0.257813
vt 0.257813 0.742188
vt 0.492188 0.742188
vt 0.492188 0.507813
vt 0.257813 0.492188
vt 0.492188 0.257813
vt 0.257813 0.257813
vt 0.257813 0.492188
vt 0.492188 0.492188
vt 0.492188 0.257813
vt 0.257813 0.492188
vt 0.492188 0.257813
vt 0.257813 0.257813
vt 0.007813 0.992188
vt 0.242188 0.992188
vt 0.242188 0.757813
vt 0.257813 0.492188
vt 0.492188 0.257813
vt 0.257813 0.257813
vt 0.257813 0.492188
vt 0.492188 0.492188
vt 0.492188 0.257813
vt 0.257813 0.492188
vt 0.492188 0.257813
vt 0.257813 0.257813
vt 0.007813 0.992188
vt 0.242188 0.992188
vt 0.242188 0.757813
vt 0.257813 0.492188
vt 0.492188 0.257813
vt 0.257813 0.257813
vt 0.257813 0.492188
vt 0.492188 0.492188
vt 0.492188 0.257813
vt 0.257813 0.492188
vt 0.492188 0.257813
vt 0.257813 0.257813
vt 0.257813 0.742188
vt 0.492188 0.742188
vt 0.492188 0.507813
vt 0.257813 0.492188
vt 0.492188 0.257813
vt 0.257813 0.257813
vt 0.257813 0.492188
vt 0.492188 0.492188
vt 0.492188 0.257813
vt 0.257813 0.492188
vt 0.492188 0.257813
vt 0.257813 0.257813
vt 0.007813 0.992188
vt 0.242188 0.992188
vt 0.242188 0.757813
vt 0.257813 0.492188
vt 0.492188 0.257813
vt 0.257813 0.257813
vt 0.257813 0.492188
vt 0.492188 0.492188
vt 0.492188 0.257813
vt 0.257813 0.492188
vt 0.492188 0.257813
vt 0.257813 0.257813
vt 0.007813 0.992188
vt 0.242188 0.992188
vt 0.242188 0.757813
vt 0.257813 0.492188
vt 0.492188 0.257813
vt 0.257813 0.257813
vt 0.257813 0.492188
vt 0.492188 0.492188
vt 0.492188 0.257813
vt 0.257813 0.492188
vt 0.492188 0.257813
vt 0.257813 0.257813
vt 0.007813 0.992188
vt 0.242188 0.992188
vt 0.242188 0.757813
vt 0.257813 0.492188
vt 0.492188 0.257813
vt 0.257813 0.257813
vt 0.257813 0.492188
vt 0.492188 0.492188
vt 0.492188 0.257813
vt 0.257813 0.492188
vt 0.492188 0.257813
vt 0.257813 0.257813
vt 0.007813 0.992188
vt 0.242188 0.992188
vt 0.242188 0.757813
vt 0.257813 0.492188
vt 0.492188 0.257813
vt 0.257813 0.257813
vt 0.257813 0.492188
vt 0.492188 0.492188
vt 0.492188 0.257813
vt 0.257813 0.492188
vt 0.492188 0.257813
vt 0.257813 0.257813
vt 0.007813 0.992188
vt 0.242188 0.992188
vt 0.242188 0.757813
vt 0.257813 0.492188
vt 0.492188 0.257813
vt 0.257813 0.257813
vt 0.257813 0.742188
vt 0.492188 0.742188
vt 0.492188 0.507813
vt 0.257813 0.492188
vt 0.492188 0.257813
vt 0.257813 0.257813
vt 0.257813 0.742188
vt 0.492188 0.742188
vt 0.492188 0.507813
vt 0.257813 0.492188
vt 0.492188 0.257813
vt 0.257813 0.257813
vt 0.257813 0.742188
vt 0.492188 0.742188
vt 0.492188 0.507813
vt 0.257813 0.492188
vt 0.492188 0.257813
vt 0.257813 0.257813
f 1/1/1 2/2/2 3/3/3
f 4/4/4 5/5/5 6/6/6
f 7/7/7 8/8/8 9/9/9
f 10/10/10 11/11/11 12/12/12
f 13/13/13 14/14/14 15/15/15
f 16/16/16 17/17/17 18/18/18
f 19/19/19 20/20/20 21/21/21
f 22/22/22 23/23/23 24/24/24
f 25/25/25 26/26/26 27/27/27
f 28/28/28 29/29/29 30/30/30
f 31/31/31 32/32/32 33/33/33
f 34/34/34 35/35/35 36/36/36
f 37/37/37 38/38/38 39/39/39
f 40/40/40 41/41/41 42/42/42
f 43/43/43 44/44/44 45/45/45
f 46/46/46 47/47/47 48/48/48
f 49/49/49 50/50/50 51/51/51
f 52/52/52 53/53/53 54/54/54
f 55/55/55 56/56/56 57/57/57
f 58/58/58 59/59/59 60/60/60
f 61/61/61 62/62/62 63/63/63
f 64/64/64 65/65/65 66/66/66
f 67/67/67 68/68/68 69/69/69
f 70/70/70 71/71/71 72/72/72
f 73/73/73 74/74/74 75/75/75
f 76/76/76 77/77/77 78/78/78
f 79/79/79 80/80/80 81/81/81
f 82/82/82 83/83/83 84/84/84
f 85/85/85 86/86/86 87/87/87
f 88/88/88 89/89/89 90/90/90
f 91/91/91 92/92/92 93/93/93
f 94/94/94 95/95/95 96/96/96
f 97/97/97 98/98/98 99/99/99
f 100/100/100 101/101/101 102/102/102
f 103/103/103 104/104/104 105/105/105
f 106/106/106 107/107/107 108/108/108
f 109/109/109 110/110/110 111/111/111
f 112/112/112 113/113/113 114/114/114
f 115/115/115 116/116/116 117/117/117
f 118/118/118 119/119/119 120/120/120
f 121/121/121 122/122/122 123/123/123
f 124/124/124 125/125/125 126/126/126
f 127/127/127 128/128/128 129/129/129
f 130/130/130 131/131/131 132/132/132
f 133/133/133 134/134/134 135/135/135
f 136/136/136 137/137/137 138/138/138
f 139/139/139 140/140/140 141/141/141
f 142/142/142 143/143/143 144/144/144
f 145/145/145 146/146/146 147/147/147
f 148/148/148 149/149/149 150/150/150
f 151/151/151 152/152/152 153/153/153
f 154/154/154 155/155/155 156/156/156
f 157/157/157 158/158/158 159/159/159
f 160/160/160 161/161/161 162/162/162
f 163/163/163 164/164/164 165/165/165
f 166/166/166 167/167/167 168/168/168
f 169/169/169 170/170/170 171/171/171
f 172/172/172 173/173/173 174/174/174
f 175/175/175 176/176/176 177/177/177
f 178/178/178 179/179/179 180/180/180
f 181/181/181 182/182/182 183/183/183
f 184/184/184 185/185/185 186/186/186
f 187/187/187 188/188/188 189/189/189
f 190/190/190 191/191/191 192/192/192
f 193/193/193 194/194/194 195/195/195
f 196/196/196 197/197/197 198/198/198
f 199/199/199 200/200/200 201/201/201
f 202/202/202 203/203/203 204/204/204
f 205/205/205 206/206/206 207/207/207
f 208/208/208 209/209/209 210/210/210
f 211/211/211 212/212/212 213/213/213
f 214/214/214 215/215/215 216/216/216
f 217/217/217 218/218/218 219/219/219
f 220/220/220 221/221/221 222/222/222
f 223/223/223 224/224/224 225/225/225
f 226/226/226 227/227/227 228/228/228
f 229/229/229 230/230/230 231/231/231
f 232/232/232 233/233/233 234/234/234
f 235/235/235 236/236/236 237/237/237
f 238/238/238 239/239/239 240/240/240
f 241/241/241 242/242/242 243/243/243
f 244/244/244 245/245/245 246/246/246
f 247/247/247 248/248/248 249/249/249
f 250/250/250 251/251/251 252/252/252
f 253/253/253 254/254/254 255/255/255
f 256/256/256 257/257/257 258/258/258
f 259/259/259 260/260/260 261/261/261
f 262/262/262 263/263/263 264/264/264
f 265/265/265 266/266/266 267/267/267
f 268/268/268 269/269/269 270/270/270
f 271/271/271 272/272/272 273/273/273
f 274/274/274 275/275/275 276/276/276
f 277/277/277 278/278/278 279/279/279
f 280/280/280 281/281/281 282/282/282
f 283/283/283 284/284/284 285/285/285
f 286/286/286 287/287/287 288/288/288
f 289/289/289 290/290/290 291/291/291
f 292/292/292 293/293/293 294/294/294
f 295/295/295 296/296/296 297/297/297
f 298/298/298 299/299/299 300/300/300
f 301/301/301 302/302/302 303/303/303
f 304/304/304 305/305/305 306/306/306
f 307/307/307 308/308/308 309/309/309
f 310/310/310 311/311/311 312/312/312
f 313/313/313 314/314/314 315/315/315
f 316/316/316 317/317/317 318/318/318
f 319/319/319 320/320/320 321/321/321
f 322/322/322 323/323/323 324/324/324
f 325/325/325 326/326/326 327/327/327
f 328/328/328 329/329/329 330/330/330
f 331/331/331 332/332/332 333/333/333
f 334/334/334 335/335/335 336/336/336
f 337/337/337 338/338/338 339/339/339
f 340/340/340 341/341/341 342/342/342
f 343/343/343 344/344/344 345/345/345
f 346/346/346 347/347/347 348/348/348
f 349/349/349 350/350/350 351/351/351
f 352/352/352 353/353/353 354/354/354
f 355/355/355 356/356/356 357/357/357
f 358/358/358 359/359/359 360/360/360
f 361/361/361 362/362/362 363/363/363
f 364/364/364 365/365/365 366/366/366
f 367/367/367 368/368/368 369/369/369
f 370/370/370 371/371/371 372/372/372
f 373/373/373 374/374/374 375/375/375
f 376/376/376 377/377/377 378/378/378
f 379/379/379 380/380/380 381/381/381
f 382/382/382 383/383/383 384/384/384
f 385/385/385 386/386/386 387/387/387
f 388/388/388 389/389/389 390/390/390
f 391/391/391 392/392/392 393/393/393
f 394/394/394 395/395/395 396/396/396
f 397/397/397 398/398/398 399/399/399
f 400/400/400 401/401/401 402/402/402
f 403/403/403 404/404/404 405/405/405
f 406/406/406 407/407/407 408/408/408
f 409/409/409 410/410/410 411/411/411
f 412/412/412 413/413/413 414/414/414
f 415/415/415 416/416/416 417/417/417
f 418/418/418 419/419/419 420/420/420
f 421/421/421 422/422/422 423/423/423
f 424/424/424 425/425/425 426/426/426
f 427/427/427 428/428/428 429/429/429
f 430/430/430 431/431/431 432/432/432
f 433/433/433 434/434/434 435/435/435
f 436/436/436 437/437/437 438/438/438
f 439/439/439 440/440/440 441/441/441
f 442/442/442 443/443/443 444/444/444
f 445/445/445 446/446/446 447/447/447
f 448/448/448 449/449/449 450/450/450
f 451/451/451 452/452/452 453/453/453
f 454/454/454 455/455/455 456/456/456
f 457/457/457 458/458/458 459/459/459
f 460/460/460 461/461/461 462/462/462
f 463/463/463 464/464/464 465/465/465
f 466/466/466 467/467/467 468/468/468
f 469/469/469 470/470/470 471/471/471
f 472/472/472 473/473/473 474/474/474
f 475/475/475 476/476/476 477/477/477
f 478/478/478 479/479/479 480/480/480
f 481/481/481 482/482/482 483/483/483
f 484/484/484 485/485/485 486/486/486
f 487/487/487 488/488/488 489/489/489
f 490/490/490 491/491/491 492/492/492
f 493/493/493 494/494/494 495/495/495
f 496/496/496 497/497/497 498/498/498
f 499/499/499 500/500/500 501/501/501
f 502/502/502 503/503/503 504/504/504
f 505/505/505 506/506/506 507/507/507
f 508/508/508 509/509/509 510/510/510
f 511/511/511 512/512/512 513/513/513
f 514/514/514 515/515/515 516/516/516
f 517/517/517 518/518/518 519/519/519
f 520/520/520 521/521/521 522/522/522
f 523/523/523 524/524/524 525/525/525
f 526/526/526 527/527/527 528/528/528
f 529/529/529 530/530/530 531/531/531
f 532/532/532 533/533/533 534/534/534
f 535/535/535 536/536/536 537/537/537
f 538/538/538 539/539/539 540/540/540
f 541/541/541 542/542/542 543/543/543
f 544/544/544 545/545/545 546/546/546
f 547/547/547 548/548/548 549/549/549
f 550/550/550 551/551/551 552/552/552
f 553/553/553 554/554/554 555/555/555
f 556/556/556 557/557/557 558/558/558
f 559/559/559 560/560/560 561/561/561
f 562/562/562 563/563/563 564/564/564
f 565/565/565 566/566/566 567/567/567
f 568/568/568 569/569/569 570/570/570
f 571/571/571 572/572/572 573/573/573
f 574/574/574 575/575/575 576/576/576
f 577/577/577 578/578/578 579/579/579
f 580/580/580 581/581/581 582/582/582
f 583/583/583 584/584/584 585/585/585
f 586/586/586 587/587/587 588/588/588
f 589/589/589 590/590/590 591/591/591
f 592/592/592 593/593/593 594/594/594
f 595/595/595 596/596/596 597/597/597
f 598/598/598 599/599/599 600/600/600
f 601/601/601 602/602/602 603/603/603
f 604/604/604 605/605/605 606/606/606
f 607/607/607 608/608/608 609/609/609
f 610/610/610 611/611/611 612/612/612
f 613/613/613 614/614/614 615/615/615
f 616/616/616 617/617/617 618/618/618
f 619/619/619 620/620/620 621/621/621
f 622/622/622 623/623/623 624/624/624
f 625/625/625 626/626/626 627/627/627
f 628/628/628 629/629/629 630/630/630
f 631/631/631 632/632/632 633/633/633
f 634/634/634 635/635/635 636/636/636
f 637/637/637 638/638/638 639/639/639
f 640/640/640 641/641/641 642/642/642
f 643/643/643 644/644/644 645/645/645
f 646/646/646 647/647/647 648/648/648
f 649/649/649 650/650/650 651/651/651
f 652/652/652 653/653/653 654/654/654
f 655/655/655 656/656/656 657/657/657
f 658/658/658 659/659/659 660/660/660
f 661/661/661 662/662/662 663/663/663
f 664/664/664 665/665/665 666/666/666
f 667/667/667 668/668/668 669/669/669
f 670/670/670 671/671/671 672/672/672
f 673/673/673 674/674/674 675/675/675
f 676/676/676 677/677/677 678/678/678
f 679/679/679 680/680/680 681/681/681
f 682/682/682 683/683/683 684/684/684
f 685/685/685 686/686/686 687/687/687
f 688/688/688 689/689/689 690/690/690
f 691/691/691 692/692/692 693/693/693
f 694/694/694 695/695/695 696/696/696
f 697/697/697 698/698/698 699/699/699
f 700/700/700 701/701/701 702/702/702
f 703/703/703 704/704/704 705/705/705
f 706/706/706 707/707/707 708/708/708
f 709/709/709 710/710/710 711/711/711
f 712/712/712 713/713/713 714/714/714
f 715/715/715 716/716/716 717/717/717
f 718/718/718 719/719/719 720/720/720
f 721/721/721 722/722/722 723/723/723
f 724/724/724 725/725/725 726/726/726
f 727/727/727 728/728/728 729/729/729
f 730/730/730 731/731/731 732/732/732
f 733/733/733 734/734/734 735/735/735
f 736/736/736 737/737/737 738/738/738
f 739/739/739 740/740/740 741/741/741
f 742/742/742 743/743/743 744/744/744
f 745/745/745 746/746/746 747/747/747
f 748/748/748 749/749/749 750/750/750
f 751/751/751 752/752/752 753/753/753
f 754/754/754 755/755/755 756/756/756
f 757/757/757 758/758/758 759/759/759
f 760/760/760 761/761/761 762/762/762
f 763/763/763 764/764/764 765/765/765
f 766/766/766 767/767/767 768/768/768
f 769/769/769 770/770/770 771/771/771
f 772/772/772 773/773/773 774/774/774
f 775/775/775 776/776/776 777/777/777
f 778/778/778 779/779/779 780/780/780
f 781/781/781 782/782/782 783/783/783
f 784/784/784 785/785/785 786/786/786
f 787/787/787 788/788/788 789/789/789
f 790/790/790 791/791/791 792/792/792
f 793/793/793 794/794/794 795/795/795
f 796/796/796 797/797/797 798/798/798
f 799/799/799 800/800/800 801/801/801
f 802/802/802 803/803/803 804/804/804
f 805/805/805 806/806/806 807/807/807
f 808/808/808 809/809/809 810/810/810
f 811/811/811 812/812/812 813/813/813
f 814/814/814 815/815/815 816/816/816
f 817/817/817 818/818/818 819/819/819
f 820/820/820 821/821/821 822/822/822
f 823/823/823 824/824/824 825/825/825
f 826/826/826 827/827/827 828/828/828
f 829/829/829 830/830/830 831/831/831
f 832/832/832 833/833/833 834/834/834
f 835/835/835 836/836/836 837/837/837
f 838/838/838 839/839/839 840/840/840
f 841/841/841 842/842/842 843/843/843
f 844/844/844 845/845/845 846/846/846
f 847/847/847 848/848/848 849/849/849
f 850/850/850 851/851/851 852/852/852
f 853/853/853 854/854/854 855/855/855
f 856/856/856 857/857/857 858/858/858
f 859/859/859 860/860/860 861/861/861
f 862/862/862 863/863/863 864/864/864
f 865/865/865 866/866/866 867/867/867
f 868/868/868 869/869/869 870/870/870
f 871/871/871 872/872/872 873/873/873
f 874/874/874 875/875/875 876/876/876
f 877/877/877 878/878/878 879/879/879
f 880/880/880 881/881/881 882/882/882
f 883/883/883 884/884/884 885/885/885
f 886/886/886 887/887/887 888/888/888
f 889/889/889 890/890/890 891/891/891
f 892/892/892 893/893/893 894/894/894
f 895/895/895 896/896/896 897/897/897
f 898/898/898 899/899/899 900/900/900
f 901/901/901 902/902/902 903/903/903
f 904/904/904 905/905/905 906/906/906
f 907/907/907 908/908/908 909/909/909
f 910/910/910 911/911/911 912/912/912
f 913/913/913 914/914/914 915/915/915
f 916/916/916 917/917/917 918/918/918
f 919/919/919 920/920/920 921/921/921
f 922/922/922 923/923/923 924/924/924
f 925/925/925 926/926/926 927/927/927
f 928/928/928 929/929/929 930/930/930
f 931/931/931 932/932/932 933/933/933
f 934/934/934 935/935/935 936/936/936
f 937/937/937 938/938/938 939/939/939
f 940/940/940 941/941/941 942/942/942
f 943/943/943 944/944/944 945/945/945
f 946/946/946 947/947/947 948/948/948
f 949/949/949 950/950/950 951/951/951
f 952/952/952 953/953/953 954/954/954
f 955/955/955 956/956/956 957/957/957
f 958/958/958 959/959/959 960/960/960
f 961/961/961 962/962/962 963/963/963
f 964/964/964 965/965/965 966/966/966
f 967/967/967 968/968/968 969/969/969
f 970/970/970 971/971/971 972/972/972
f 973/973/973 974/974/974 975/975/975
f 976/976/976 977/977/977 978/978/978
f 979/979/979 980/980/980 981/981/981
f 982/982/982 983/983/983 984/984/984
f 985/985/985 986/986/986 987/987/987
f 988/988/988 989/989/989 990/990/990
f 991/991/991 992/992/992 993/993/993
f 994/994/994 995/995/995 996/996/996
f 997/997/997 998/998/998 999/999/999
f 1000/1000/1000 1001/1001/1001 1002/1002/1002
f 1003/1003/1003 1004/1004/1004 1005/1005/1005
f 1006/1006/1006 1007/1007/1007 1008/1008/1008
f 1009/1009/1009 1010/1010/1010 1011/1011/1011
f 1012/1012/1012 1013/1013/1013 1014/1014/1014
f 1015/1015/1015 1016/1016/1016 1017/1017/1017
f 1018/1018/1018 1019/1019/1019 1020/1020/1020
f 1021/1021/1021 1022/1022/1022 1023/1023/1023
f 1024/1024/1024 1025/1025/1025 1026/1026/1026
f 1027/1027/1027 1028/1028/1028 1029/1029/1029
f 1030/1030/1030 1031/1031/1031 1032/1032/1032
f 1033/1033/1033 1034/1034/1034 1035/1035/1035
f 1036/1036/1036 1037/1037/1037 1038/1038/1038
f 1039/1039/1039 1040/1040/1040 1041/1041/1041
f 1042/1042/1042 1043/1043/1043 1044/1044/1044
f 1045/1045/1045 1046/1046/1046 1047/1047/1047
f 1048/1048/1048 1049/1049/1049 1050/1050/1050
f 1051/1051/1051 1052/1052/1052 1053/1053/1053
f 1054/1054/1054 1055/1055/1055 1056/1056/1056
f 1057/1057/1057 1058/1058/1058 1059/1059/1059
f 1060/1060/1060 1061/1061/1061 1062/1062/1062
f 1063/1063/1063 1064/1064/1064 1065/1065/1065
f 1066/1066/1066 1067/1067/1067 1068/1068/1068
f 1069/1069/1069 1070/1070/1070 1071/1071/1071
f 1072/1072/1072 1073/1073/1073 1074/1074/1074
f 1075/1075/1075 1076/1076/1076 1077/1077/1077
f 1078/1078/1078 1079/1079/1079 1080/1080/1080
f 1081/1081/1081 1082/1082/1082 1083/1083/1083
f 1084/1084/1084 1085/1085/1085 1086/1086/1086
f 1087/1087/1087 1088/1088/1088 1089/1089/1089
f 1090/1090/1090 1091/1091/1091 1092/1092/1092
f 1093/1093/1093 1094/1094/1094 1095/1095/1095
f 1096/1096/1096 1097/1097/1097 1098/1098/1098
f 1099/1099/1099 1100/1100/1100 1101/1101/1101
f 1102/1102/1102 1103/1103/1103 1104/1104/1104
f 1105/1105/1105 1106/1106/1106 1107/1107/1107
f 1108/1108/1108 1109/1109/1109 1110/1110/1110
f 1111/1111/1111 1112/1112/1112 1113/1113/1113
f 1114/1114/1114 1115/1115/1115 1116/1116/1116
f 1117/1117/1117 1118/1118/1118 1119/1119/1119
f 1120/1120/1120 1121/1121/1121 1122/1122/1122
f 1123/1123/1123 1124/1124/1124 1125/1125/1125
f 1126/1126/1126 1127/1127/1127 1128/1128/1128
f 1129/1129/1129 1130/1130/1130 1131/1131/1131
f 1132/1132/1132 1133/1133/1133 1134/1134/1134
f 1135/1135/1135 1136/1136/1136 1137/1137/1137
f 1138/1138/1138 1139/1139/1139 1140/1140/1140
f 1141/1141/1141 1142/1142/1142 1143/1143/1143
f 1144/1144/1144 1145/1145/1145 1146/1146/1146
f 1147/1147/1147 1148/1148/1148 1149/1149/1149
f 1150/1150/1150 1151/1151/1151 1152/1152/1152
f 1153/1153/1153 1154/1154/1154 1155/1155/1155
f 1156/1156/1156 1157/1157/1157 1158/1158/1158
f 1159/1159/1159 1160/1160/1160 1161/1161/1161
f 1162/1162/1162 1163/1163/1163 1164/1164/1164
f 1165/1165/1165 1166/1166/1166 1167/1167/1167
f 1168/1168/1168 1169/1169/1169 1170/1170/1170
f 1171/1171/1171 1172/1172/1172 1173/1173/1173
f 1174/1174/1174 1175/1175/1175 1176/1176/1176
f 1177/1177/1177 1178/1178/1178 1179/1179/1179
f 1180/1180/1180 1181/1181/1181 1182/1182/1182
f 1183/1183/1183 1184/1184/1184 1185/1185/1185
f 1186/1186/1186 1187/1187/1187 1188/1188/1188
f 1189/1189/1189 1190/1190/1190 1191/1191/1191
f 1192/1192/1192 1193/1193/1193 1194/1194/1194
f 1195/1195/1195 1196/1196/1196 1197/1197/1197
f 1198/1198/1198 1199/1199/1199 1200/1200/1200
f 1201/1201/1201 1202/1202/1202 1203/1203/1203
f 1204/1204/1204 1205/1205/1205 1206/1206/1206
f 1207/1207/1207 1208/1208/1208 1209/1209/1209
f 1210/1210/1210 1211/1211/1211 1212/1212/1212
f 1213/1213/1213 1214/1214/1214 1215/1215/1215
f 1216/1216/1216 1217/1217/1217 1218/1218/1218
f 1219/1219/1219 1220/1220/1220 1221/1221/1221
f 1222/1222/1222 1223/1223/1223 1224/1224/1224
f 1225/1225/1225 1226/1226/1226 1227/1227/1227
f 1228/1228/1228 1229/1229/1229 1230/1230/1230
f 1231/1231/1231 1232/1232/1232 1233/1233/1233
f 1234/1234/1234 1235/1235/1235 1236/1236/1236
f 1237/1237/1237 1238/1238/1238 1239/1239/1239
f 1240/1240/1240 1241/1241/1241 1242/1242/1242
f 1243/1243/1243 1244/1244/1244 1245/1245/1245
f 1246/1246/1246 1247/1247/1247 1248/1248/1248
f 1249/1249/1249 1250/1250/1250 1251/1251/1251
f 1252/1252/1252 1253/1253/1253 1254/1254/1254
f 1255/1255/1255 1256/1256/1256 1257/1257/1257
f 1258/1258/1258 1259/1259/1259 1260/1260/1260
f 1261/1261/1261 1262/1262/1262 1263/1263/1263
f 1264/1264/1264 1265/1265/1265 1266/1266/1266
f 1267/1267/1267 1268/1268/1268 1269/1269/1269
f 1270/1270/1270 1271/1271/1271 1272/1272/1272
f 1273/1273/1273 1274/1274/1274 1275/1275/1275
f 1276/1276/1276 1277/1277/1277 1278/1278/1278
f 1279/1279/1279 1280/1280/1280 1281/1281/1281
f 1282/1282/1282 1283/1283/1283 1284/1284/1284
f 1285/1285/1285 1286/1286/1286 1287/1287/1287
f 1288/1288/1288 1289/1289/1289 1290/1290/1290
f 1291/1291/1291 1292/1292/1292 1293/1293/1293
f 1294/1294/1294 1295/1295/1295 1296/1296/1296
f 1297/1297/1297 1298/1298/1298 1299/1299/1299
f 1300/1300/1300 1301/1301/1301 1302/1302/1302
f 1303/1303/1303 1304/1304/1304 1305/1305/1305
f 1306/1306/1306 1307/1307/1307 1308/1308/1308
f 1309/1309/1309 1310/1310/1310 1311/1311/1311
f 1312/1312/1312 1313/1313/1313 1314/1314/1314
f 1315/1315/1315 1316/1316/1316 1317/1317/1317
f 1318/1318/1318 1319/1319/1319 1320/1320/1320
f 1321/1321/1321 1322/1322/1322 1323/1323/1323
f 1324/1324/1324 1325/1325/1325 1326/1326/1326
f 1327/1327/1327 1328/1328/1328 1329/1329/1329
f 1330/1330/1330 1331/1331/1331 1332/1332/1332
f 1333/1333/1333 1334/1334/1334 1335/1335/1335
f 1336/1336/1336 1337/1337/1337 1338/1338/1338
f 1339/1339/1339 1340/1340/1340 1341/1341/1341
f 1342/1342/1342 1343/1343/1343 1344/1344/1344
f 1345/1345/1345 1346/1346/1346 1347/1347/1347
f 1348/1348/1348 1349/1349/1349 1350/1350/1350
f 1351/1351/1351 1352/1352/1352 1353/1353/1353
f 1354/1354/1354 1355/1355/1355 1356/1356/1356
f 1357/1357/1357 1358/1358/1358 1359/1359/1359
f 1360/1360/1360 1361/1361/1361 1362/1362/1362
f 1363/1363/1363 1364/1364/1364 1365/1365/1365
f 1366/1366/1366 1367/1367/1367 1368/1368/1368
f 1369/1369/1369 1370/1370/1370 1371/1371/1371
f 1372/1372/1372 1373/1373/1373 1374/1374/1374
f 1375/1375/1375 1376/1376/1376 1377/1377/1377
f 1378/1378/1378 1379/1379/1379 1380/1380/1380
f 1381/1381/1381 1382/1382/1382 1383/1383/1383
f 1384/1384/1384 1385/1385/1385 1386/1386/1386
f 1387/1387/1387 1388/1388/1388 1389/1389/1389
f 1390/1390/1390 1391/1391/1391 1392/1392/1392
f 1393/1393/1393 1394/1394/1394 1395/1395/1395
f 1396/1396/1396 1397/1397/1397 1398/1398/1398
f 1399/1399/1399 1400/1400/1400 1401/1401/1401
f 1402/1402/1402 1403/1403/1403 1404/1404/1404
f 1405/1405/1405 1406/1406/1406 1407/1407/1407
f 1408/1408/1408 1409/1409/1409 1410/1410/1410
f 1411/1411/1411 1412/1412/1412 1413/1413/1413
f 1414/1414/1414 1415/1415/1415 1416/1416/1416
f 1417/1417/1417 1418/1418/1418 1419/1419/1419
f 1420/1420/1420 1421/1421/1421 1422/1422/1422
f 1423/1423/1423 1424/1424/1424 1425/1425/1425
f 1426/1426/1426 1427/1427/1427 1428/1428/1428
f 1429/1429/1429 1430/1430/1430 1431/1431/1431
f 1432/1432/1432 1433/1433/1433 1434/1434/1434
f 1435/1435/1435 1436/1436/1436 1437/1437/1437
f 1438/1438/1438 1439/1439/1439 1440/1440/1440
f 1441/1441/1441 1442/1442/1442 1443/1443/1443
f 1444/1444/1444 1445/1445/1445 1446/1446/1446
f 1447/1447/1447 1448/1448/1448 1449/1449/1449
f 1450/1450/1450 1451/1451/1451 1452/1452/1452
f 1453/1453/1453 1454/1454/1454 1455/1455/1455
f 1456/1456/1456 1457/1457/1457 1458/1458/1458
f 1459/1459/1459 1460/1460/1460 1461/1461/1461
f 1462/1462/1462 1463/1463/1463 1464/1464/1464
f 1465/1465/1465 1466/1466/1466 1467/1467/1467
f 1468/1468/1468 1469/1469/1469 1470/1470/1470
f 1471/1471/1471 1472/1472/1472 1473/1473/1473
f 1474/1474/1474 1475/1475/1475 1476/1476/1476
f 1477/1477/1477 1478/1478/1478 1479/1479/1479
f 1480/1480/1480 1481/1481/1481 1482/1482/1482
f 1483/1483/1483 1484/1484/1484 1485/1485/1485
f 1486/1486/1486 1487/1487/1487 1488/1488/1488
f 1489/1489/1489 1490/1490/1490 1491/1491/1491
f 1492/1492/1492 1493/1493/1493 1494/1494/1494
f 1495/1495/1495 1496/1496/1496 1497/1497/1497
f 1498/1498/1498 1499/1499/1499 1500/1500/1500
f 1501/1501/1501 1502/1502/1502 1503/1503/1503
f 1504/1504/1504 1505/1505/1505 1506/1506/1506
f 1507/1507/1507 1508/1508/1508 1509/1509/1509
f 1510/1510/1510 1511/1511/1511 1512/1512/1512
f 1513/1513/1513 1514/1514/1514 1515/1515/1515
f 1516/1516/1516 1517/1517/1517 1518/1518/1518
f 1519/1519/1519 1520/1520/1520 1521/1521/1521
f 1522/1522/1522 1523/1523/1523 1524/1524/1524
f 1525/1525/1525 1526/1526/1526 1527/1527/1527
f 1528/1528/1528 1529/1529/1529 1530/1530/1530
f 1531/1531/1531 1532/1532/1532 1533/1533/1533
f 1534/1534/1534 1535/1535/1535 1536/1536/1536
f 1537/1537/1537 1538/1538/1538 1539/1539/1539
f 1540/1540/1540 1541/1541/1541 1542/1542/1542
f 1543/1543/1543 1544/1544/1544 1545/1545/1545
f 1546/1546/1546 1547/1547/1547 1548/1548/1548
f 1549/1549/1549 1550/1550/1550 1551/1551/1551
f 1552/1552/1552 1553/1553/1553 1554/1554/1554
f 1555/1555/1555 1556/1556/1556 1557/1557/1557
f 1558/1558/1558 1559/1559/1559 1560/1560/1560
f 1561/1561/1561 1562/1562/1562 1563/1563/1563
f 1564/1564/1564 1565/1565/1565 1566/1566/1566
f 1567/1567/1567 1568/1568/1568 1569/1569/1569
f 1570/1570/1570 1571/1571/1571 1572/1572/1572
f 1573/1573/1573 1574/1574/1574 1575/1575/1575
f 1576/1576/1576 1577/1577/1577 1578/1578/1578
f 1579/1579/1579 1580/1580/1580 1581/1581/1581
f 1582/1582/1582 1583/1583/1583 1584/1584/1584
f 1585/1585/1585 1586/1586/1586 1587/1587/1587
f 1588/1588/1588 1589/1589/1589 1590/1590/1590
f 1591/1591/1591 1592/1592/1592 1593/1593/1593
f 1594/1594/1594 1595/1595/1595 1596/1596/1596
f 1597/1597/1597 1598/1598/1598 1599/1599/1599
f 1600/1600/1600 1601/1601/1601 1602/1602/1602
f 1603/1603/1603 1604/1604/1604 1605/1605/1605
f 1606/1606/1606 1607/1607/1607 1608/1608/1608
f 1609/1609/1609 1610/1610/1610 1611/1611/1611
f 1612/1612/1612 1613/1613/1613 1614/1614/1614
f 1615/1615/1615 1616/1616/1616 1617/1617/1617
f 1618/1618/1618 1619/1619/1619 1620/1620/1620
f 1621/1621/1621 1622/1622/1622 1623/1623/1623
f 1624/1624/1624 1625/1625/1625 1626/1626/1626
f 1627/1627/1627 1628/1628/1628 1629/1629/1629
f 1630/1630/1630 1631/1631/1631 1632/1632/1632
f 1633/1633/1633 1634/1634/1634 1635/1635/1635
f 1636/1636/1636 1637/1637/1637 1638/1638/1638
f 1639/1639/1639 1640/1640/1640 1641/1641/1641
f 1642/1642/1642 1643/1643/1643 1644/1644/1644
f 1645/1645/1645 1646/1646/1646 1647/1647/1647
f 1648/1648/1648 1649/1649/1649 1650/1650/1650
f 1651/1651/1651 1652/1652/1652 1653/1653/1653
f 1654/1654/1654 1655/1655/1655 1656/1656/1656
f 1657/1657/1657 1658/1658/1658 1659/1659/1659
f 1660/1660/1660 1661/1661/1661 1662/1662/1662
f 1663/1663/1663 1664/1664/1664 1665/1665/1665
f 1666/1666/1666 1667/1667/1667 1668/1668/1668
f 1669/1669/1669 1670/1670/1670 1671/1671/1671
f 1672/1672/1672 1673/1673/1673 1674/1674/1674
f 1675/1675/1675 1676/1676/1676 1677/1677/1677
f 1678/1678/1678 1679/1679/1679 1680/1680/1680
f 1681/1681/1681 1682/1682/1682 1683/1683/1683
f 1684/1684/1684 1685/1685/1685 1686/1686/1686
f 1687/1687/1687 1688/1688/1688 1689/1689/1689
f 1690/1690/1690 1691/1691/1691 1692/1692/1692
f 1693/1693/1693 1694/1694/1694 1695/1695/1695
f 1696/1696/1696 1697/1697/1697 1698/1698/1698
f 1699/1699/1699 1700/1700/1700 1701/1701/1701
f 1702/1702/1702 1703/1703/1703 1704/1704/1704
f 1705/1705/1705 1706/1706/1706 1707/1707/1707
f 1708/1708/1708 1709/1709/1709 1710/1710/1710
f 1711/1711/1711 1712/1712/1712 1713/1713/1713
f 1714/1714/1714 1715/1715/1715 1716/1716/1716
f 1717/1717/1717 1718/1718/1718 1719/1719/1719
f 1720/1720/1720 1721/1721/1721 1722/1722/1722
f 1723/1723/1723 1724/1724/1724 1725/1725/1725
f 1726/1726/1726 1727/1727/1727 1728/1728/1728
f 1729/1729/1729 1730/1730/1730 1731/1731/1731
f 1732/1732/1732 1733/1733/1733 1734/1734/1734
f 1735/1735/1735 1736/1736/1736 1737/1737/1737
f 1738/1738/1738 1739/1739/1739 1740/1740/1740
f 1741/1741/1741 1742/1742/1742 1743/1743/1743
f 1744/1744/1744 1745/1745/1745 1746/1746/1746
f 1747/1747/1747 1748/1748/1748 1749/1749/1749
f 1750/1750/1750 1751/1751/1751 1752/1752/1752
f 1753/1753/1753 1754/1754/1754 1755/1755/1755
f 1756/1756/1756 1757/1757/1757 1758/1758/1758
f 1759/1759/1759 1760/1760/1760 1761/1761/1761
f 1762/1762/1762 1763/1763/1763 1764/1764/1764
f 1765/1765/1765 1766/1766/1766 1767/1767/1767
f 1768/1768/1768 1769/1769/1769 1770/1770/1770
f 1771/1771/1771 1772/1772/1772 1773/1773/1773
f 1774/1774/1774 1775/1775/1775 1776/1776/1776
f 1777/1777/1777 1778/1778/1778 1779/1779/1779
f 1780/1780/1780 1781/1781/1781 1782/1782/1782
f 1783/1783/1783 1784/1784/1784 1785/1785/1785
f 1786/1786/1786 1787/1787/1787 1788/1788/1788
f 1789/1789/1789 1790/1790/1790 1791/1791/1791
f 1792/1792/1792 1793/1793/1793 1794/1794/1794
f 1795/1795/1795 1796/1796/1796 1797/1797/1797
f 1798/1798/1798 1799/1799/1799 1800/1800/1800
