# Ruinas do Veu Azul - PS2 procedural export
mtllib frost_atlas.mtl
usemtl frost_atlas
o scene_0
s off
v -36 -0.491332 -48 0.107825 0.1589 0.21565
v -36 -0.491332 -40 0.107825 0.1589 0.21565
v -28 -0.491332 -40 0.107825 0.1589 0.21565
v -36 -0.491332 -48 0.107825 0.1589 0.21565
v -28 -0.491332 -40 0.107825 0.1589 0.21565
v -28 -0.491332 -48 0.107825 0.1589 0.21565
v -28 -0.457368 -48 0.099275 0.1463 0.19855
v -28 -0.457368 -40 0.099275 0.1463 0.19855
v -20 -0.457368 -40 0.099275 0.1463 0.19855
v -28 -0.457368 -48 0.099275 0.1463 0.19855
v -20 -0.457368 -40 0.099275 0.1463 0.19855
v -20 -0.457368 -48 0.099275 0.1463 0.19855
v -20 -0.504382 -48 0.116375 0.1715 0.23275
v -20 -0.504382 -40 0.116375 0.1715 0.23275
v -12 -0.504382 -40 0.116375 0.1715 0.23275
v -20 -0.504382 -48 0.116375 0.1715 0.23275
v -12 -0.504382 -40 0.116375 0.1715 0.23275
v -12 -0.504382 -48 0.116375 0.1715 0.23275
v -12 -0.464157 -48 0.107825 0.1589 0.21565
v -12 -0.464157 -40 0.107825 0.1589 0.21565
v -4 -0.464157 -40 0.107825 0.1589 0.21565
v -12 -0.464157 -48 0.107825 0.1589 0.21565
v -4 -0.464157 -40 0.107825 0.1589 0.21565
v -4 -0.464157 -48 0.107825 0.1589 0.21565
v -4 -0.480619 -48 0.099275 0.1463 0.19855
v -4 -0.480619 -40 0.099275 0.1463 0.19855
v 4 -0.480619 -40 0.099275 0.1463 0.19855
v -4 -0.480619 -48 0.099275 0.1463 0.19855
v 4 -0.480619 -40 0.099275 0.1463 0.19855
v 4 -0.480619 -48 0.099275 0.1463 0.19855
v 4 -0.494866 -48 0.099275 0.1463 0.19855
v 4 -0.494866 -40 0.099275 0.1463 0.19855
v 12 -0.494866 -40 0.099275 0.1463 0.19855
v 4 -0.494866 -48 0.099275 0.1463 0.19855
v 12 -0.494866 -40 0.099275 0.1463 0.19855
v 12 -0.494866 -48 0.099275 0.1463 0.19855
v 12 -0.455922 -48 0.107825 0.1589 0.21565
v 12 -0.455922 -40 0.107825 0.1589 0.21565
v 20 -0.455922 -40 0.107825 0.1589 0.21565
v 12 -0.455922 -48 0.107825 0.1589 0.21565
v 20 -0.455922 -40 0.107825 0.1589 0.21565
v 20 -0.455922 -48 0.107825 0.1589 0.21565
v 20 -0.50313 -48 0.116375 0.1715 0.23275
v 20 -0.50313 -40 0.116375 0.1715 0.23275
v 28 -0.50313 -40 0.116375 0.1715 0.23275
v 20 -0.50313 -48 0.116375 0.1715 0.23275
v 28 -0.50313 -40 0.116375 0.1715 0.23275
v 28 -0.50313 -48 0.116375 0.1715 0.23275
v 28 -0.467578 -48 0.099275 0.1463 0.19855
v 28 -0.467578 -40 0.099275 0.1463 0.19855
v 36 -0.467578 -40 0.099275 0.1463 0.19855
v 28 -0.467578 -48 0.099275 0.1463 0.19855
v 36 -0.467578 -40 0.099275 0.1463 0.19855
v 36 -0.467578 -48 0.099275 0.1463 0.19855
v -36 -0.46058 -40 0.099275 0.1463 0.19855
v -36 -0.46058 -32 0.099275 0.1463 0.19855
v -28 -0.46058 -32 0.099275 0.1463 0.19855
v -36 -0.46058 -40 0.099275 0.1463 0.19855
v -28 -0.46058 -32 0.099275 0.1463 0.19855
v -28 -0.46058 -40 0.099275 0.1463 0.19855
v -28 -0.48565 -40 0.116375 0.1715 0.23275
v -28 -0.48565 -32 0.116375 0.1715 0.23275
v -20 -0.48565 -32 0.116375 0.1715 0.23275
v -28 -0.48565 -40 0.116375 0.1715 0.23275
v -20 -0.48565 -32 0.116375 0.1715 0.23275
v -20 -0.48565 -40 0.116375 0.1715 0.23275
v -20 -0.490504 -40 0.107825 0.1589 0.21565
v -20 -0.490504 -32 0.107825 0.1589 0.21565
v -12 -0.490504 -32 0.107825 0.1589 0.21565
v -20 -0.490504 -40 0.107825 0.1589 0.21565
v -12 -0.490504 -32 0.107825 0.1589 0.21565
v -12 -0.490504 -40 0.107825 0.1589 0.21565
v -12 -0.457774 -40 0.099275 0.1463 0.19855
v -12 -0.457774 -32 0.099275 0.1463 0.19855
v -4 -0.457774 -32 0.099275 0.1463 0.19855
v -12 -0.457774 -40 0.099275 0.1463 0.19855
v -4 -0.457774 -32 0.099275 0.1463 0.19855
v -4 -0.457774 -40 0.099275 0.1463 0.19855
v -4 -0.504569 -40 0.116375 0.1715 0.23275
v -4 -0.504569 -32 0.116375 0.1715 0.23275
v 4 -0.504569 -32 0.116375 0.1715 0.23275
v -4 -0.504569 -40 0.116375 0.1715 0.23275
v 4 -0.504569 -32 0.116375 0.1715 0.23275
v 4 -0.504569 -40 0.116375 0.1715 0.23275
v 4 -0.463456 -40 0.116375 0.1715 0.23275
v 4 -0.463456 -32 0.116375 0.1715 0.23275
v 12 -0.463456 -32 0.116375 0.1715 0.23275
v 4 -0.463456 -40 0.116375 0.1715 0.23275
v 12 -0.463456 -32 0.116375 0.1715 0.23275
v 12 -0.463456 -40 0.116375 0.1715 0.23275
v 12 -0.481539 -40 0.099275 0.1463 0.19855
v 12 -0.481539 -32 0.099275 0.1463 0.19855
v 20 -0.481539 -32 0.099275 0.1463 0.19855
v 12 -0.481539 -40 0.099275 0.1463 0.19855
v 20 -0.481539 -32 0.099275 0.1463 0.19855
v 20 -0.481539 -40 0.099275 0.1463 0.19855
v 20 -0.494116 -40 0.107825 0.1589 0.21565
v 20 -0.494116 -32 0.107825 0.1589 0.21565
v 28 -0.494116 -32 0.107825 0.1589 0.21565
v 20 -0.494116 -40 0.107825 0.1589 0.21565
v 28 -0.494116 -32 0.107825 0.1589 0.21565
v 28 -0.494116 -40 0.107825 0.1589 0.21565
v 28 -0.456186 -40 0.116375 0.1715 0.23275
v 28 -0.456186 -32 0.116375 0.1715 0.23275
v 36 -0.456186 -32 0.116375 0.1715 0.23275
v 28 -0.456186 -40 0.116375 0.1715 0.23275
v 36 -0.456186 -32 0.116375 0.1715 0.23275
v 36 -0.456186 -40 0.116375 0.1715 0.23275
v -36 -0.460541 -32 0.116375 0.1715 0.23275
v -36 -0.460541 -24 0.116375 0.1715 0.23275
v -28 -0.460541 -24 0.116375 0.1715 0.23275
v -36 -0.460541 -32 0.116375 0.1715 0.23275
v -28 -0.460541 -24 0.116375 0.1715 0.23275
v -28 -0.460541 -32 0.116375 0.1715 0.23275
v -28 -0.504996 -32 0.107825 0.1589 0.21565
v -28 -0.504996 -24 0.107825 0.1589 0.21565
v -20 -0.504996 -24 0.107825 0.1589 0.21565
v -28 -0.504996 -32 0.107825 0.1589 0.21565
v -20 -0.504996 -24 0.107825 0.1589 0.21565
v -20 -0.504996 -32 0.107825 0.1589 0.21565
v -20 -0.460014 -32 0.099275 0.1463 0.19855
v -20 -0.460014 -24 0.099275 0.1463 0.19855
v -12 -0.460014 -24 0.099275 0.1463 0.19855
v -20 -0.460014 -32 0.099275 0.1463 0.19855
v -12 -0.460014 -24 0.099275 0.1463 0.19855
v -12 -0.460014 -32 0.099275 0.1463 0.19855
v -12 -0.486542 -32 0.116375 0.1715 0.23275
v -12 -0.486542 -24 0.116375 0.1715 0.23275
v -4 -0.486542 -24 0.116375 0.1715 0.23275
v -12 -0.486542 -32 0.116375 0.1715 0.23275
v -4 -0.486542 -24 0.116375 0.1715 0.23275
v -4 -0.486542 -32 0.116375 0.1715 0.23275
v -4 -0.489662 -32 0.107825 0.1589 0.21565
v -4 -0.489662 -24 0.107825 0.1589 0.21565
v 4 -0.489662 -24 0.107825 0.1589 0.21565
v -4 -0.489662 -32 0.107825 0.1589 0.21565
v 4 -0.489662 -24 0.107825 0.1589 0.21565
v 4 -0.489662 -32 0.107825 0.1589 0.21565
v 4 -0.458211 -32 0.107825 0.1589 0.21565
v 4 -0.458211 -24 0.107825 0.1589 0.21565
v 12 -0.458211 -24 0.107825 0.1589 0.21565
v 4 -0.458211 -32 0.107825 0.1589 0.21565
v 12 -0.458211 -24 0.107825 0.1589 0.21565
v 12 -0.458211 -32 0.107825 0.1589 0.21565
v 12 -0.504722 -32 0.116375 0.1715 0.23275
v 12 -0.504722 -24 0.116375 0.1715 0.23275
v 20 -0.504722 -24 0.116375 0.1715 0.23275
v 12 -0.504722 -32 0.116375 0.1715 0.23275
v 20 -0.504722 -24 0.116375 0.1715 0.23275
v 20 -0.504722 -32 0.116375 0.1715 0.23275
v 20 -0.462777 -32 0.099275 0.1463 0.19855
v 20 -0.462777 -24 0.099275 0.1463 0.19855
v 28 -0.462777 -24 0.099275 0.1463 0.19855
v 20 -0.462777 -32 0.099275 0.1463 0.19855
v 28 -0.462777 -24 0.099275 0.1463 0.19855
v 28 -0.462777 -32 0.099275 0.1463 0.19855
v 28 -0.482456 -32 0.107825 0.1589 0.21565
v 28 -0.482456 -24 0.107825 0.1589 0.21565
v 36 -0.482456 -24 0.107825 0.1589 0.21565
v 28 -0.482456 -32 0.107825 0.1589 0.21565
v 36 -0.482456 -24 0.107825 0.1589 0.21565
v 36 -0.482456 -32 0.107825 0.1589 0.21565
v -36 -0.491277 -24 0.107825 0.1589 0.21565
v -36 -0.491277 -16 0.107825 0.1589 0.21565
v -28 -0.491277 -16 0.107825 0.1589 0.21565
v -36 -0.491277 -24 0.107825 0.1589 0.21565
v -28 -0.491277 -16 0.107825 0.1589 0.21565
v -28 -0.491277 -24 0.107825 0.1589 0.21565
v -28 -0.484811 -24 0.099275 0.1463 0.19855
v -28 -0.484811 -16 0.099275 0.1463 0.19855
v -20 -0.484811 -16 0.099275 0.1463 0.19855
v -28 -0.484811 -24 0.099275 0.1463 0.19855
v -20 -0.484811 -16 0.099275 0.1463 0.19855
v -20 -0.484811 -24 0.099275 0.1463 0.19855
v -20 -0.461132 -24 0.116375 0.1715 0.23275
v -20 -0.461132 -16 0.116375 0.1715 0.23275
v -12 -0.461132 -16 0.116375 0.1715 0.23275
v -20 -0.461132 -24 0.116375 0.1715 0.23275
v -12 -0.461132 -16 0.116375 0.1715 0.23275
v -12 -0.461132 -24 0.116375 0.1715 0.23275
v -12 -0.504964 -24 0.107825 0.1589 0.21565
v -12 -0.504964 -16 0.107825 0.1589 0.21565
v -4 -0.504964 -16 0.107825 0.1589 0.21565
v -12 -0.504964 -24 0.107825 0.1589 0.21565
v -4 -0.504964 -16 0.107825 0.1589 0.21565
v -4 -0.504964 -24 0.107825 0.1589 0.21565
v -4 -0.459475 -24 0.099275 0.1463 0.19855
v -4 -0.459475 -16 0.099275 0.1463 0.19855
v 4 -0.459475 -16 0.099275 0.1463 0.19855
v -4 -0.459475 -24 0.099275 0.1463 0.19855
v 4 -0.459475 -16 0.099275 0.1463 0.19855
v 4 -0.459475 -24 0.099275 0.1463 0.19855
v 4 -0.487426 -24 0.099275 0.1463 0.19855
v 4 -0.487426 -16 0.099275 0.1463 0.19855
v 12 -0.487426 -16 0.099275 0.1463 0.19855
v 4 -0.487426 -24 0.099275 0.1463 0.19855
v 12 -0.487426 -16 0.099275 0.1463 0.19855
v 12 -0.487426 -24 0.099275 0.1463 0.19855
v 12 -0.488807 -24 0.107825 0.1589 0.21565
v 12 -0.488807 -16 0.107825 0.1589 0.21565
v 20 -0.488807 -16 0.107825 0.1589 0.21565
v 12 -0.488807 -24 0.107825 0.1589 0.21565
v 20 -0.488807 -16 0.107825 0.1589 0.21565
v 20 -0.488807 -24 0.107825 0.1589 0.21565
v 20 -0.458676 -24 0.116375 0.1715 0.23275
v 20 -0.458676 -16 0.116375 0.1715 0.23275
v 28 -0.458676 -16 0.116375 0.1715 0.23275
v 20 -0.458676 -24 0.116375 0.1715 0.23275
v 28 -0.458676 -16 0.116375 0.1715 0.23275
v 28 -0.458676 -24 0.116375 0.1715 0.23275
v 28 -0.504842 -24 0.099275 0.1463 0.19855
v 28 -0.504842 -16 0.099275 0.1463 0.19855
v 36 -0.504842 -16 0.099275 0.1463 0.19855
v 28 -0.504842 -24 0.099275 0.1463 0.19855
v 36 -0.504842 -16 0.099275 0.1463 0.19855
v 36 -0.504842 -24 0.099275 0.1463 0.19855
v -36 -0.504178 -16 0.099275 0.1463 0.19855
v -36 -0.504178 -8 0.099275 0.1463 0.19855
v -28 -0.504178 -8 0.099275 0.1463 0.19855
v -36 -0.504178 -16 0.099275 0.1463 0.19855
v -28 -0.504178 -8 0.099275 0.1463 0.19855
v -28 -0.504178 -16 0.099275 0.1463 0.19855
v -28 -0.457017 -16 0.116375 0.1715 0.23275
v -28 -0.457017 -8 0.116375 0.1715 0.23275
v -20 -0.457017 -8 0.116375 0.1715 0.23275
v -28 -0.457017 -16 0.116375 0.1715 0.23275
v -20 -0.457017 -8 0.116375 0.1715 0.23275
v -20 -0.457017 -16 0.116375 0.1715 0.23275
v -20 -0.49209 -16 0.107825 0.1589 0.21565
v -20 -0.49209 -8 0.107825 0.1589 0.21565
v -12 -0.49209 -8 0.107825 0.1589 0.21565
v -20 -0.49209 -16 0.107825 0.1589 0.21565
v -12 -0.49209 -8 0.107825 0.1589 0.21565
v -12 -0.49209 -16 0.107825 0.1589 0.21565
v -12 -0.483904 -16 0.099275 0.1463 0.19855
v -12 -0.483904 -8 0.099275 0.1463 0.19855
v -4 -0.483904 -8 0.099275 0.1463 0.19855
v -12 -0.483904 -16 0.099275 0.1463 0.19855
v -4 -0.483904 -8 0.099275 0.1463 0.19855
v -4 -0.483904 -16 0.099275 0.1463 0.19855
v -4 -0.461749 -16 0.116375 0.1715 0.23275
v -4 -0.461749 -8 0.116375 0.1715 0.23275
v 4 -0.461749 -8 0.116375 0.1715 0.23275
v -4 -0.461749 -16 0.116375 0.1715 0.23275
v 4 -0.461749 -8 0.116375 0.1715 0.23275
v 4 -0.461749 -16 0.116375 0.1715 0.23275
v 4 -0.504897 -16 0.116375 0.1715 0.23275
v 4 -0.504897 -8 0.116375 0.1715 0.23275
v 12 -0.504897 -8 0.116375 0.1715 0.23275
v 4 -0.504897 -16 0.116375 0.1715 0.23275
v 12 -0.504897 -8 0.116375 0.1715 0.23275
v 12 -0.504897 -16 0.116375 0.1715 0.23275
v 12 -0.458963 -16 0.099275 0.1463 0.19855
v 12 -0.458963 -8 0.099275 0.1463 0.19855
v 20 -0.458963 -8 0.099275 0.1463 0.19855
v 12 -0.458963 -16 0.099275 0.1463 0.19855
v 20 -0.458963 -8 0.099275 0.1463 0.19855
v 20 -0.458963 -16 0.099275 0.1463 0.19855
v 20 -0.4883 -16 0.107825 0.1589 0.21565
v 20 -0.4883 -8 0.107825 0.1589 0.21565
v 28 -0.4883 -8 0.107825 0.1589 0.21565
v 20 -0.4883 -16 0.107825 0.1589 0.21565
v 28 -0.4883 -8 0.107825 0.1589 0.21565
v 28 -0.4883 -16 0.107825 0.1589 0.21565
v 28 -0.48794 -16 0.116375 0.1715 0.23275
v 28 -0.48794 -8 0.116375 0.1715 0.23275
v 36 -0.48794 -8 0.116375 0.1715 0.23275
v 28 -0.48794 -16 0.116375 0.1715 0.23275
v 36 -0.48794 -8 0.116375 0.1715 0.23275
v 36 -0.48794 -16 0.116375 0.1715 0.23275
v -36 -0.478841 -8 0.116375 0.1715 0.23275
v -36 -0.478841 0 0.116375 0.1715 0.23275
v -28 -0.478841 0 0.116375 0.1715 0.23275
v -36 -0.478841 -8 0.116375 0.1715 0.23275
v -28 -0.478841 0 0.116375 0.1715 0.23275
v -28 -0.478841 -8 0.116375 0.1715 0.23275
v -28 -0.465572 -8 0.107825 0.1589 0.21565
v -28 -0.465572 0 0.107825 0.1589 0.21565
v -20 -0.465572 0 0.107825 0.1589 0.21565
v -28 -0.465572 -8 0.107825 0.1589 0.21565
v -20 -0.465572 0 0.107825 0.1589 0.21565
v -20 -0.465572 -8 0.107825 0.1589 0.21565
v -20 -0.503927 -8 0.099275 0.1463 0.19855
v -20 -0.503927 0 0.099275 0.1463 0.19855
v -12 -0.503927 0 0.099275 0.1463 0.19855
v -20 -0.503927 -8 0.099275 0.1463 0.19855
v -12 -0.503927 0 0.099275 0.1463 0.19855
v -12 -0.503927 -8 0.099275 0.1463 0.19855
v -12 -0.45667 -8 0.116375 0.1715 0.23275
v -12 -0.45667 0 0.116375 0.1715 0.23275
v -4 -0.45667 0 0.116375 0.1715 0.23275
v -12 -0.45667 -8 0.116375 0.1715 0.23275
v -4 -0.45667 0 0.116375 0.1715 0.23275
v -4 -0.45667 -8 0.116375 0.1715 0.23275
v -4 -0.492888 -8 0.107825 0.1589 0.21565
v -4 -0.492888 0 0.107825 0.1589 0.21565
v 4 -0.492888 0 0.107825 0.1589 0.21565
v -4 -0.492888 -8 0.107825 0.1589 0.21565
v 4 -0.492888 0 0.107825 0.1589 0.21565
v 4 -0.492888 -8 0.107825 0.1589 0.21565
v 4 -0.482993 -8 0.107825 0.1589 0.21565
v 4 -0.482993 0 0.107825 0.1589 0.21565
v 12 -0.482993 0 0.107825 0.1589 0.21565
v 4 -0.482993 -8 0.107825 0.1589 0.21565
v 12 -0.482993 0 0.107825 0.1589 0.21565
v 12 -0.482993 -8 0.107825 0.1589 0.21565
v 12 -0.46239 -8 0.116375 0.1715 0.23275
v 12 -0.46239 0 0.116375 0.1715 0.23275
v 20 -0.46239 0 0.116375 0.1715 0.23275
v 12 -0.46239 -8 0.116375 0.1715 0.23275
v 20 -0.46239 0 0.116375 0.1715 0.23275
v 20 -0.46239 -8 0.116375 0.1715 0.23275
v 20 -0.504797 -8 0.099275 0.1463 0.19855
v 20 -0.504797 0 0.099275 0.1463 0.19855
v 28 -0.504797 0 0.099275 0.1463 0.19855
v 20 -0.504797 -8 0.099275 0.1463 0.19855
v 28 -0.504797 0 0.099275 0.1463 0.19855
v 28 -0.504797 -8 0.099275 0.1463 0.19855
v 28 -0.45848 -8 0.107825 0.1589 0.21565
v 28 -0.45848 0 0.107825 0.1589 0.21565
v 36 -0.45848 0 0.107825 0.1589 0.21565
v 28 -0.45848 -8 0.107825 0.1589 0.21565
v 36 -0.45848 0 0.107825 0.1589 0.21565
v 36 -0.45848 -8 0.107825 0.1589 0.21565
v -36 -0.455337 0 0.107825 0.1589 0.21565
v -36 -0.455337 8 0.107825 0.1589 0.21565
v -28 -0.455337 8 0.107825 0.1589 0.21565
v -36 -0.455337 0 0.107825 0.1589 0.21565
v -28 -0.455337 8 0.107825 0.1589 0.21565
v -28 -0.455337 0 0.107825 0.1589 0.21565
v -28 -0.496945 0 0.099275 0.1463 0.19855
v -28 -0.496945 8 0.099275 0.1463 0.19855
v -20 -0.496945 8 0.099275 0.1463 0.19855
v -28 -0.496945 0 0.099275 0.1463 0.19855
v -20 -0.496945 8 0.099275 0.1463 0.19855
v -20 -0.496945 0 0.099275 0.1463 0.19855
v -20 -0.477923 0 0.116375 0.1715 0.23275
v -20 -0.477923 8 0.116375 0.1715 0.23275
v -12 -0.477923 8 0.116375 0.1715 0.23275
v -20 -0.477923 0 0.116375 0.1715 0.23275
v -12 -0.477923 8 0.116375 0.1715 0.23275
v -12 -0.477923 0 0.116375 0.1715 0.23275
v -12 -0.466333 0 0.107825 0.1589 0.21565
v -12 -0.466333 8 0.107825 0.1589 0.21565
v -4 -0.466333 8 0.107825 0.1589 0.21565
v -12 -0.466333 0 0.107825 0.1589 0.21565
v -4 -0.466333 8 0.107825 0.1589 0.21565
v -4 -0.466333 0 0.107825 0.1589 0.21565
v -4 -0.503645 0 0.099275 0.1463 0.19855
v -4 -0.503645 8 0.099275 0.1463 0.19855
v 4 -0.503645 8 0.099275 0.1463 0.19855
v -4 -0.503645 0 0.099275 0.1463 0.19855
v 4 -0.503645 8 0.099275 0.1463 0.19855
v 4 -0.503645 0 0.099275 0.1463 0.19855
v 4 -0.456355 0 0.099275 0.1463 0.19855
v 4 -0.456355 8 0.099275 0.1463 0.19855
v 12 -0.456355 8 0.099275 0.1463 0.19855
v 4 -0.456355 0 0.099275 0.1463 0.19855
v 12 -0.456355 8 0.099275 0.1463 0.19855
v 12 -0.456355 0 0.099275 0.1463 0.19855
v 12 -0.493667 0 0.107825 0.1589 0.21565
v 12 -0.493667 8 0.107825 0.1589 0.21565
v 20 -0.493667 8 0.107825 0.1589 0.21565
v 12 -0.493667 0 0.107825 0.1589 0.21565
v 20 -0.493667 8 0.107825 0.1589 0.21565
v 20 -0.493667 0 0.107825 0.1589 0.21565
v 20 -0.482077 0 0.116375 0.1715 0.23275
v 20 -0.482077 8 0.116375 0.1715 0.23275
v 28 -0.482077 8 0.116375 0.1715 0.23275
v 20 -0.482077 0 0.116375 0.1715 0.23275
v 28 -0.482077 8 0.116375 0.1715 0.23275
v 28 -0.482077 0 0.116375 0.1715 0.23275
v 28 -0.463055 0 0.099275 0.1463 0.19855
v 28 -0.463055 8 0.099275 0.1463 0.19855
v 36 -0.463055 8 0.099275 0.1463 0.19855
v 28 -0.463055 0 0.099275 0.1463 0.19855
v 36 -0.463055 8 0.099275 0.1463 0.19855
v 36 -0.463055 0 0.099275 0.1463 0.19855
v -36 -0.470838 8 0.116375 0.1715 0.23275
v -36 -0.470838 16 0.116375 0.1715 0.23275
v -28 -0.470838 16 0.116375 0.1715 0.23275
v -36 -0.470838 8 0.116375 0.1715 0.23275
v -28 -0.470838 16 0.116375 0.1715 0.23275
v -28 -0.470838 8 0.116375 0.1715 0.23275
v -28 -0.50152 8 0.107825 0.1589 0.21565
v -28 -0.50152 16 0.107825 0.1589 0.21565
v -20 -0.50152 16 0.107825 0.1589 0.21565
v -28 -0.50152 8 0.107825 0.1589 0.21565
v -20 -0.50152 16 0.107825 0.1589 0.21565
v -20 -0.50152 8 0.107825 0.1589 0.21565
v -20 -0.455203 8 0.099275 0.1463 0.19855
v -20 -0.455203 16 0.099275 0.1463 0.19855
v -12 -0.455203 16 0.099275 0.1463 0.19855
v -20 -0.455203 8 0.099275 0.1463 0.19855
v -12 -0.455203 16 0.099275 0.1463 0.19855
v -12 -0.455203 8 0.099275 0.1463 0.19855
v -12 -0.49761 8 0.116375 0.1715 0.23275
v -12 -0.49761 16 0.116375 0.1715 0.23275
v -4 -0.49761 16 0.116375 0.1715 0.23275
v -12 -0.49761 8 0.116375 0.1715 0.23275
v -4 -0.49761 16 0.116375 0.1715 0.23275
v -4 -0.49761 8 0.116375 0.1715 0.23275
v -4 -0.477007 8 0.107825 0.1589 0.21565
v -4 -0.477007 16 0.107825 0.1589 0.21565
v 4 -0.477007 16 0.107825 0.1589 0.21565
v -4 -0.477007 8 0.107825 0.1589 0.21565
v 4 -0.477007 16 0.107825 0.1589 0.21565
v 4 -0.477007 8 0.107825 0.1589 0.21565
v 4 -0.467112 8 0.107825 0.1589 0.21565
v 4 -0.467112 16 0.107825 0.1589 0.21565
v 12 -0.467112 16 0.107825 0.1589 0.21565
v 4 -0.467112 8 0.107825 0.1589 0.21565
v 12 -0.467112 16 0.107825 0.1589 0.21565
v 12 -0.467112 8 0.107825 0.1589 0.21565
v 12 -0.50333 8 0.116375 0.1715 0.23275
v 12 -0.50333 16 0.116375 0.1715 0.23275
v 20 -0.50333 16 0.116375 0.1715 0.23275
v 12 -0.50333 8 0.116375 0.1715 0.23275
v 20 -0.50333 16 0.116375 0.1715 0.23275
v 20 -0.50333 8 0.116375 0.1715 0.23275
v 20 -0.456073 8 0.099275 0.1463 0.19855
v 20 -0.456073 16 0.099275 0.1463 0.19855
v 28 -0.456073 16 0.099275 0.1463 0.19855
v 20 -0.456073 8 0.099275 0.1463 0.19855
v 28 -0.456073 16 0.099275 0.1463 0.19855
v 28 -0.456073 8 0.099275 0.1463 0.19855
v 28 -0.494428 8 0.107825 0.1589 0.21565
v 28 -0.494428 16 0.107825 0.1589 0.21565
v 36 -0.494428 16 0.107825 0.1589 0.21565
v 28 -0.494428 8 0.107825 0.1589 0.21565
v 36 -0.494428 16 0.107825 0.1589 0.21565
v 36 -0.494428 8 0.107825 0.1589 0.21565
v -36 -0.500829 16 0.099275 0.1463 0.19855
v -36 -0.500829 24 0.099275 0.1463 0.19855
v -28 -0.500829 24 0.099275 0.1463 0.19855
v -36 -0.500829 16 0.099275 0.1463 0.19855
v -28 -0.500829 24 0.099275 0.1463 0.19855
v -28 -0.500829 16 0.099275 0.1463 0.19855
v -28 -0.47206 16 0.116375 0.1715 0.23275
v -28 -0.47206 24 0.116375 0.1715 0.23275
v -20 -0.47206 24 0.116375 0.1715 0.23275
v -28 -0.47206 16 0.116375 0.1715 0.23275
v -20 -0.47206 24 0.116375 0.1715 0.23275
v -20 -0.47206 16 0.116375 0.1715 0.23275
v -20 -0.4717 16 0.107825 0.1589 0.21565
v -20 -0.4717 24 0.107825 0.1589 0.21565
v -12 -0.4717 24 0.107825 0.1589 0.21565
v -20 -0.4717 16 0.107825 0.1589 0.21565
v -12 -0.4717 24 0.107825 0.1589 0.21565
v -12 -0.4717 16 0.107825 0.1589 0.21565
v -12 -0.501037 16 0.099275 0.1463 0.19855
v -12 -0.501037 24 0.099275 0.1463 0.19855
v -4 -0.501037 24 0.099275 0.1463 0.19855
v -12 -0.501037 16 0.099275 0.1463 0.19855
v -4 -0.501037 24 0.099275 0.1463 0.19855
v -4 -0.501037 16 0.099275 0.1463 0.19855
v -4 -0.455103 16 0.116375 0.1715 0.23275
v -4 -0.455103 24 0.116375 0.1715 0.23275
v 4 -0.455103 24 0.116375 0.1715 0.23275
v -4 -0.455103 16 0.116375 0.1715 0.23275
v 4 -0.455103 24 0.116375 0.1715 0.23275
v 4 -0.455103 16 0.116375 0.1715 0.23275
v 4 -0.498251 16 0.116375 0.1715 0.23275
v 4 -0.498251 24 0.116375 0.1715 0.23275
v 12 -0.498251 24 0.116375 0.1715 0.23275
v 4 -0.498251 16 0.116375 0.1715 0.23275
v 12 -0.498251 24 0.116375 0.1715 0.23275
v 12 -0.498251 16 0.116375 0.1715 0.23275
v 12 -0.476096 16 0.099275 0.1463 0.19855
v 12 -0.476096 24 0.099275 0.1463 0.19855
v 20 -0.476096 24 0.099275 0.1463 0.19855
v 12 -0.476096 16 0.099275 0.1463 0.19855
v 20 -0.476096 24 0.099275 0.1463 0.19855
v 20 -0.476096 16 0.099275 0.1463 0.19855
v 20 -0.46791 16 0.107825 0.1589 0.21565
v 20 -0.46791 24 0.107825 0.1589 0.21565
v 28 -0.46791 24 0.107825 0.1589 0.21565
v 20 -0.46791 16 0.107825 0.1589 0.21565
v 28 -0.46791 24 0.107825 0.1589 0.21565
v 28 -0.46791 16 0.107825 0.1589 0.21565
v 28 -0.502983 16 0.116375 0.1715 0.23275
v 28 -0.502983 24 0.116375 0.1715 0.23275
v 36 -0.502983 24 0.116375 0.1715 0.23275
v 28 -0.502983 16 0.116375 0.1715 0.23275
v 36 -0.502983 24 0.116375 0.1715 0.23275
v 36 -0.502983 16 0.116375 0.1715 0.23275
v -36 -0.497878 24 0.107825 0.1589 0.21565
v -36 -0.497878 32 0.107825 0.1589 0.21565
v -28 -0.497878 32 0.107825 0.1589 0.21565
v -36 -0.497878 24 0.107825 0.1589 0.21565
v -28 -0.497878 32 0.107825 0.1589 0.21565
v -28 -0.497878 24 0.107825 0.1589 0.21565
v -28 -0.455158 24 0.099275 0.1463 0.19855
v -28 -0.455158 32 0.099275 0.1463 0.19855
v -20 -0.455158 32 0.099275 0.1463 0.19855
v -28 -0.455158 24 0.099275 0.1463 0.19855
v -20 -0.455158 32 0.099275 0.1463 0.19855
v -20 -0.455158 24 0.099275 0.1463 0.19855
v -20 -0.501324 24 0.116375 0.1715 0.23275
v -20 -0.501324 32 0.116375 0.1715 0.23275
v -12 -0.501324 32 0.116375 0.1715 0.23275
v -20 -0.501324 24 0.116375 0.1715 0.23275
v -12 -0.501324 32 0.116375 0.1715 0.23275
v -12 -0.501324 24 0.116375 0.1715 0.23275
v -12 -0.471193 24 0.107825 0.1589 0.21565
v -12 -0.471193 32 0.107825 0.1589 0.21565
v -4 -0.471193 32 0.107825 0.1589 0.21565
v -12 -0.471193 24 0.107825 0.1589 0.21565
v -4 -0.471193 32 0.107825 0.1589 0.21565
v -4 -0.471193 24 0.107825 0.1589 0.21565
v -4 -0.472574 24 0.099275 0.1463 0.19855
v -4 -0.472574 32 0.099275 0.1463 0.19855
v 4 -0.472574 32 0.099275 0.1463 0.19855
v -4 -0.472574 24 0.099275 0.1463 0.19855
v 4 -0.472574 32 0.099275 0.1463 0.19855
v 4 -0.472574 24 0.099275 0.1463 0.19855
v 4 -0.500525 24 0.099275 0.1463 0.19855
v 4 -0.500525 32 0.099275 0.1463 0.19855
v 12 -0.500525 32 0.099275 0.1463 0.19855
v 4 -0.500525 24 0.099275 0.1463 0.19855
v 12 -0.500525 32 0.099275 0.1463 0.19855
v 12 -0.500525 24 0.099275 0.1463 0.19855
v 12 -0.455036 24 0.107825 0.1589 0.21565
v 12 -0.455036 32 0.107825 0.1589 0.21565
v 20 -0.455036 32 0.107825 0.1589 0.21565
v 12 -0.455036 24 0.107825 0.1589 0.21565
v 20 -0.455036 32 0.107825 0.1589 0.21565
v 20 -0.455036 24 0.107825 0.1589 0.21565
v 20 -0.498868 24 0.116375 0.1715 0.23275
v 20 -0.498868 32 0.116375 0.1715 0.23275
v 28 -0.498868 32 0.116375 0.1715 0.23275
v 20 -0.498868 24 0.116375 0.1715 0.23275
v 28 -0.498868 32 0.116375 0.1715 0.23275
v 28 -0.498868 24 0.116375 0.1715 0.23275
v 28 -0.475189 24 0.099275 0.1463 0.19855
v 28 -0.475189 32 0.099275 0.1463 0.19855
v 36 -0.475189 32 0.099275 0.1463 0.19855
v 28 -0.475189 24 0.099275 0.1463 0.19855
v 36 -0.475189 32 0.099275 0.1463 0.19855
v 36 -0.475189 24 0.099275 0.1463 0.19855
v -36 -0.466653 32 0.116375 0.1715 0.23275
v -36 -0.466653 40 0.116375 0.1715 0.23275
v -28 -0.466653 40 0.116375 0.1715 0.23275
v -36 -0.466653 32 0.116375 0.1715 0.23275
v -28 -0.466653 40 0.116375 0.1715 0.23275
v -28 -0.466653 32 0.116375 0.1715 0.23275
v -28 -0.477544 32 0.107825 0.1589 0.21565
v -28 -0.477544 40 0.107825 0.1589 0.21565
v -20 -0.477544 40 0.107825 0.1589 0.21565
v -28 -0.477544 32 0.107825 0.1589 0.21565
v -20 -0.477544 40 0.107825 0.1589 0.21565
v -20 -0.477544 32 0.107825 0.1589 0.21565
v -20 -0.497223 32 0.099275 0.1463 0.19855
v -20 -0.497223 40 0.099275 0.1463 0.19855
v -12 -0.497223 40 0.099275 0.1463 0.19855
v -20 -0.497223 32 0.099275 0.1463 0.19855
v -12 -0.497223 40 0.099275 0.1463 0.19855
v -12 -0.497223 32 0.099275 0.1463 0.19855
v -12 -0.455278 32 0.116375 0.1715 0.23275
v -12 -0.455278 40 0.116375 0.1715 0.23275
v -4 -0.455278 40 0.116375 0.1715 0.23275
v -12 -0.455278 32 0.116375 0.1715 0.23275
v -4 -0.455278 40 0.116375 0.1715 0.23275
v -4 -0.455278 32 0.116375 0.1715 0.23275
v -4 -0.501789 32 0.107825 0.1589 0.21565
v -4 -0.501789 40 0.107825 0.1589 0.21565
v 4 -0.501789 40 0.107825 0.1589 0.21565
v -4 -0.501789 32 0.107825 0.1589 0.21565
v 4 -0.501789 40 0.107825 0.1589 0.21565
v 4 -0.501789 32 0.107825 0.1589 0.21565
v 4 -0.470338 32 0.107825 0.1589 0.21565
v 4 -0.470338 40 0.107825 0.1589 0.21565
v 12 -0.470338 40 0.107825 0.1589 0.21565
v 4 -0.470338 32 0.107825 0.1589 0.21565
v 12 -0.470338 40 0.107825 0.1589 0.21565
v 12 -0.470338 32 0.107825 0.1589 0.21565
v 12 -0.473458 32 0.116375 0.1715 0.23275
v 12 -0.473458 40 0.116375 0.1715 0.23275
v 20 -0.473458 40 0.116375 0.1715 0.23275
v 12 -0.473458 32 0.116375 0.1715 0.23275
v 20 -0.473458 40 0.116375 0.1715 0.23275
v 20 -0.473458 32 0.116375 0.1715 0.23275
v 20 -0.499986 32 0.099275 0.1463 0.19855
v 20 -0.499986 40 0.099275 0.1463 0.19855
v 28 -0.499986 40 0.099275 0.1463 0.19855
v 20 -0.499986 32 0.099275 0.1463 0.19855
v 28 -0.499986 40 0.099275 0.1463 0.19855
v 28 -0.499986 32 0.099275 0.1463 0.19855
v 28 -0.455004 32 0.107825 0.1589 0.21565
v 28 -0.455004 40 0.107825 0.1589 0.21565
v 36 -0.455004 40 0.107825 0.1589 0.21565
v 28 -0.455004 32 0.107825 0.1589 0.21565
v 36 -0.455004 40 0.107825 0.1589 0.21565
v 36 -0.455004 32 0.107825 0.1589 0.21565
v -42 -7 -51 0.07 0.14 0.2
v 42 -7 -51 0.07 0.14 0.2
v 42 27 -51 0.07 0.14 0.2
v -42 -7 -51 0.07 0.14 0.2
v 42 27 -51 0.07 0.14 0.2
v -42 27 -51 0.07 0.14 0.2
v -42 -7 43 0.035 0.075 0.12
v -42 27 43 0.035 0.075 0.12
v 42 27 43 0.035 0.075 0.12
v -42 -7 43 0.035 0.075 0.12
v 42 27 43 0.035 0.075 0.12
v 42 -7 43 0.035 0.075 0.12
v -38 -7 43 0.035 0.075 0.12
v -38 -7 -51 0.035 0.075 0.12
v -38 27 -51 0.035 0.075 0.12
v -38 -7 43 0.035 0.075 0.12
v -38 27 -51 0.035 0.075 0.12
v -38 27 43 0.035 0.075 0.12
v 38 -7 -51 0.07 0.14 0.2
v 38 -7 43 0.07 0.14 0.2
v 38 27 43 0.07 0.14 0.2
v 38 -7 -51 0.07 0.14 0.2
v 38 27 43 0.07 0.14 0.2
v 38 27 -51 0.07 0.14 0.2
v -6 0.050243 -28 0.20254 0.29848 0.40508
v -6 0.014782 -26 0.20254 0.29848 0.40508
v -4 -0.020404 -28 0.20254 0.29848 0.40508
v -4 -0.020404 -28 0.19475 0.287 0.3895
v -6 0.014782 -26 0.19475 0.287 0.3895
v -4 0.005571 -26 0.19475 0.287 0.3895
v -6 -14 -26 0.055 0.09 0.15
v -6 -14 -28 0.055 0.09 0.15
v -6 0.050243 -28 0.055 0.09 0.15
v -6 -14 -26 0.055 0.09 0.15
v -6 0.050243 -28 0.055 0.09 0.15
v -6 0.014782 -26 0.055 0.09 0.15
v -6 -14 -28 0.0396 0.0648 0.108
v -4 -14 -28 0.0396 0.0648 0.108
v -4 -0.020404 -28 0.0396 0.0648 0.108
v -6 -14 -28 0.0396 0.0648 0.108
v -4 -0.020404 -28 0.0396 0.0648 0.108
v -6 0.050243 -28 0.0396 0.0648 0.108
v -4 -0.020404 -28 0.1748 0.2576 0.3496
v -4 0.005571 -26 0.1748 0.2576 0.3496
v -2 -0.008184 -26 0.1748 0.2576 0.3496
v -4 -0.020404 -28 0.18354 0.27048 0.36708
v -2 -0.008184 -26 0.18354 0.27048 0.36708
v -2 -0.000177 -28 0.18354 0.27048 0.36708
v -4 -11 -28 0.0396 0.0648 0.108
v -2 -11 -28 0.0396 0.0648 0.108
v -2 -0.000177 -28 0.0396 0.0648 0.108
v -4 -11 -28 0.0396 0.0648 0.108
v -2 -0.000177 -28 0.0396 0.0648 0.108
v -4 -0.020404 -28 0.0396 0.0648 0.108
v -2 -0.000177 -28 0.188708 0.278096 0.377416
v -2 -0.008184 -26 0.188708 0.278096 0.377416
v 0 0.002238 -28 0.188708 0.278096 0.377416
v 0 0.002238 -28 0.18145 0.2674 0.3629
v -2 -0.008184 -26 0.18145 0.2674 0.3629
v 0 0.056246 -26 0.18145 0.2674 0.3629
v -2 -12 -28 0.0396 0.0648 0.108
v 0 -12 -28 0.0396 0.0648 0.108
v 0 0.002238 -28 0.0396 0.0648 0.108
v -2 -12 -28 0.0396 0.0648 0.108
v 0 0.002238 -28 0.0396 0.0648 0.108
v -2 -0.000177 -28 0.0396 0.0648 0.108
v 0 0.002238 -28 0.1881 0.2772 0.3762
v 0 0.056246 -26 0.1881 0.2772 0.3762
v 2 -0.005874 -26 0.1881 0.2772 0.3762
v 0 0.002238 -28 0.197505 0.29106 0.39501
v 2 -0.005874 -26 0.197505 0.29106 0.39501
v 2 -0.054972 -28 0.197505 0.29106 0.39501
v 0 -13 -28 0.0396 0.0648 0.108
v 2 -13 -28 0.0396 0.0648 0.108
v 2 -0.054972 -28 0.0396 0.0648 0.108
v 0 -13 -28 0.0396 0.0648 0.108
v 2 -0.054972 -28 0.0396 0.0648 0.108
v 0 0.002238 -28 0.0396 0.0648 0.108
v 2 -0.054972 -28 0.20254 0.29848 0.40508
v 2 -0.005874 -26 0.20254 0.29848 0.40508
v 4 0.008317 -28 0.20254 0.29848 0.40508
v 4 0.008317 -28 0.19475 0.287 0.3895
v 2 -0.005874 -26 0.19475 0.287 0.3895
v 4 0.036871 -26 0.19475 0.287 0.3895
v 2 -14 -28 0.0396 0.0648 0.108
v 4 -14 -28 0.0396 0.0648 0.108
v 4 0.008317 -28 0.0396 0.0648 0.108
v 2 -14 -28 0.0396 0.0648 0.108
v 4 0.008317 -28 0.0396 0.0648 0.108
v 2 -0.054972 -28 0.0396 0.0648 0.108
v 4 0.008317 -28 0.1748 0.2576 0.3496
v 4 0.036871 -26 0.1748 0.2576 0.3496
v 6 0.026879 -26 0.1748 0.2576 0.3496
v 4 0.008317 -28 0.18354 0.27048 0.36708
v 6 0.026879 -26 0.18354 0.27048 0.36708
v 6 -0.042108 -28 0.18354 0.27048 0.36708
v 6 -11 -28 0.0451 0.0738 0.123
v 6 -11 -26 0.0451 0.0738 0.123
v 6 0.026879 -26 0.0451 0.0738 0.123
v 6 -11 -28 0.0451 0.0738 0.123
v 6 0.026879 -26 0.0451 0.0738 0.123
v 6 -0.042108 -28 0.0451 0.0738 0.123
v 4 -11 -28 0.0396 0.0648 0.108
v 6 -11 -28 0.0396 0.0648 0.108
v 6 -0.042108 -28 0.0396 0.0648 0.108
v 4 -11 -28 0.0396 0.0648 0.108
v 6 -0.042108 -28 0.0396 0.0648 0.108
v 4 0.008317 -28 0.0396 0.0648 0.108
v -6 0.014782 -26 0.1748 0.2576 0.3496
v -6 -0.010925 -24 0.1748 0.2576 0.3496
v -4 0.013402 -24 0.1748 0.2576 0.3496
v -6 0.014782 -26 0.18354 0.27048 0.36708
v -4 0.013402 -24 0.18354 0.27048 0.36708
v -4 0.005571 -26 0.18354 0.27048 0.36708
v -6 -13 -24 0.055 0.09 0.15
v -6 -13 -26 0.055 0.09 0.15
v -6 0.014782 -26 0.055 0.09 0.15
v -6 -13 -24 0.055 0.09 0.15
v -6 0.014782 -26 0.055 0.09 0.15
v -6 -0.010925 -24 0.055 0.09 0.15
v -4 0.005571 -26 0.188708 0.278096 0.377416
v -4 0.013402 -24 0.188708 0.278096 0.377416
v -2 -0.008184 -26 0.188708 0.278096 0.377416
v -2 -0.008184 -26 0.18145 0.2674 0.3629
v -4 0.013402 -24 0.18145 0.2674 0.3629
v -2 -0.056356 -24 0.18145 0.2674 0.3629
v -2 -0.008184 -26 0.1881 0.2772 0.3762
v -2 -0.056356 -24 0.1881 0.2772 0.3762
v 0 0.002454 -24 0.1881 0.2772 0.3762
v -2 -0.008184 -26 0.197505 0.29106 0.39501
v 0 0.002454 -24 0.197505 0.29106 0.39501
v 0 0.056246 -26 0.197505 0.29106 0.39501
v 0 0.056246 -26 0.20254 0.29848 0.40508
v 0 0.002454 -24 0.20254 0.29848 0.40508
v 2 -0.005874 -26 0.20254 0.29848 0.40508
v 2 -0.005874 -26 0.19475 0.287 0.3895
v 0 0.002454 -24 0.19475 0.287 0.3895
v 2 -0.031154 -24 0.19475 0.287 0.3895
v 2 -0.005874 -26 0.1748 0.2576 0.3496
v 2 -0.031154 -24 0.1748 0.2576 0.3496
v 4 -0.033479 -24 0.1748 0.2576 0.3496
v 2 -0.005874 -26 0.18354 0.27048 0.36708
v 4 -0.033479 -24 0.18354 0.27048 0.36708
v 4 0.036871 -26 0.18354 0.27048 0.36708
v 4 0.036871 -26 0.188708 0.278096 0.377416
v 4 -0.033479 -24 0.188708 0.278096 0.377416
v 6 0.026879 -26 0.188708 0.278096 0.377416
v 6 0.026879 -26 0.18145 0.2674 0.3629
v 4 -0.033479 -24 0.18145 0.2674 0.3629
v 6 0.023053 -24 0.18145 0.2674 0.3629
v 6 -14 -26 0.0451 0.0738 0.123
v 6 -14 -24 0.0451 0.0738 0.123
v 6 0.023053 -24 0.0451 0.0738 0.123
v 6 -14 -26 0.0451 0.0738 0.123
v 6 0.023053 -24 0.0451 0.0738 0.123
v 6 0.026879 -26 0.0451 0.0738 0.123
v -6 -0.010925 -24 0.188708 0.278096 0.377416
v -6 -0.017747 -22 0.188708 0.278096 0.377416
v -4 0.013402 -24 0.188708 0.278096 0.377416
v -4 0.013402 -24 0.18145 0.2674 0.3629
v -6 -0.017747 -22 0.18145 0.2674 0.3629
v -4 0.055283 -22 0.18145 0.2674 0.3629
v -6 -12 -22 0.055 0.09 0.15
v -6 -12 -24 0.055 0.09 0.15
v -6 -0.010925 -24 0.055 0.09 0.15
v -6 -12 -22 0.055 0.09 0.15
v -6 -0.010925 -24 0.055 0.09 0.15
v -6 -0.017747 -22 0.055 0.09 0.15
v -4 0.013402 -24 0.1881 0.2772 0.3762
v -4 0.055283 -22 0.1881 0.2772 0.3762
v -2 0.001827 -22 0.1881 0.2772 0.3762
v -4 0.013402 -24 0.197505 0.29106 0.39501
v -2 0.001827 -22 0.197505 0.29106 0.39501
v -2 -0.056356 -24 0.197505 0.29106 0.39501
v -2 -0.056356 -24 0.20254 0.29848 0.40508
v -2 0.001827 -22 0.20254 0.29848 0.40508
v 0 0.002454 -24 0.20254 0.29848 0.40508
v 0 0.002454 -24 0.19475 0.287 0.3895
v -2 0.001827 -22 0.19475 0.287 0.3895
v 0 0.025154 -22 0.19475 0.287 0.3895
v 0 0.002454 -24 0.1748 0.2576 0.3496
v 0 0.025154 -22 0.1748 0.2576 0.3496
v 2 0.039539 -22 0.1748 0.2576 0.3496
v 0 0.002454 -24 0.18354 0.27048 0.36708
v 2 0.039539 -22 0.18354 0.27048 0.36708
v 2 -0.031154 -24 0.18354 0.27048 0.36708
v 2 -0.031154 -24 0.188708 0.278096 0.377416
v 2 0.039539 -22 0.188708 0.278096 0.377416
v 4 -0.033479 -24 0.188708 0.278096 0.377416
v 4 -0.033479 -24 0.18145 0.2674 0.3629
v 2 0.039539 -22 0.18145 0.2674 0.3629
v 4 -0.024277 -22 0.18145 0.2674 0.3629
v 4 -0.033479 -24 0.1881 0.2772 0.3762
v 4 -0.024277 -22 0.1881 0.2772 0.3762
v 6 0.030724 -22 0.1881 0.2772 0.3762
v 4 -0.033479 -24 0.197505 0.29106 0.39501
v 6 0.030724 -22 0.197505 0.29106 0.39501
v 6 0.023053 -24 0.197505 0.29106 0.39501
v 6 -13 -24 0.0451 0.0738 0.123
v 6 -13 -22 0.0451 0.0738 0.123
v 6 0.030724 -22 0.0451 0.0738 0.123
v 6 -13 -24 0.0451 0.0738 0.123
v 6 0.030724 -22 0.0451 0.0738 0.123
v 6 0.023053 -24 0.0451 0.0738 0.123
v -6 -0.017747 -22 0.1881 0.2772 0.3762
v -6 -0.053047 -20 0.1881 0.2772 0.3762
v -4 -0.006825 -20 0.1881 0.2772 0.3762
v -6 -0.017747 -22 0.197505 0.29106 0.39501
v -4 -0.006825 -20 0.197505 0.29106 0.39501
v -4 0.055283 -22 0.197505 0.29106 0.39501
v -6 -11 -20 0.055 0.09 0.15
v -6 -11 -22 0.055 0.09 0.15
v -6 -0.017747 -22 0.055 0.09 0.15
v -6 -11 -20 0.055 0.09 0.15
v -6 -0.017747 -22 0.055 0.09 0.15
v -6 -0.053047 -20 0.055 0.09 0.15
v -4 0.055283 -22 0.20254 0.29848 0.40508
v -4 -0.006825 -20 0.20254 0.29848 0.40508
v -2 0.001827 -22 0.20254 0.29848 0.40508
v -2 0.001827 -22 0.19475 0.287 0.3895
v -4 -0.006825 -20 0.19475 0.287 0.3895
v -2 -0.019078 -20 0.19475 0.287 0.3895
v -2 0.001827 -22 0.1748 0.2576 0.3496
v -2 -0.019078 -20 0.1748 0.2576 0.3496
v 0 -0.044882 -20 0.1748 0.2576 0.3496
v -2 0.001827 -22 0.18354 0.27048 0.36708
v 0 -0.044882 -20 0.18354 0.27048 0.36708
v 0 0.025154 -22 0.18354 0.27048 0.36708
v 0 0.025154 -22 0.188708 0.278096 0.377416
v 0 -0.044882 -20 0.188708 0.278096 0.377416
v 2 0.039539 -22 0.188708 0.278096 0.377416
v 2 0.039539 -22 0.18145 0.2674 0.3629
v 0 -0.044882 -20 0.18145 0.2674 0.3629
v 2 0.0244 -20 0.18145 0.2674 0.3629
v 2 0.039539 -22 0.1881 0.2772 0.3762
v 2 0.0244 -20 0.1881 0.2772 0.3762
v 4 -0.02853 -20 0.1881 0.2772 0.3762
v 2 0.039539 -22 0.197505 0.29106 0.39501
v 4 -0.02853 -20 0.197505 0.29106 0.39501
v 4 -0.024277 -22 0.197505 0.29106 0.39501
v 4 -0.024277 -22 0.20254 0.29848 0.40508
v 4 -0.02853 -20 0.20254 0.29848 0.40508
v 6 0.030724 -22 0.20254 0.29848 0.40508
v 6 0.030724 -22 0.19475 0.287 0.3895
v 4 -0.02853 -20 0.19475 0.287 0.3895
v 6 0.020502 -20 0.19475 0.287 0.3895
v 6 -12 -22 0.0451 0.0738 0.123
v 6 -12 -20 0.0451 0.0738 0.123
v 6 0.020502 -20 0.0451 0.0738 0.123
v 6 -12 -22 0.0451 0.0738 0.123
v 6 0.020502 -20 0.0451 0.0738 0.123
v 6 0.030724 -22 0.0451 0.0738 0.123
v -6 -0.053047 -20 0.20254 0.29848 0.40508
v -6 0.012371 -18 0.20254 0.29848 0.40508
v -4 -0.006825 -20 0.20254 0.29848 0.40508
v -4 -0.006825 -20 0.19475 0.287 0.3895
v -6 0.012371 -18 0.19475 0.287 0.3895
v -4 0.013134 -18 0.19475 0.287 0.3895
v -6 -14 -18 0.055 0.09 0.15
v -6 -14 -20 0.055 0.09 0.15
v -6 -0.053047 -20 0.055 0.09 0.15
v -6 -14 -18 0.055 0.09 0.15
v -6 -0.053047 -20 0.055 0.09 0.15
v -6 0.012371 -18 0.055 0.09 0.15
v -4 -0.006825 -20 0.1748 0.2576 0.3496
v -4 0.013134 -18 0.1748 0.2576 0.3496
v -2 0.049351 -18 0.1748 0.2576 0.3496
v -4 -0.006825 -20 0.18354 0.27048 0.36708
v -2 0.049351 -18 0.18354 0.27048 0.36708
v -2 -0.019078 -20 0.18354 0.27048 0.36708
v -2 -0.019078 -20 0.188708 0.278096 0.377416
v -2 0.049351 -18 0.188708 0.278096 0.377416
v 0 -0.044882 -20 0.188708 0.278096 0.377416
v 0 -0.044882 -20 0.18145 0.2674 0.3629
v -2 0.049351 -18 0.18145 0.2674 0.3629
v 0 -0.02339 -18 0.18145 0.2674 0.3629
v 0 -0.044882 -20 0.1881 0.2772 0.3762
v 0 -0.02339 -18 0.1881 0.2772 0.3762
v 2 0.025394 -18 0.1881 0.2772 0.3762
v 0 -0.044882 -20 0.197505 0.29106 0.39501
v 2 0.025394 -18 0.197505 0.29106 0.39501
v 2 0.0244 -20 0.197505 0.29106 0.39501
v 2 0.0244 -20 0.20254 0.29848 0.40508
v 2 0.025394 -18 0.20254 0.29848 0.40508
v 4 -0.02853 -20 0.20254 0.29848 0.40508
v 4 -0.02853 -20 0.19475 0.287 0.3895
v 2 0.025394 -18 0.19475 0.287 0.3895
v 4 -0.013397 -18 0.19475 0.287 0.3895
v 4 -0.02853 -20 0.1748 0.2576 0.3496
v 4 -0.013397 -18 0.1748 0.2576 0.3496
v 6 -0.037871 -18 0.1748 0.2576 0.3496
v 4 -0.02853 -20 0.18354 0.27048 0.36708
v 6 -0.037871 -18 0.18354 0.27048 0.36708
v 6 0.020502 -20 0.18354 0.27048 0.36708
v 6 -11 -20 0.0451 0.0738 0.123
v 6 -11 -18 0.0451 0.0738 0.123
v 6 -0.037871 -18 0.0451 0.0738 0.123
v 6 -11 -20 0.0451 0.0738 0.123
v 6 -0.037871 -18 0.0451 0.0738 0.123
v 6 0.020502 -20 0.0451 0.0738 0.123
v -6 0.012371 -18 0.1748 0.2576 0.3496
v -6 -0.007525 -16 0.1748 0.2576 0.3496
v -4 -0.052818 -16 0.1748 0.2576 0.3496
v -6 0.012371 -18 0.18354 0.27048 0.36708
v -4 -0.052818 -16 0.18354 0.27048 0.36708
v -4 0.013134 -18 0.18354 0.27048 0.36708
v -6 -13 -16 0.055 0.09 0.15
v -6 -13 -18 0.055 0.09 0.15
v -6 0.012371 -18 0.055 0.09 0.15
v -6 -13 -16 0.055 0.09 0.15
v -6 0.012371 -18 0.055 0.09 0.15
v -6 -0.007525 -16 0.055 0.09 0.15
v -4 0.013134 -18 0.188708 0.278096 0.377416
v -4 -0.052818 -16 0.188708 0.278096 0.377416
v -2 0.049351 -18 0.188708 0.278096 0.377416
v -2 0.049351 -18 0.18145 0.2674 0.3629
v -4 -0.052818 -16 0.18145 0.2674 0.3629
v -2 0.021253 -16 0.18145 0.2674 0.3629
v -2 0.049351 -18 0.1881 0.2772 0.3762
v -2 0.021253 -16 0.1881 0.2772 0.3762
v 0 -0.021448 -16 0.1881 0.2772 0.3762
v -2 0.049351 -18 0.197505 0.29106 0.39501
v 0 -0.021448 -16 0.197505 0.29106 0.39501
v 0 -0.02339 -18 0.197505 0.29106 0.39501
v 0 -0.02339 -18 0.20254 0.29848 0.40508
v 0 -0.021448 -16 0.20254 0.29848 0.40508
v 2 0.025394 -18 0.20254 0.29848 0.40508
v 2 0.025394 -18 0.19475 0.287 0.3895
v 0 -0.021448 -16 0.19475 0.287 0.3895
v 2 0.006161 -16 0.19475 0.287 0.3895
v 2 0.025394 -18 0.1748 0.2576 0.3496
v 2 0.006161 -16 0.1748 0.2576 0.3496
v 4 0.0422 -16 0.1748 0.2576 0.3496
v 2 0.025394 -18 0.18354 0.27048 0.36708
v 4 0.0422 -16 0.18354 0.27048 0.36708
v 4 -0.013397 -18 0.18354 0.27048 0.36708
v 4 -0.013397 -18 0.188708 0.278096 0.377416
v 4 0.0422 -16 0.188708 0.278096 0.377416
v 6 -0.037871 -18 0.188708 0.278096 0.377416
v 6 -0.037871 -18 0.18145 0.2674 0.3629
v 4 0.0422 -16 0.18145 0.2674 0.3629
v 6 -0.010978 -16 0.18145 0.2674 0.3629
v 6 -14 -18 0.0451 0.0738 0.123
v 6 -14 -16 0.0451 0.0738 0.123
v 6 -0.010978 -16 0.0451 0.0738 0.123
v 6 -14 -18 0.0451 0.0738 0.123
v 6 -0.010978 -16 0.0451 0.0738 0.123
v 6 -0.037871 -18 0.0451 0.0738 0.123
v -8 -0.018276 -16 0.1748 0.2576 0.3496
v -8 0.002441 -14 0.1748 0.2576 0.3496
v -6 0.055188 -14 0.1748 0.2576 0.3496
v -8 -0.018276 -16 0.18354 0.27048 0.36708
v -6 0.055188 -14 0.18354 0.27048 0.36708
v -6 -0.007525 -16 0.18354 0.27048 0.36708
v -8 -11 -14 0.055 0.09 0.15
v -8 -11 -16 0.055 0.09 0.15
v -8 -0.018276 -16 0.055 0.09 0.15
v -8 -11 -14 0.055 0.09 0.15
v -8 -0.018276 -16 0.055 0.09 0.15
v -8 0.002441 -14 0.055 0.09 0.15
v -8 -11 -16 0.0396 0.0648 0.108
v -6 -11 -16 0.0396 0.0648 0.108
v -6 -0.007525 -16 0.0396 0.0648 0.108
v -8 -11 -16 0.0396 0.0648 0.108
v -6 -0.007525 -16 0.0396 0.0648 0.108
v -8 -0.018276 -16 0.0396 0.0648 0.108
v -6 -0.007525 -16 0.188708 0.278096 0.377416
v -6 0.055188 -14 0.188708 0.278096 0.377416
v -4 -0.052818 -16 0.188708 0.278096 0.377416
v -4 -0.052818 -16 0.18145 0.2674 0.3629
v -6 0.055188 -14 0.18145 0.2674 0.3629
v -4 -0.018033 -14 0.18145 0.2674 0.3629
v -4 -0.052818 -16 0.1881 0.2772 0.3762
v -4 -0.018033 -14 0.1881 0.2772 0.3762
v -2 0.016852 -14 0.1881 0.2772 0.3762
v -4 -0.052818 -16 0.197505 0.29106 0.39501
v -2 0.016852 -14 0.197505 0.29106 0.39501
v -2 0.021253 -16 0.197505 0.29106 0.39501
v -2 0.021253 -16 0.20254 0.29848 0.40508
v -2 0.016852 -14 0.20254 0.29848 0.40508
v 0 -0.021448 -16 0.20254 0.29848 0.40508
v 0 -0.021448 -16 0.19475 0.287 0.3895
v -2 0.016852 -14 0.19475 0.287 0.3895
v 0 0.000994 -14 0.19475 0.287 0.3895
v 0 -0.021448 -16 0.1748 0.2576 0.3496
v 0 0.000994 -14 0.1748 0.2576 0.3496
v 2 -0.045709 -14 0.1748 0.2576 0.3496
v 0 -0.021448 -16 0.18354 0.27048 0.36708
v 2 -0.045709 -14 0.18354 0.27048 0.36708
v 2 0.006161 -16 0.18354 0.27048 0.36708
v 2 0.006161 -16 0.188708 0.278096 0.377416
v 2 -0.045709 -14 0.188708 0.278096 0.377416
v 4 0.0422 -16 0.188708 0.278096 0.377416
v 4 0.0422 -16 0.18145 0.2674 0.3629
v 2 -0.045709 -14 0.18145 0.2674 0.3629
v 4 0.011563 -14 0.18145 0.2674 0.3629
v 4 0.0422 -16 0.1881 0.2772 0.3762
v 4 0.011563 -14 0.1881 0.2772 0.3762
v 6 -0.051058 -14 0.1881 0.2772 0.3762
v 4 0.0422 -16 0.197505 0.29106 0.39501
v 6 -0.051058 -14 0.197505 0.29106 0.39501
v 6 -0.010978 -16 0.197505 0.29106 0.39501
v 6 -0.010978 -16 0.20254 0.29848 0.40508
v 6 -0.051058 -14 0.20254 0.29848 0.40508
v 8 0.054737 -16 0.20254 0.29848 0.40508
v 8 0.054737 -16 0.19475 0.287 0.3895
v 6 -0.051058 -14 0.19475 0.287 0.3895
v 8 -0.015959 -14 0.19475 0.287 0.3895
v 8 -14 -16 0.0451 0.0738 0.123
v 8 -14 -14 0.0451 0.0738 0.123
v 8 -0.015959 -14 0.0451 0.0738 0.123
v 8 -14 -16 0.0451 0.0738 0.123
v 8 -0.015959 -14 0.0451 0.0738 0.123
v 8 0.054737 -16 0.0451 0.0738 0.123
v 6 -14 -16 0.0396 0.0648 0.108
v 8 -14 -16 0.0396 0.0648 0.108
v 8 0.054737 -16 0.0396 0.0648 0.108
v 6 -14 -16 0.0396 0.0648 0.108
v 8 0.054737 -16 0.0396 0.0648 0.108
v 6 -0.010978 -16 0.0396 0.0648 0.108
v -10 0.024338 -14 0.1748 0.2576 0.3496
v -10 0.001945 -12 0.1748 0.2576 0.3496
v -8 -0.056399 -12 0.1748 0.2576 0.3496
v -10 0.024338 -14 0.18354 0.27048 0.36708
v -8 -0.056399 -12 0.18354 0.27048 0.36708
v -8 0.002441 -14 0.18354 0.27048 0.36708
v -10 -13 -12 0.055 0.09 0.15
v -10 -13 -14 0.055 0.09 0.15
v -10 0.024338 -14 0.055 0.09 0.15
v -10 -13 -12 0.055 0.09 0.15
v -10 0.024338 -14 0.055 0.09 0.15
v -10 0.001945 -12 0.055 0.09 0.15
v -10 -13 -14 0.0396 0.0648 0.108
v -8 -13 -14 0.0396 0.0648 0.108
v -8 0.002441 -14 0.0396 0.0648 0.108
v -10 -13 -14 0.0396 0.0648 0.108
v -8 0.002441 -14 0.0396 0.0648 0.108
v -10 0.024338 -14 0.0396 0.0648 0.108
v -8 0.002441 -14 0.188708 0.278096 0.377416
v -8 -0.056399 -12 0.188708 0.278096 0.377416
v -6 0.055188 -14 0.188708 0.278096 0.377416
v -6 0.055188 -14 0.18145 0.2674 0.3629
v -8 -0.056399 -12 0.18145 0.2674 0.3629
v -6 0.01381 -12 0.18145 0.2674 0.3629
v -6 0.055188 -14 0.1881 0.2772 0.3762
v -6 0.01381 -12 0.1881 0.2772 0.3762
v -4 -0.011788 -12 0.1881 0.2772 0.3762
v -6 0.055188 -14 0.197505 0.29106 0.39501
v -4 -0.011788 -12 0.197505 0.29106 0.39501
v -4 -0.018033 -14 0.197505 0.29106 0.39501
v -4 -0.018033 -14 0.20254 0.29848 0.40508
v -4 -0.011788 -12 0.20254 0.29848 0.40508
v -2 0.016852 -14 0.20254 0.29848 0.40508
v -2 0.016852 -14 0.19475 0.287 0.3895
v -4 -0.011788 -12 0.19475 0.287 0.3895
v -2 -0.007861 -12 0.19475 0.287 0.3895
v -2 0.016852 -14 0.1748 0.2576 0.3496
v -2 -0.007861 -12 0.1748 0.2576 0.3496
v 0 0.048262 -12 0.1748 0.2576 0.3496
v -2 0.016852 -14 0.18354 0.27048 0.36708
v 0 0.048262 -12 0.18354 0.27048 0.36708
v 0 0.000994 -14 0.18354 0.27048 0.36708
v 0 0.000994 -14 0.188708 0.278096 0.377416
v 0 0.048262 -12 0.188708 0.278096 0.377416
v 2 -0.045709 -14 0.188708 0.278096 0.377416
v 2 -0.045709 -14 0.18145 0.2674 0.3629
v 0 0.048262 -12 0.18145 0.2674 0.3629
v 2 -0.011033 -12 0.18145 0.2674 0.3629
v 2 -0.045709 -14 0.1881 0.2772 0.3762
v 2 -0.011033 -12 0.1881 0.2772 0.3762
v 4 0.046482 -12 0.1881 0.2772 0.3762
v 2 -0.045709 -14 0.197505 0.29106 0.39501
v 4 0.046482 -12 0.197505 0.29106 0.39501
v 4 0.011563 -14 0.197505 0.29106 0.39501
v 4 0.011563 -14 0.20254 0.29848 0.40508
v 4 0.046482 -12 0.20254 0.29848 0.40508
v 6 -0.051058 -14 0.20254 0.29848 0.40508
v 6 -0.051058 -14 0.19475 0.287 0.3895
v 4 0.046482 -12 0.19475 0.287 0.3895
v 6 0.022749 -12 0.19475 0.287 0.3895
v 6 -0.051058 -14 0.1748 0.2576 0.3496
v 6 0.022749 -12 0.1748 0.2576 0.3496
v 8 -0.007299 -12 0.1748 0.2576 0.3496
v 6 -0.051058 -14 0.18354 0.27048 0.36708
v 8 -0.007299 -12 0.18354 0.27048 0.36708
v 8 -0.015959 -14 0.18354 0.27048 0.36708
v 8 -0.015959 -14 0.188708 0.278096 0.377416
v 8 -0.007299 -12 0.188708 0.278096 0.377416
v 10 0.002852 -14 0.188708 0.278096 0.377416
v 10 0.002852 -14 0.18145 0.2674 0.3629
v 8 -0.007299 -12 0.18145 0.2674 0.3629
v 10 0.039523 -12 0.18145 0.2674 0.3629
v 10 -14 -14 0.0451 0.0738 0.123
v 10 -14 -12 0.0451 0.0738 0.123
v 10 0.039523 -12 0.0451 0.0738 0.123
v 10 -14 -14 0.0451 0.0738 0.123
v 10 0.039523 -12 0.0451 0.0738 0.123
v 10 0.002852 -14 0.0451 0.0738 0.123
v 8 -14 -14 0.0396 0.0648 0.108
v 10 -14 -14 0.0396 0.0648 0.108
v 10 0.002852 -14 0.0396 0.0648 0.108
v 8 -14 -14 0.0396 0.0648 0.108
v 10 0.002852 -14 0.0396 0.0648 0.108
v 8 -0.015959 -14 0.0396 0.0648 0.108
v -12 -0.030351 -12 0.1748 0.2576 0.3496
v -12 -0.005487 -10 0.1748 0.2576 0.3496
v -10 0.056428 -10 0.1748 0.2576 0.3496
v -12 -0.030351 -12 0.18354 0.27048 0.36708
v -10 0.056428 -10 0.18354 0.27048 0.36708
v -10 0.001945 -12 0.18354 0.27048 0.36708
v -12 -11 -10 0.055 0.09 0.15
v -12 -11 -12 0.055 0.09 0.15
v -12 -0.030351 -12 0.055 0.09 0.15
v -12 -11 -10 0.055 0.09 0.15
v -12 -0.030351 -12 0.055 0.09 0.15
v -12 -0.005487 -10 0.055 0.09 0.15
v -12 -11 -12 0.0396 0.0648 0.108
v -10 -11 -12 0.0396 0.0648 0.108
v -10 0.001945 -12 0.0396 0.0648 0.108
v -12 -11 -12 0.0396 0.0648 0.108
v -10 0.001945 -12 0.0396 0.0648 0.108
v -12 -0.030351 -12 0.0396 0.0648 0.108
v -10 0.001945 -12 0.188708 0.278096 0.377416
v -10 0.056428 -10 0.188708 0.278096 0.377416
v -8 -0.056399 -12 0.188708 0.278096 0.377416
v -8 -0.056399 -12 0.18145 0.2674 0.3629
v -10 0.056428 -10 0.18145 0.2674 0.3629
v -8 -0.008697 -10 0.18145 0.2674 0.3629
v -8 -0.056399 -12 0.1881 0.2772 0.3762
v -8 -0.008697 -10 0.1881 0.2772 0.3762
v -6 0.006453 -10 0.1881 0.2772 0.3762
v -8 -0.056399 -12 0.197505 0.29106 0.39501
v -6 0.006453 -10 0.197505 0.29106 0.39501
v -6 0.01381 -12 0.197505 0.29106 0.39501
v -6 0.01381 -12 0.20254 0.29848 0.40508
v -6 0.006453 -10 0.20254 0.29848 0.40508
v -4 -0.011788 -12 0.20254 0.29848 0.40508
v -4 -0.011788 -12 0.19475 0.287 0.3895
v -6 0.006453 -10 0.19475 0.287 0.3895
v -4 0.014244 -10 0.19475 0.287 0.3895
v -4 -0.011788 -12 0.1748 0.2576 0.3496
v -4 0.014244 -10 0.1748 0.2576 0.3496
v -2 -0.049752 -10 0.1748 0.2576 0.3496
v -4 -0.011788 -12 0.18354 0.27048 0.36708
v -2 -0.049752 -10 0.18354 0.27048 0.36708
v -2 -0.007861 -12 0.18354 0.27048 0.36708
v -2 -0.007861 -12 0.188708 0.278096 0.377416
v -2 -0.049752 -10 0.188708 0.278096 0.377416
v 0 0.048262 -12 0.188708 0.278096 0.377416
v 0 0.048262 -12 0.18145 0.2674 0.3629
v -2 -0.049752 -10 0.18145 0.2674 0.3629
v 0 0.009417 -10 0.18145 0.2674 0.3629
v 0 0.048262 -12 0.1881 0.2772 0.3762
v 0 0.009417 -10 0.1881 0.2772 0.3762
v 2 -0.041162 -10 0.1881 0.2772 0.3762
v 0 0.048262 -12 0.197505 0.29106 0.39501
v 2 -0.041162 -10 0.197505 0.29106 0.39501
v 2 -0.011033 -12 0.197505 0.29106 0.39501
v 2 -0.011033 -12 0.20254 0.29848 0.40508
v 2 -0.041162 -10 0.20254 0.29848 0.40508
v 4 0.046482 -12 0.20254 0.29848 0.40508
v 4 0.046482 -12 0.19475 0.287 0.3895
v 2 -0.041162 -10 0.19475 0.287 0.3895
v 4 -0.029487 -10 0.19475 0.287 0.3895
v 4 0.046482 -12 0.1748 0.2576 0.3496
v 4 -0.029487 -10 0.1748 0.2576 0.3496
v 6 0.011031 -10 0.1748 0.2576 0.3496
v 4 0.046482 -12 0.18354 0.27048 0.36708
v 6 0.011031 -10 0.18354 0.27048 0.36708
v 6 0.022749 -12 0.18354 0.27048 0.36708
v 6 0.022749 -12 0.188708 0.278096 0.377416
v 6 0.011031 -10 0.188708 0.278096 0.377416
v 8 -0.007299 -12 0.188708 0.278096 0.377416
v 8 -0.007299 -12 0.18145 0.2674 0.3629
v 6 0.011031 -10 0.18145 0.2674 0.3629
v 8 -0.041132 -10 0.18145 0.2674 0.3629
v 8 -0.007299 -12 0.1881 0.2772 0.3762
v 8 -0.041132 -10 0.1881 0.2772 0.3762
v 10 0.03236 -10 0.1881 0.2772 0.3762
v 8 -0.007299 -12 0.197505 0.29106 0.39501
v 10 0.03236 -10 0.197505 0.29106 0.39501
v 10 0.039523 -12 0.197505 0.29106 0.39501
v 10 0.039523 -12 0.20254 0.29848 0.40508
v 10 0.03236 -10 0.20254 0.29848 0.40508
v 12 -0.036735 -12 0.20254 0.29848 0.40508
v 12 -0.036735 -12 0.19475 0.287 0.3895
v 10 0.03236 -10 0.19475 0.287 0.3895
v 12 0.006806 -10 0.19475 0.287 0.3895
v 12 -14 -12 0.0451 0.0738 0.123
v 12 -14 -10 0.0451 0.0738 0.123
v 12 0.006806 -10 0.0451 0.0738 0.123
v 12 -14 -12 0.0451 0.0738 0.123
v 12 0.006806 -10 0.0451 0.0738 0.123
v 12 -0.036735 -12 0.0451 0.0738 0.123
v 10 -14 -12 0.0396 0.0648 0.108
v 12 -14 -12 0.0396 0.0648 0.108
v 12 -0.036735 -12 0.0396 0.0648 0.108
v 10 -14 -12 0.0396 0.0648 0.108
v 12 -0.036735 -12 0.0396 0.0648 0.108
v 10 0.039523 -12 0.0396 0.0648 0.108
v -14 0.036107 -10 0.1748 0.2576 0.3496
v -14 0.008064 -8 0.1748 0.2576 0.3496
v -12 -0.055289 -8 0.1748 0.2576 0.3496
v -14 0.036107 -10 0.18354 0.27048 0.36708
v -12 -0.055289 -8 0.18354 0.27048 0.36708
v -12 -0.005487 -10 0.18354 0.27048 0.36708
v -14 -13 -8 0.055 0.09 0.15
v -14 -13 -10 0.055 0.09 0.15
v -14 0.036107 -10 0.055 0.09 0.15
v -14 -13 -8 0.055 0.09 0.15
v -14 0.036107 -10 0.055 0.09 0.15
v -14 0.008064 -8 0.055 0.09 0.15
v -14 -13 -10 0.0396 0.0648 0.108
v -12 -13 -10 0.0396 0.0648 0.108
v -12 -0.005487 -10 0.0396 0.0648 0.108
v -14 -13 -10 0.0396 0.0648 0.108
v -12 -0.005487 -10 0.0396 0.0648 0.108
v -14 0.036107 -10 0.0396 0.0648 0.108
v -12 -0.005487 -10 0.188708 0.278096 0.377416
v -12 -0.055289 -8 0.188708 0.278096 0.377416
v -10 0.056428 -10 0.188708 0.278096 0.377416
v -10 0.056428 -10 0.18145 0.2674 0.3629
v -12 -0.055289 -8 0.18145 0.2674 0.3629
v -10 0.002838 -8 0.18145 0.2674 0.3629
v -10 0.056428 -10 0.1881 0.2772 0.3762
v -10 0.002838 -8 0.1881 0.2772 0.3762
v -8 -0.00105 -8 0.1881 0.2772 0.3762
v -10 0.056428 -10 0.197505 0.29106 0.39501
v -8 -0.00105 -8 0.197505 0.29106 0.39501
v -8 -0.008697 -10 0.197505 0.29106 0.39501
v -8 -0.008697 -10 0.20254 0.29848 0.40508
v -8 -0.00105 -8 0.20254 0.29848 0.40508
v -6 0.006453 -10 0.20254 0.29848 0.40508
v -6 0.006453 -10 0.19475 0.287 0.3895
v -8 -0.00105 -8 0.19475 0.287 0.3895
v -6 -0.019962 -8 0.19475 0.287 0.3895
v -6 0.006453 -10 0.1748 0.2576 0.3496
v -6 -0.019962 -8 0.1748 0.2576 0.3496
v -4 0.050109 -8 0.1748 0.2576 0.3496
v -6 0.006453 -10 0.18354 0.27048 0.36708
v -4 0.050109 -8 0.18354 0.27048 0.36708
v -4 0.014244 -10 0.18354 0.27048 0.36708
v -4 0.014244 -10 0.188708 0.278096 0.377416
v -4 0.050109 -8 0.188708 0.278096 0.377416
v -2 -0.049752 -10 0.188708 0.278096 0.377416
v -2 -0.049752 -10 0.18145 0.2674 0.3629
v -4 0.050109 -8 0.18145 0.2674 0.3629
v -2 -0.006779 -8 0.18145 0.2674 0.3629
v -2 -0.049752 -10 0.1881 0.2772 0.3762
v -2 -0.006779 -8 0.1881 0.2772 0.3762
v 0 0.035274 -8 0.1881 0.2772 0.3762
v -2 -0.049752 -10 0.197505 0.29106 0.39501
v 0 0.035274 -8 0.197505 0.29106 0.39501
v 0 0.009417 -10 0.197505 0.29106 0.39501
v 0 0.009417 -10 0.20254 0.29848 0.40508
v 0 0.035274 -8 0.20254 0.29848 0.40508
v 2 -0.041162 -10 0.20254 0.29848 0.40508
v 2 -0.041162 -10 0.19475 0.287 0.3895
v 0 0.035274 -8 0.19475 0.287 0.3895
v 2 0.035965 -8 0.19475 0.287 0.3895
v 2 -0.041162 -10 0.1748 0.2576 0.3496
v 2 0.035965 -8 0.1748 0.2576 0.3496
v 4 -0.013901 -8 0.1748 0.2576 0.3496
v 2 -0.041162 -10 0.18354 0.27048 0.36708
v 4 -0.013901 -8 0.18354 0.27048 0.36708
v 4 -0.029487 -10 0.18354 0.27048 0.36708
v 4 -0.029487 -10 0.188708 0.278096 0.377416
v 4 -0.013901 -8 0.188708 0.278096 0.377416
v 6 0.011031 -10 0.188708 0.278096 0.377416
v 6 0.011031 -10 0.18145 0.2674 0.3629
v 4 -0.013901 -8 0.18145 0.2674 0.3629
v 6 0.041581 -8 0.18145 0.2674 0.3629
v 6 0.011031 -10 0.1881 0.2772 0.3762
v 6 0.041581 -8 0.1881 0.2772 0.3762
v 8 -0.027071 -8 0.1881 0.2772 0.3762
v 6 0.011031 -10 0.197505 0.29106 0.39501
v 8 -0.027071 -8 0.197505 0.29106 0.39501
v 8 -0.041132 -10 0.197505 0.29106 0.39501
v 8 -0.041132 -10 0.20254 0.29848 0.40508
v 8 -0.027071 -8 0.20254 0.29848 0.40508
v 10 0.03236 -10 0.20254 0.29848 0.40508
v 10 0.03236 -10 0.19475 0.287 0.3895
v 8 -0.027071 -8 0.19475 0.287 0.3895
v 10 -0.012306 -8 0.19475 0.287 0.3895
v 10 0.03236 -10 0.1748 0.2576 0.3496
v 10 -0.012306 -8 0.1748 0.2576 0.3496
v 12 -0.000846 -8 0.1748 0.2576 0.3496
v 10 0.03236 -10 0.18354 0.27048 0.36708
v 12 -0.000846 -8 0.18354 0.27048 0.36708
v 12 0.006806 -10 0.18354 0.27048 0.36708
v 12 0.006806 -10 0.188708 0.278096 0.377416
v 12 -0.000846 -8 0.188708 0.278096 0.377416
v 14 0.006767 -10 0.188708 0.278096 0.377416
v 14 0.006767 -10 0.18145 0.2674 0.3629
v 12 -0.000846 -8 0.18145 0.2674 0.3629
v 14 -0.058688 -8 0.18145 0.2674 0.3629
v 14 -14 -10 0.0451 0.0738 0.123
v 14 -14 -8 0.0451 0.0738 0.123
v 14 -0.058688 -8 0.0451 0.0738 0.123
v 14 -14 -10 0.0451 0.0738 0.123
v 14 -0.058688 -8 0.0451 0.0738 0.123
v 14 0.006767 -10 0.0451 0.0738 0.123
v 12 -14 -10 0.0396 0.0648 0.108
v 14 -14 -10 0.0396 0.0648 0.108
v 14 0.006767 -10 0.0396 0.0648 0.108
v 12 -14 -10 0.0396 0.0648 0.108
v 14 0.006767 -10 0.0396 0.0648 0.108
v 12 0.006806 -10 0.0396 0.0648 0.108
v -14 0.008064 -8 0.188708 0.278096 0.377416
v -14 0.053033 -6 0.188708 0.278096 0.377416
v -12 -0.055289 -8 0.188708 0.278096 0.377416
v -12 -0.055289 -8 0.18145 0.2674 0.3629
v -14 0.053033 -6 0.18145 0.2674 0.3629
v -12 0.003599 -6 0.18145 0.2674 0.3629
v -14 -12 -6 0.055 0.09 0.15
v -14 -12 -8 0.055 0.09 0.15
v -14 0.008064 -8 0.055 0.09 0.15
v -14 -12 -6 0.055 0.09 0.15
v -14 0.008064 -8 0.055 0.09 0.15
v -14 0.053033 -6 0.055 0.09 0.15
v -12 -0.055289 -8 0.1881 0.2772 0.3762
v -12 0.003599 -6 0.1881 0.2772 0.3762
v -10 -0.004211 -6 0.1881 0.2772 0.3762
v -12 -0.055289 -8 0.197505 0.29106 0.39501
v -10 -0.004211 -6 0.197505 0.29106 0.39501
v -10 0.002838 -8 0.197505 0.29106 0.39501
v -10 0.002838 -8 0.20254 0.29848 0.40508
v -10 -0.004211 -6 0.20254 0.29848 0.40508
v -8 -0.00105 -8 0.20254 0.29848 0.40508
v -8 -0.00105 -8 0.19475 0.287 0.3895
v -10 -0.004211 -6 0.19475 0.287 0.3895
v -8 0.024855 -6 0.19475 0.287 0.3895
v -8 -0.00105 -8 0.1748 0.2576 0.3496
v -8 0.024855 -6 0.1748 0.2576 0.3496
v -6 -0.049296 -6 0.1748 0.2576 0.3496
v -8 -0.00105 -8 0.18354 0.27048 0.36708
v -6 -0.049296 -6 0.18354 0.27048 0.36708
v -6 -0.019962 -8 0.18354 0.27048 0.36708
v -6 -0.019962 -8 0.188708 0.278096 0.377416
v -6 -0.049296 -6 0.188708 0.278096 0.377416
v -4 0.050109 -8 0.188708 0.278096 0.377416
v -4 0.050109 -8 0.18145 0.2674 0.3629
v -6 -0.049296 -6 0.18145 0.2674 0.3629
v -4 0.003221 -6 0.18145 0.2674 0.3629
v -4 0.050109 -8 0.1881 0.2772 0.3762
v -4 0.003221 -6 0.1881 0.2772 0.3762
v -2 -0.029011 -6 0.1881 0.2772 0.3762
v -4 0.050109 -8 0.197505 0.29106 0.39501
v -2 -0.029011 -6 0.197505 0.29106 0.39501
v -2 -0.006779 -8 0.197505 0.29106 0.39501
v -2 -0.006779 -8 0.20254 0.29848 0.40508
v -2 -0.029011 -6 0.20254 0.29848 0.40508
v 0 0.035274 -8 0.20254 0.29848 0.40508
v 0 0.035274 -8 0.19475 0.287 0.3895
v -2 -0.029011 -6 0.19475 0.287 0.3895
v 0 -0.041983 -6 0.19475 0.287 0.3895
v 0 0.035274 -8 0.1748 0.2576 0.3496
v 0 -0.041983 -6 0.1748 0.2576 0.3496
v 2 0.015793 -6 0.1748 0.2576 0.3496
v 0 0.035274 -8 0.18354 0.27048 0.36708
v 2 0.015793 -6 0.18354 0.27048 0.36708
v 2 0.035965 -8 0.18354 0.27048 0.36708
v 2 0.035965 -8 0.188708 0.278096 0.377416
v 2 0.015793 -6 0.188708 0.278096 0.377416
v 4 -0.013901 -8 0.188708 0.278096 0.377416
v 4 -0.013901 -8 0.18145 0.2674 0.3629
v 2 0.015793 -6 0.18145 0.2674 0.3629
v 4 -0.040884 -6 0.18145 0.2674 0.3629
v 4 -0.013901 -8 0.1881 0.2772 0.3762
v 4 -0.040884 -6 0.1881 0.2772 0.3762
v 6 0.021012 -6 0.1881 0.2772 0.3762
v 4 -0.013901 -8 0.197505 0.29106 0.39501
v 6 0.021012 -6 0.197505 0.29106 0.39501
v 6 0.041581 -8 0.197505 0.29106 0.39501
v 6 0.041581 -8 0.20254 0.29848 0.40508
v 6 0.021012 -6 0.20254 0.29848 0.40508
v 8 -0.027071 -8 0.20254 0.29848 0.40508
v 8 -0.027071 -8 0.19475 0.287 0.3895
v 6 0.021012 -6 0.19475 0.287 0.3895
v 8 0.017841 -6 0.19475 0.287 0.3895
v 8 -0.027071 -8 0.1748 0.2576 0.3496
v 8 0.017841 -6 0.1748 0.2576 0.3496
v 10 -0.004427 -6 0.1748 0.2576 0.3496
v 8 -0.027071 -8 0.18354 0.27048 0.36708
v 10 -0.004427 -6 0.18354 0.27048 0.36708
v 10 -0.012306 -8 0.18354 0.27048 0.36708
v 10 -0.012306 -8 0.188708 0.278096 0.377416
v 10 -0.004427 -6 0.188708 0.278096 0.377416
v 12 -0.000846 -8 0.188708 0.278096 0.377416
v 12 -0.000846 -8 0.18145 0.2674 0.3629
v 10 -0.004427 -6 0.18145 0.2674 0.3629
v 12 0.059658 -6 0.18145 0.2674 0.3629
v 12 -0.000846 -8 0.1881 0.2772 0.3762
v 12 0.059658 -6 0.1881 0.2772 0.3762
v 14 -0.005075 -6 0.1881 0.2772 0.3762
v 12 -0.000846 -8 0.197505 0.29106 0.39501
v 14 -0.005075 -6 0.197505 0.29106 0.39501
v 14 -0.058688 -8 0.197505 0.29106 0.39501
v 14 -13 -8 0.0451 0.0738 0.123
v 14 -13 -6 0.0451 0.0738 0.123
v 14 -0.005075 -6 0.0451 0.0738 0.123
v 14 -13 -8 0.0451 0.0738 0.123
v 14 -0.005075 -6 0.0451 0.0738 0.123
v 14 -0.058688 -8 0.0451 0.0738 0.123
v -14 0.053033 -6 0.1881 0.2772 0.3762
v -14 -0.010426 -4 0.1881 0.2772 0.3762
v -12 0.00913 -4 0.1881 0.2772 0.3762
v -14 0.053033 -6 0.197505 0.29106 0.39501
v -12 0.00913 -4 0.197505 0.29106 0.39501
v -12 0.003599 -6 0.197505 0.29106 0.39501
v -14 -11 -4 0.055 0.09 0.15
v -14 -11 -6 0.055 0.09 0.15
v -14 0.053033 -6 0.055 0.09 0.15
v -14 -11 -4 0.055 0.09 0.15
v -14 0.053033 -6 0.055 0.09 0.15
v -14 -0.010426 -4 0.055 0.09 0.15
v -12 0.003599 -6 0.20254 0.29848 0.40508
v -12 0.00913 -4 0.20254 0.29848 0.40508
v -10 -0.004211 -6 0.20254 0.29848 0.40508
v -10 -0.004211 -6 0.19475 0.287 0.3895
v -12 0.00913 -4 0.19475 0.287 0.3895
v -10 -0.028793 -4 0.19475 0.287 0.3895
v -10 -0.004211 -6 0.1748 0.2576 0.3496
v -10 -0.028793 -4 0.1748 0.2576 0.3496
v -8 0.047316 -4 0.1748 0.2576 0.3496
v -10 -0.004211 -6 0.18354 0.27048 0.36708
v -8 0.047316 -4 0.18354 0.27048 0.36708
v -8 0.024855 -6 0.18354 0.27048 0.36708
v -8 0.024855 -6 0.188708 0.278096 0.377416
v -8 0.047316 -4 0.188708 0.278096 0.377416
v -6 -0.049296 -6 0.188708 0.278096 0.377416
v -6 -0.049296 -6 0.18145 0.2674 0.3629
v -8 0.047316 -4 0.18145 0.2674 0.3629
v -6 0.001127 -4 0.18145 0.2674 0.3629
v -6 -0.049296 -6 0.1881 0.2772 0.3762
v -6 0.001127 -4 0.1881 0.2772 0.3762
v -4 0.022577 -4 0.1881 0.2772 0.3762
v -6 -0.049296 -6 0.197505 0.29106 0.39501
v -4 0.022577 -4 0.197505 0.29106 0.39501
v -4 0.003221 -6 0.197505 0.29106 0.39501
v -4 0.003221 -6 0.20254 0.29848 0.40508
v -4 0.022577 -4 0.20254 0.29848 0.40508
v -2 -0.029011 -6 0.20254 0.29848 0.40508
v -2 -0.029011 -6 0.19475 0.287 0.3895
v -4 0.022577 -4 0.19475 0.287 0.3895
v -2 0.047353 -4 0.19475 0.287 0.3895
v -2 -0.029011 -6 0.1748 0.2576 0.3496
v -2 0.047353 -4 0.1748 0.2576 0.3496
v 0 -0.016622 -4 0.1748 0.2576 0.3496
v -2 -0.029011 -6 0.18354 0.27048 0.36708
v 0 -0.016622 -4 0.18354 0.27048 0.36708
v 0 -0.041983 -6 0.18354 0.27048 0.36708
v 0 -0.041983 -6 0.188708 0.278096 0.377416
v 0 -0.016622 -4 0.188708 0.278096 0.377416
v 2 0.015793 -6 0.188708 0.278096 0.377416
v 2 0.015793 -6 0.18145 0.2674 0.3629
v 0 -0.016622 -4 0.18145 0.2674 0.3629
v 2 0.039094 -4 0.18145 0.2674 0.3629
v 2 0.015793 -6 0.1881 0.2772 0.3762
v 2 0.039094 -4 0.1881 0.2772 0.3762
v 4 -0.014352 -4 0.1881 0.2772 0.3762
v 2 0.015793 -6 0.197505 0.29106 0.39501
v 4 -0.014352 -4 0.197505 0.29106 0.39501
v 4 -0.040884 -6 0.197505 0.29106 0.39501
v 4 -0.040884 -6 0.20254 0.29848 0.40508
v 4 -0.014352 -4 0.20254 0.29848 0.40508
v 6 0.021012 -6 0.20254 0.29848 0.40508
v 6 0.021012 -6 0.19475 0.287 0.3895
v 4 -0.014352 -4 0.19475 0.287 0.3895
v 6 -0.023204 -4 0.19475 0.287 0.3895
v 6 0.021012 -6 0.1748 0.2576 0.3496
v 6 -0.023204 -4 0.1748 0.2576 0.3496
v 8 0.008896 -4 0.1748 0.2576 0.3496
v 6 0.021012 -6 0.18354 0.27048 0.36708
v 8 0.008896 -4 0.18354 0.27048 0.36708
v 8 0.017841 -6 0.18354 0.27048 0.36708
v 8 0.017841 -6 0.188708 0.278096 0.377416
v 8 0.008896 -4 0.188708 0.278096 0.377416
v 10 -0.004427 -6 0.188708 0.278096 0.377416
v 10 -0.004427 -6 0.18145 0.2674 0.3629
v 8 0.008896 -4 0.18145 0.2674 0.3629
v 10 -0.059443 -4 0.18145 0.2674 0.3629
v 10 -0.004427 -6 0.1881 0.2772 0.3762
v 10 -0.059443 -4 0.1881 0.2772 0.3762
v 12 0.00077 -4 0.1881 0.2772 0.3762
v 10 -0.004427 -6 0.197505 0.29106 0.39501
v 12 0.00077 -4 0.197505 0.29106 0.39501
v 12 0.059658 -6 0.197505 0.29106 0.39501
v 12 0.059658 -6 0.20254 0.29848 0.40508
v 12 0.00077 -4 0.20254 0.29848 0.40508
v 14 -0.005075 -6 0.20254 0.29848 0.40508
v 14 -0.005075 -6 0.19475 0.287 0.3895
v 12 0.00077 -4 0.19475 0.287 0.3895
v 14 -0.022961 -4 0.19475 0.287 0.3895
v 14 -14 -6 0.0451 0.0738 0.123
v 14 -14 -4 0.0451 0.0738 0.123
v 14 -0.022961 -4 0.0451 0.0738 0.123
v 14 -14 -6 0.0451 0.0738 0.123
v 14 -0.022961 -4 0.0451 0.0738 0.123
v 14 -0.005075 -6 0.0451 0.0738 0.123
v -16 -0.049748 -4 0.1881 0.2772 0.3762
v -16 0.017439 -2 0.1881 0.2772 0.3762
v -14 -0.013516 -2 0.1881 0.2772 0.3762
v -16 -0.049748 -4 0.197505 0.29106 0.39501
v -14 -0.013516 -2 0.197505 0.29106 0.39501
v -14 -0.010426 -4 0.197505 0.29106 0.39501
v -16 -13 -2 0.055 0.09 0.15
v -16 -13 -4 0.055 0.09 0.15
v -16 -0.049748 -4 0.055 0.09 0.15
v -16 -13 -2 0.055 0.09 0.15
v -16 -0.049748 -4 0.055 0.09 0.15
v -16 0.017439 -2 0.055 0.09 0.15
v -16 -13 -4 0.0396 0.0648 0.108
v -14 -13 -4 0.0396 0.0648 0.108
v -14 -0.010426 -4 0.0396 0.0648 0.108
v -16 -13 -4 0.0396 0.0648 0.108
v -14 -0.010426 -4 0.0396 0.0648 0.108
v -16 -0.049748 -4 0.0396 0.0648 0.108
v -14 -13 -2 0.05225 0.0855 0.1425
v -16 -13 -2 0.05225 0.0855 0.1425
v -16 0.017439 -2 0.05225 0.0855 0.1425
v -14 -13 -2 0.05225 0.0855 0.1425
v -16 0.017439 -2 0.05225 0.0855 0.1425
v -14 -0.013516 -2 0.05225 0.0855 0.1425
v -14 -0.010426 -4 0.20254 0.29848 0.40508
v -14 -0.013516 -2 0.20254 0.29848 0.40508
v -12 0.00913 -4 0.20254 0.29848 0.40508
v -12 0.00913 -4 0.19475 0.287 0.3895
v -14 -0.013516 -2 0.19475 0.287 0.3895
v -12 0.031675 -2 0.19475 0.287 0.3895
v -12 0.00913 -4 0.1748 0.2576 0.3496
v -12 0.031675 -2 0.1748 0.2576 0.3496
v -10 -0.04421 -2 0.1748 0.2576 0.3496
v -12 0.00913 -4 0.18354 0.27048 0.36708
v -10 -0.04421 -2 0.18354 0.27048 0.36708
v -10 -0.028793 -4 0.18354 0.27048 0.36708
v -10 -0.028793 -4 0.188708 0.278096 0.377416
v -10 -0.04421 -2 0.188708 0.278096 0.377416
v -8 0.047316 -4 0.188708 0.278096 0.377416
v -8 0.047316 -4 0.18145 0.2674 0.3629
v -10 -0.04421 -2 0.18145 0.2674 0.3629
v -8 -0.006107 -2 0.18145 0.2674 0.3629
v -8 0.047316 -4 0.1881 0.2772 0.3762
v -8 -0.006107 -2 0.1881 0.2772 0.3762
v -6 -0.01618 -2 0.1881 0.2772 0.3762
v -8 0.047316 -4 0.197505 0.29106 0.39501
v -6 -0.01618 -2 0.197505 0.29106 0.39501
v -6 0.001127 -4 0.197505 0.29106 0.39501
v -6 0.001127 -4 0.20254 0.29848 0.40508
v -6 -0.01618 -2 0.20254 0.29848 0.40508
v -4 0.022577 -4 0.20254 0.29848 0.40508
v -4 0.022577 -4 0.19475 0.287 0.3895
v -6 -0.01618 -2 0.19475 0.287 0.3895
v -4 -0.051909 -2 0.19475 0.287 0.3895
v -4 0.022577 -4 0.1748 0.2576 0.3496
v -4 -0.051909 -2 0.1748 0.2576 0.3496
v -2 0.016339 -2 0.1748 0.2576 0.3496
v -4 0.022577 -4 0.18354 0.27048 0.36708
v -2 0.016339 -2 0.18354 0.27048 0.36708
v -2 0.047353 -4 0.18354 0.27048 0.36708
v -2 0.047353 -4 0.188708 0.278096 0.377416
v -2 0.016339 -2 0.188708 0.278096 0.377416
v 0 -0.016622 -4 0.188708 0.278096 0.377416
v 0 -0.016622 -4 0.18145 0.2674 0.3629
v -2 0.016339 -2 0.18145 0.2674 0.3629
v 0 -0.036297 -2 0.18145 0.2674 0.3629
v 0 -0.016622 -4 0.1881 0.2772 0.3762
v 0 -0.036297 -2 0.1881 0.2772 0.3762
v 2 0.007281 -2 0.1881 0.2772 0.3762
v 0 -0.016622 -4 0.197505 0.29106 0.39501
v 2 0.007281 -2 0.197505 0.29106 0.39501
v 2 0.039094 -4 0.197505 0.29106 0.39501
v 2 0.039094 -4 0.20254 0.29848 0.40508
v 2 0.007281 -2 0.20254 0.29848 0.40508
v 4 -0.014352 -4 0.20254 0.29848 0.40508
v 4 -0.014352 -4 0.19475 0.287 0.3895
v 2 0.007281 -2 0.19475 0.287 0.3895
v 4 0.028191 -2 0.19475 0.287 0.3895
v 4 -0.014352 -4 0.1748 0.2576 0.3496
v 4 0.028191 -2 0.1748 0.2576 0.3496
v 6 -0.012431 -2 0.1748 0.2576 0.3496
v 4 -0.014352 -4 0.18354 0.27048 0.36708
v 6 -0.012431 -2 0.18354 0.27048 0.36708
v 6 -0.023204 -4 0.18354 0.27048 0.36708
v 6 -0.023204 -4 0.188708 0.278096 0.377416
v 6 -0.012431 -2 0.188708 0.278096 0.377416
v 8 0.008896 -4 0.188708 0.278096 0.377416
v 8 0.008896 -4 0.18145 0.2674 0.3629
v 6 -0.012431 -2 0.18145 0.2674 0.3629
v 8 0.058048 -2 0.18145 0.2674 0.3629
v 8 0.008896 -4 0.1881 0.2772 0.3762
v 8 0.058048 -2 0.1881 0.2772 0.3762
v 10 0.004318 -2 0.1881 0.2772 0.3762
v 8 0.008896 -4 0.197505 0.29106 0.39501
v 10 0.004318 -2 0.197505 0.29106 0.39501
v 10 -0.059443 -4 0.197505 0.29106 0.39501
v 10 -0.059443 -4 0.20254 0.29848 0.40508
v 10 0.004318 -2 0.20254 0.29848 0.40508
v 12 0.00077 -4 0.20254 0.29848 0.40508
v 12 0.00077 -4 0.19475 0.287 0.3895
v 10 0.004318 -2 0.19475 0.287 0.3895
v 12 0.017225 -2 0.19475 0.287 0.3895
v 12 0.00077 -4 0.1748 0.2576 0.3496
v 12 0.017225 -2 0.1748 0.2576 0.3496
v 14 0.034957 -2 0.1748 0.2576 0.3496
v 12 0.00077 -4 0.18354 0.27048 0.36708
v 14 0.034957 -2 0.18354 0.27048 0.36708
v 14 -0.022961 -4 0.18354 0.27048 0.36708
v 14 -0.022961 -4 0.188708 0.278096 0.377416
v 14 0.034957 -2 0.188708 0.278096 0.377416
v 16 -0.029062 -4 0.188708 0.278096 0.377416
v 16 -0.029062 -4 0.18145 0.2674 0.3629
v 14 0.034957 -2 0.18145 0.2674 0.3629
v 16 -0.034052 -2 0.18145 0.2674 0.3629
v 16 -14 -4 0.0451 0.0738 0.123
v 16 -14 -2 0.0451 0.0738 0.123
v 16 -0.034052 -2 0.0451 0.0738 0.123
v 16 -14 -4 0.0451 0.0738 0.123
v 16 -0.034052 -2 0.0451 0.0738 0.123
v 16 -0.029062 -4 0.0451 0.0738 0.123
v 14 -14 -4 0.0396 0.0648 0.108
v 16 -14 -4 0.0396 0.0648 0.108
v 16 -0.029062 -4 0.0396 0.0648 0.108
v 14 -14 -4 0.0396 0.0648 0.108
v 16 -0.029062 -4 0.0396 0.0648 0.108
v 14 -0.022961 -4 0.0396 0.0648 0.108
v 16 -14 -2 0.05225 0.0855 0.1425
v 14 -14 -2 0.05225 0.0855 0.1425
v 14 0.034957 -2 0.05225 0.0855 0.1425
v 16 -14 -2 0.05225 0.0855 0.1425
v 14 0.034957 -2 0.05225 0.0855 0.1425
v 16 -0.034052 -2 0.05225 0.0855 0.1425
v -14 -0.013516 -2 0.1748 0.2576 0.3496
v -14 -0.033438 0 0.1748 0.2576 0.3496
v -12 0.040053 0 0.1748 0.2576 0.3496
v -14 -0.013516 -2 0.18354 0.27048 0.36708
v -12 0.040053 0 0.18354 0.27048 0.36708
v -12 0.031675 -2 0.18354 0.27048 0.36708
v -14 -13 0 0.055 0.09 0.15
v -14 -13 -2 0.055 0.09 0.15
v -14 -0.013516 -2 0.055 0.09 0.15
v -14 -13 0 0.055 0.09 0.15
v -14 -0.013516 -2 0.055 0.09 0.15
v -14 -0.033438 0 0.055 0.09 0.15
v -12 0.031675 -2 0.188708 0.278096 0.377416
v -12 0.040053 0 0.188708 0.278096 0.377416
v -10 -0.04421 -2 0.188708 0.278096 0.377416
v -10 -0.04421 -2 0.18145 0.2674 0.3629
v -12 0.040053 0 0.18145 0.2674 0.3629
v -10 0.011538 0 0.18145 0.2674 0.3629
v -10 -0.04421 -2 0.1881 0.2772 0.3762
v -10 0.011538 0 0.1881 0.2772 0.3762
v -8 0.010028 0 0.1881 0.2772 0.3762
v -10 -0.04421 -2 0.197505 0.29106 0.39501
v -8 0.010028 0 0.197505 0.29106 0.39501
v -8 -0.006107 -2 0.197505 0.29106 0.39501
v -8 -0.006107 -2 0.20254 0.29848 0.40508
v -8 0.010028 0 0.20254 0.29848 0.40508
v -6 -0.01618 -2 0.20254 0.29848 0.40508
v -6 -0.01618 -2 0.19475 0.287 0.3895
v -8 0.010028 0 0.19475 0.287 0.3895
v -6 0.055511 0 0.19475 0.287 0.3895
v -6 -0.01618 -2 0.1748 0.2576 0.3496
v -6 0.055511 0 0.1748 0.2576 0.3496
v -4 -0.014933 0 0.1748 0.2576 0.3496
v -6 -0.01618 -2 0.18354 0.27048 0.36708
v -4 -0.014933 0 0.18354 0.27048 0.36708
v -4 -0.051909 -2 0.18354 0.27048 0.36708
v -4 -0.051909 -2 0.188708 0.278096 0.377416
v -4 -0.014933 0 0.188708 0.278096 0.377416
v -2 0.016339 -2 0.188708 0.278096 0.377416
v -2 0.016339 -2 0.18145 0.2674 0.3629
v -4 -0.014933 0 0.18145 0.2674 0.3629
v -2 0.032613 0 0.18145 0.2674 0.3629
v -2 0.016339 -2 0.1881 0.2772 0.3762
v -2 0.032613 0 0.1881 0.2772 0.3762
v 0 0 0 0.1881 0.2772 0.3762
v -2 0.016339 -2 0.197505 0.29106 0.39501
v 0 0 0 0.197505 0.29106 0.39501
v 0 -0.036297 -2 0.197505 0.29106 0.39501
v 0 -0.036297 -2 0.20254 0.29848 0.40508
v 0 0 0 0.20254 0.29848 0.40508
v 2 0.007281 -2 0.20254 0.29848 0.40508
v 2 0.007281 -2 0.19475 0.287 0.3895
v 0 0 0 0.19475 0.287 0.3895
v 2 -0.032613 0 0.19475 0.287 0.3895
v 2 0.007281 -2 0.1748 0.2576 0.3496
v 2 -0.032613 0 0.1748 0.2576 0.3496
v 4 0.014933 0 0.1748 0.2576 0.3496
v 2 0.007281 -2 0.18354 0.27048 0.36708
v 4 0.014933 0 0.18354 0.27048 0.36708
v 4 0.028191 -2 0.18354 0.27048 0.36708
v 4 0.028191 -2 0.188708 0.278096 0.377416
v 4 0.014933 0 0.188708 0.278096 0.377416
v 6 -0.012431 -2 0.188708 0.278096 0.377416
v 6 -0.012431 -2 0.18145 0.2674 0.3629
v 4 0.014933 0 0.18145 0.2674 0.3629
v 6 -0.055511 0 0.18145 0.2674 0.3629
v 6 -0.012431 -2 0.1881 0.2772 0.3762
v 6 -0.055511 0 0.1881 0.2772 0.3762
v 8 -0.010028 0 0.1881 0.2772 0.3762
v 6 -0.012431 -2 0.197505 0.29106 0.39501
v 8 -0.010028 0 0.197505 0.29106 0.39501
v 8 0.058048 -2 0.197505 0.29106 0.39501
v 8 0.058048 -2 0.20254 0.29848 0.40508
v 8 -0.010028 0 0.20254 0.29848 0.40508
v 10 0.004318 -2 0.20254 0.29848 0.40508
v 10 0.004318 -2 0.19475 0.287 0.3895
v 8 -0.010028 0 0.19475 0.287 0.3895
v 10 -0.011538 0 0.19475 0.287 0.3895
v 10 0.004318 -2 0.1748 0.2576 0.3496
v 10 -0.011538 0 0.1748 0.2576 0.3496
v 12 -0.040053 0 0.1748 0.2576 0.3496
v 10 0.004318 -2 0.18354 0.27048 0.36708
v 12 -0.040053 0 0.18354 0.27048 0.36708
v 12 0.017225 -2 0.18354 0.27048 0.36708
v 12 0.017225 -2 0.188708 0.278096 0.377416
v 12 -0.040053 0 0.188708 0.278096 0.377416
v 14 0.034957 -2 0.188708 0.278096 0.377416
v 14 0.034957 -2 0.18145 0.2674 0.3629
v 12 -0.040053 0 0.18145 0.2674 0.3629
v 14 0.033438 0 0.18145 0.2674 0.3629
v 14 -12 -2 0.0451 0.0738 0.123
v 14 -12 0 0.0451 0.0738 0.123
v 14 0.033438 0 0.0451 0.0738 0.123
v 14 -12 -2 0.0451 0.0738 0.123
v 14 0.033438 0 0.0451 0.0738 0.123
v 14 0.034957 -2 0.0451 0.0738 0.123
v -14 -0.033438 0 0.188708 0.278096 0.377416
v -14 -0.034957 2 0.188708 0.278096 0.377416
v -12 0.040053 0 0.188708 0.278096 0.377416
v -12 0.040053 0 0.18145 0.2674 0.3629
v -14 -0.034957 2 0.18145 0.2674 0.3629
v -12 -0.017225 2 0.18145 0.2674 0.3629
v -14 -12 2 0.055 0.09 0.15
v -14 -12 0 0.055 0.09 0.15
v -14 -0.033438 0 0.055 0.09 0.15
v -14 -12 2 0.055 0.09 0.15
v -14 -0.033438 0 0.055 0.09 0.15
v -14 -0.034957 2 0.055 0.09 0.15
v -12 0.040053 0 0.1881 0.2772 0.3762
v -12 -0.017225 2 0.1881 0.2772 0.3762
v -10 -0.004318 2 0.1881 0.2772 0.3762
v -12 0.040053 0 0.197505 0.29106 0.39501
v -10 -0.004318 2 0.197505 0.29106 0.39501
v -10 0.011538 0 0.197505 0.29106 0.39501
v -10 0.011538 0 0.20254 0.29848 0.40508
v -10 -0.004318 2 0.20254 0.29848 0.40508
v -8 0.010028 0 0.20254 0.29848 0.40508
v -8 0.010028 0 0.19475 0.287 0.3895
v -10 -0.004318 2 0.19475 0.287 0.3895
v -8 -0.058048 2 0.19475 0.287 0.3895
v -8 0.010028 0 0.1748 0.2576 0.3496
v -8 -0.058048 2 0.1748 0.2576 0.3496
v -6 0.012431 2 0.1748 0.2576 0.3496
v -8 0.010028 0 0.18354 0.27048 0.36708
v -6 0.012431 2 0.18354 0.27048 0.36708
v -6 0.055511 0 0.18354 0.27048 0.36708
v -6 0.055511 0 0.188708 0.278096 0.377416
v -6 0.012431 2 0.188708 0.278096 0.377416
v -4 -0.014933 0 0.188708 0.278096 0.377416
v -4 -0.014933 0 0.18145 0.2674 0.3629
v -6 0.012431 2 0.18145 0.2674 0.3629
v -4 -0.028191 2 0.18145 0.2674 0.3629
v -4 -0.014933 0 0.1881 0.2772 0.3762
v -4 -0.028191 2 0.1881 0.2772 0.3762
v -2 -0.007281 2 0.1881 0.2772 0.3762
v -4 -0.014933 0 0.197505 0.29106 0.39501
v -2 -0.007281 2 0.197505 0.29106 0.39501
v -2 0.032613 0 0.197505 0.29106 0.39501
v -2 0.032613 0 0.20254 0.29848 0.40508
v -2 -0.007281 2 0.20254 0.29848 0.40508
v 0 0 0 0.20254 0.29848 0.40508
v 0 0 0 0.19475 0.287 0.3895
v -2 -0.007281 2 0.19475 0.287 0.3895
v 0 0.036297 2 0.19475 0.287 0.3895
v 0 0 0 0.1748 0.2576 0.3496
v 0 0.036297 2 0.1748 0.2576 0.3496
v 2 -0.016339 2 0.1748 0.2576 0.3496
v 0 0 0 0.18354 0.27048 0.36708
v 2 -0.016339 2 0.18354 0.27048 0.36708
v 2 -0.032613 0 0.18354 0.27048 0.36708
v 2 -0.032613 0 0.188708 0.278096 0.377416
v 2 -0.016339 2 0.188708 0.278096 0.377416
v 4 0.014933 0 0.188708 0.278096 0.377416
v 4 0.014933 0 0.18145 0.2674 0.3629
v 2 -0.016339 2 0.18145 0.2674 0.3629
v 4 0.051909 2 0.18145 0.2674 0.3629
v 4 0.014933 0 0.1881 0.2772 0.3762
v 4 0.051909 2 0.1881 0.2772 0.3762
v 6 0.01618 2 0.1881 0.2772 0.3762
v 4 0.014933 0 0.197505 0.29106 0.39501
v 6 0.01618 2 0.197505 0.29106 0.39501
v 6 -0.055511 0 0.197505 0.29106 0.39501
v 6 -0.055511 0 0.20254 0.29848 0.40508
v 6 0.01618 2 0.20254 0.29848 0.40508
v 8 -0.010028 0 0.20254 0.29848 0.40508
v 8 -0.010028 0 0.19475 0.287 0.3895
v 6 0.01618 2 0.19475 0.287 0.3895
v 8 0.006107 2 0.19475 0.287 0.3895
v 8 -0.010028 0 0.1748 0.2576 0.3496
v 8 0.006107 2 0.1748 0.2576 0.3496
v 10 0.04421 2 0.1748 0.2576 0.3496
v 8 -0.010028 0 0.18354 0.27048 0.36708
v 10 0.04421 2 0.18354 0.27048 0.36708
v 10 -0.011538 0 0.18354 0.27048 0.36708
vn 0 1 0
vn 0 1 0
vn 0 1 0
vn 0 1 0
vn 0 1 0
vn 0 1 0
vn 0 1 0
vn 0 1 0
vn 0 1 0
vn 0 1 0
vn 0 1 0
vn 0 1 0
vn 0 1 0
vn 0 1 0
vn 0 1 0
vn 0 1 0
vn 0 1 0
vn 0 1 0
vn 0 1 0
vn 0 1 0
vn 0 1 0
vn 0 1 0
vn 0 1 0
vn 0 1 0
vn 0 1 0
vn 0 1 0
vn 0 1 0
vn 0 1 0
vn 0 1 0
vn 0 1 0
vn 0 1 0
vn 0 1 0
vn 0 1 0
vn 0 1 0
vn 0 1 0
vn 0 1 0
vn 0 1 0
vn 0 1 0
vn 0 1 0
vn 0 1 0
vn 0 1 0
vn 0 1 0
vn 0 1 0
vn 0 1 0
vn 0 1 0
vn 0 1 0
vn 0 1 0
vn 0 1 0
vn 0 1 0
vn 0 1 0
vn 0 1 0
vn 0 1 0
vn 0 1 0
vn 0 1 0
vn 0 1 0
vn 0 1 0
vn 0 1 0
vn 0 1 0
vn 0 1 0
vn 0 1 0
vn 0 1 0
vn 0 1 0
vn 0 1 0
vn 0 1 0
vn 0 1 0
vn 0 1 0
vn 0 1 0
vn 0 1 0
vn 0 1 0
vn 0 1 0
vn 0 1 0
vn 0 1 0
vn 0 1 0
vn 0 1 0
vn 0 1 0
vn 0 1 0
vn 0 1 0
vn 0 1 0
vn 0 1 0
vn 0 1 0
vn 0 1 0
vn 0 1 0
vn 0 1 0
vn 0 1 0
vn 0 1 0
vn 0 1 0
vn 0 1 0
vn 0 1 0
vn 0 1 0
vn 0 1 0
vn 0 1 0
vn 0 1 0
vn 0 1 0
vn 0 1 0
vn 0 1 0
vn 0 1 0
vn 0 1 0
vn 0 1 0
vn 0 1 0
vn 0 1 0
vn 0 1 0
vn 0 1 0
vn 0 1 0
vn 0 1 0
vn 0 1 0
vn 0 1 0
vn 0 1 0
vn 0 1 0
vn 0 1 0
vn 0 1 0
vn 0 1 0
vn 0 1 0
vn 0 1 0
vn 0 1 0
vn 0 1 0
vn 0 1 0
vn 0 1 0
vn 0 1 0
vn 0 1 0
vn 0 1 0
vn 0 1 0
vn 0 1 0
vn 0 1 0
vn 0 1 0
vn 0 1 0
vn 0 1 0
vn 0 1 0
vn 0 1 0
vn 0 1 0
vn 0 1 0
vn 0 1 0
vn 0 1 0
vn 0 1 0
vn 0 1 0
vn 0 1 0
vn 0 1 0
vn 0 1 0
vn 0 1 0
vn 0 1 0
vn 0 1 0
vn 0 1 0
vn 0 1 0
vn 0 1 0
vn 0 1 0
vn 0 1 0
vn 0 1 0
vn 0 1 0
vn 0 1 0
vn 0 1 0
vn 0 1 0
vn 0 1 0
vn 0 1 0
vn 0 1 0
vn 0 1 0
vn 0 1 0
vn 0 1 0
vn 0 1 0
vn 0 1 0
vn 0 1 0
vn 0 1 0
vn 0 1 0
vn 0 1 0
vn 0 1 0
vn 0 1 0
vn 0 1 0
vn 0 1 0
vn 0 1 0
vn 0 1 0
vn 0 1 0
vn 0 1 0
vn 0 1 0
vn 0 1 0
vn 0 1 0
vn 0 1 0
vn 0 1 0
vn 0 1 0
vn 0 1 0
vn 0 1 0
vn 0 1 0
vn 0 1 0
vn 0 1 0
vn 0 1 0
vn 0 1 0
vn 0 1 0
vn 0 1 0
vn 0 1 0
vn 0 1 0
vn 0 1 0
vn 0 1 0
vn 0 1 0
vn 0 1 0
vn 0 1 0
vn 0 1 0
vn 0 1 0
vn 0 1 0
vn 0 1 0
vn 0 1 0
vn 0 1 0
vn 0 1 0
vn 0 1 0
vn 0 1 0
vn 0 1 0
vn 0 1 0
vn 0 1 0
vn 0 1 0
vn 0 1 0
vn 0 1 0
vn 0 1 0
vn 0 1 0
vn 0 1 0
vn 0 1 0
vn 0 1 0
vn 0 1 0
vn 0 1 0
vn 0 1 0
vn 0 1 0
vn 0 1 0
vn 0 1 0
vn 0 1 0
vn 0 1 0
vn 0 1 0
vn 0 1 0
vn 0 1 0
vn 0 1 0
vn 0 1 0
vn 0 1 0
vn 0 1 0
vn 0 1 0
vn 0 1 0
vn 0 1 0
vn 0 1 0
vn 0 1 0
vn 0 1 0
vn 0 1 0
vn 0 1 0
vn 0 1 0
vn 0 1 0
vn 0 1 0
vn 0 1 0
vn 0 1 0
vn 0 1 0
vn 0 1 0
vn 0 1 0
vn 0 1 0
vn 0 1 0
vn 0 1 0
vn 0 1 0
vn 0 1 0
vn 0 1 0
vn 0 1 0
vn 0 1 0
vn 0 1 0
vn 0 1 0
vn 0 1 0
vn 0 1 0
vn 0 1 0
vn 0 1 0
vn 0 1 0
vn 0 1 0
vn 0 1 0
vn 0 1 0
vn 0 1 0
vn 0 1 0
vn 0 1 0
vn 0 1 0
vn 0 1 0
vn 0 1 0
vn 0 1 0
vn 0 1 0
vn 0 1 0
vn 0 1 0
vn 0 1 0
vn 0 1 0
vn 0 1 0
vn 0 1 0
vn 0 1 0
vn 0 1 0
vn 0 1 0
vn 0 1 0
vn 0 1 0
vn 0 1 0
vn 0 1 0
vn 0 1 0
vn 0 1 0
vn 0 1 0
vn 0 1 0
vn 0 1 0
vn 0 1 0
vn 0 1 0
vn 0 1 0
vn 0 1 0
vn 0 1 0
vn 0 1 0
vn 0 1 0
vn 0 1 0
vn 0 1 0
vn 0 1 0
vn 0 1 0
vn 0 1 0
vn 0 1 0
vn 0 1 0
vn 0 1 0
vn 0 1 0
vn 0 1 0
vn 0 1 0
vn 0 1 0
vn 0 1 0
vn 0 1 0
vn 0 1 0
vn 0 1 0
vn 0 1 0
vn 0 1 0
vn 0 1 0
vn 0 1 0
vn 0 1 0
vn 0 1 0
vn 0 1 0
vn 0 1 0
vn 0 1 0
vn 0 1 0
vn 0 1 0
vn 0 1 0
vn 0 1 0
vn 0 1 0
vn 0 1 0
vn 0 1 0
vn 0 1 0
vn 0 1 0
vn 0 1 0
vn 0 1 0
vn 0 1 0
vn 0 1 0
vn 0 1 0
vn 0 1 0
vn 0 1 0
vn 0 1 0
vn 0 1 0
vn 0 1 0
vn 0 1 0
vn 0 1 0
vn 0 1 0
vn 0 1 0
vn 0 1 0
vn 0 1 0
vn 0 1 0
vn 0 1 0
vn 0 1 0
vn 0 1 0
vn 0 1 0
vn 0 1 0
vn 0 1 0
vn 0 1 0
vn 0 1 0
vn 0 1 0
vn 0 1 0
vn 0 1 0
vn 0 1 0
vn 0 1 0
vn 0 1 0
vn 0 1 0
vn 0 1 0
vn 0 1 0
vn 0 1 0
vn 0 1 0
vn 0 1 0
vn 0 1 0
vn 0 1 0
vn 0 1 0
vn 0 1 0
vn 0 1 0
vn 0 1 0
vn 0 1 0
vn 0 1 0
vn 0 1 0
vn 0 1 0
vn 0 1 0
vn 0 1 0
vn 0 1 0
vn 0 1 0
vn 0 1 0
vn 0 1 0
vn 0 1 0
vn 0 1 0
vn 0 1 0
vn 0 1 0
vn 0 1 0
vn 0 1 0
vn 0 1 0
vn 0 1 0
vn 0 1 0
vn 0 1 0
vn 0 1 0
vn 0 1 0
vn 0 1 0
vn 0 1 0
vn 0 1 0
vn 0 1 0
vn 0 1 0
vn 0 1 0
vn 0 1 0
vn 0 1 0
vn 0 1 0
vn 0 1 0
vn 0 1 0
vn 0 1 0
vn 0 1 0
vn 0 1 0
vn 0 1 0
vn 0 1 0
vn 0 1 0
vn 0 1 0
vn 0 1 0
vn 0 1 0
vn 0 1 0
vn 0 1 0
vn 0 1 0
vn 0 1 0
vn 0 1 0
vn 0 1 0
vn 0 1 0
vn 0 1 0
vn 0 1 0
vn 0 1 0
vn 0 1 0
vn 0 1 0
vn 0 1 0
vn 0 1 0
vn 0 1 0
vn 0 1 0
vn 0 1 0
vn 0 1 0
vn 0 1 0
vn 0 1 0
vn 0 1 0
vn 0 1 0
vn 0 1 0
vn 0 1 0
vn 0 1 0
vn 0 1 0
vn 0 1 0
vn 0 1 0
vn 0 1 0
vn 0 1 0
vn 0 1 0
vn 0 1 0
vn 0 1 0
vn 0 1 0
vn 0 1 0
vn 0 1 0
vn 0 1 0
vn 0 1 0
vn 0 1 0
vn 0 1 0
vn 0 1 0
vn 0 1 0
vn 0 1 0
vn 0 1 0
vn 0 1 0
vn 0 1 0
vn 0 1 0
vn 0 1 0
vn 0 1 0
vn 0 1 0
vn 0 1 0
vn 0 1 0
vn 0 1 0
vn 0 1 0
vn 0 1 0
vn 0 1 0
vn 0 1 0
vn 0 1 0
vn 0 1 0
vn 0 1 0
vn 0 1 0
vn 0 1 0
vn 0 1 0
vn 0 1 0
vn 0 1 0
vn 0 1 0
vn 0 1 0
vn 0 1 0
vn 0 1 0
vn 0 1 0
vn 0 1 0
vn 0 1 0
vn 0 1 0
vn 0 1 0
vn 0 1 0
vn 0 1 0
vn 0 1 0
vn 0 1 0
vn 0 1 0
vn 0 1 0
vn 0 1 0
vn 0 1 0
vn 0 1 0
vn 0 1 0
vn 0 1 0
vn 0 1 0
vn 0 1 0
vn 0 1 0
vn 0 1 0
vn 0 1 0
vn 0 1 0
vn 0 1 0
vn 0 1 0
vn 0 1 0
vn 0 1 0
vn 0 1 0
vn 0 1 0
vn 0 1 0
vn 0 1 0
vn 0 1 0
vn 0 1 0
vn 0 1 0
vn 0 1 0
vn 0 1 0
vn 0 1 0
vn 0 1 0
vn 0 1 0
vn 0 1 0
vn 0 1 0
vn 0 1 0
vn 0 1 0
vn 0 1 0
vn 0 1 0
vn 0 1 0
vn 0 1 0
vn 0 1 0
vn 0 1 0
vn 0 1 0
vn 0 1 0
vn 0 1 0
vn 0 1 0
vn 0 1 0
vn 0 1 0
vn 0 1 0
vn 0 1 0
vn 0 1 0
vn 0 1 0
vn 0 1 0
vn 0 1 0
vn 0 1 0
vn 0 1 0
vn 0 1 0
vn 0 1 0
vn 0 1 0
vn 0 1 0
vn 0 1 0
vn 0 1 0
vn 0 1 0
vn 0 1 0
vn 0 1 0
vn 0 1 0
vn 0 1 0
vn 0 1 0
vn 0 1 0
vn 0 1 0
vn 0 1 0
vn 0 1 0
vn 0 1 0
vn 0 1 0
vn 0 1 0
vn 0 1 0
vn 0 1 0
vn 0 1 0
vn 0 1 0
vn 0 1 0
vn 0 1 0
vn 0 1 0
vn 0 1 0
vn 0 1 0
vn 0 1 0
vn 0 1 0
vn 0 1 0
vn 0 1 0
vn 0 1 0
vn 0 1 0
vn 0 1 0
vn 0 1 0
vn 0 1 0
vn 0 1 0
vn 0 1 0
vn 0 1 0
vn 0 1 0
vn 0 1 0
vn 0 1 0
vn 0 1 0
vn 0 1 0
vn 0 1 0
vn 0 1 0
vn 0 1 0
vn 0 1 0
vn 0 1 0
vn 0 0 1
vn 0 0 1
vn 0 0 1
vn 0 0 1
vn 0 0 1
vn 0 0 1
vn 0 0 -1
vn 0 0 -1
vn 0 0 -1
vn 0 0 -1
vn 0 0 -1
vn 0 0 -1
vn 1 0 0
vn 1 0 0
vn 1 0 0
vn 1 0 0
vn 1 0 0
vn 1 0 0
vn -1 0 0
vn -1 0 0
vn -1 0 0
vn -1 0 0
vn -1 0 0
vn -1 0 0
vn 0.035296 0.99922 0.017717
vn 0.035296 0.99922 0.017717
vn 0.035296 0.99922 0.017717
vn 0.004605 0.999905 -0.012986
vn 0.004605 0.999905 -0.012986
vn 0.004605 0.999905 -0.012986
vn 1 0 0
vn 1 0 0
vn 1 0 0
vn 1 0 0
vn 1 0 0
vn 1 0 0
vn 0 0 1
vn 0 0 1
vn 0 0 1
vn 0 0 1
vn 0 0 1
vn 0 0 1
vn 0.006877 0.999892 -0.012986
vn 0.006877 0.999892 -0.012986
vn 0.006877 0.999892 -0.012986
vn -0.010113 0.999941 0.004003
vn -0.010113 0.999941 0.004003
vn -0.010113 0.999941 0.004003
vn 0 0 1
vn 0 0 1
vn 0 0 1
vn 0 0 1
vn 0 0 1
vn 0 0 1
vn -0.001208 0.999991 0.004004
vn -0.001208 0.999991 0.004004
vn -0.001208 0.999991 0.004004
vn -0.032186 0.999118 -0.02698
vn -0.032186 0.999118 -0.02698
vn -0.032186 0.999118 -0.02698
vn 0 0 1
vn 0 0 1
vn 0 0 1
vn 0 0 1
vn 0 0 1
vn 0 0 1
vn 0.031034 0.999154 -0.026981
vn 0.031034 0.999154 -0.026981
vn 0.031034 0.999154 -0.026981
vn 0.028585 0.99929 -0.024531
vn 0.028585 0.99929 -0.024531
vn 0.028585 0.99929 -0.024531
vn 0 0 1
vn 0 0 1
vn 0 0 1
vn 0 0 1
vn 0 0 1
vn 0 0 1
vn -0.031619 0.999199 -0.024529
vn -0.031619 0.999199 -0.024529
vn -0.031619 0.999199 -0.024529
vn -0.021366 0.99967 -0.014272
vn -0.021366 0.99967 -0.014272
vn -0.021366 0.99967 -0.014272
vn 0 0 1
vn 0 0 1
vn 0 0 1
vn 0 0 1
vn 0 0 1
vn 0 0 1
vn 0.004995 0.999886 -0.014275
vn 0.004995 0.999886 -0.014275
vn 0.004995 0.999886 -0.014275
vn 0.02519 0.999089 -0.034462
vn 0.02519 0.999089 -0.034462
vn 0.02519 0.999089 -0.034462
vn -1 0 0
vn -1 0 0
vn -1 0 0
vn -1 0 0
vn -1 0 0
vn -1 0 0
vn 0 0 1
vn 0 0 1
vn 0 0 1
vn 0 0 1
vn 0 0 1
vn 0 0 1
vn -0.012162 0.999843 0.012852
vn -0.012162 0.999843 0.012852
vn -0.012162 0.999843 0.012852
vn 0.004606 0.999982 -0.003915
vn 0.004606 0.999982 -0.003915
vn 0.004606 0.999982 -0.003915
vn 1 0 0
vn 1 0 0
vn 1 0 0
vn 1 0 0
vn 1 0 0
vn 1 0 0
vn 0.006877 0.999969 -0.003915
vn 0.006877 0.999969 -0.003915
vn 0.006877 0.999969 -0.003915
vn 0.034848 0.999103 0.024064
vn 0.034848 0.999103 0.024064
vn 0.034848 0.999103 0.024064
vn -0.029384 0.999278 0.024069
vn -0.029384 0.999278 0.024069
vn -0.029384 0.999278 0.024069
vn -0.032186 0.999121 0.026872
vn -0.032186 0.999121 0.026872
vn -0.032186 0.999121 0.026872
vn 0.031034 0.999157 0.026873
vn 0.031034 0.999157 0.026873
vn 0.031034 0.999157 0.026873
vn 0.0168 0.999779 0.012637
vn 0.0168 0.999779 0.012637
vn 0.0168 0.999779 0.012637
vn 0.001162 0.999919 0.012639
vn 0.001162 0.999919 0.012639
vn 0.001162 0.999919 0.012639
vn -0.021355 0.999154 0.035145
vn -0.021355 0.999154 0.035145
vn -0.021355 0.999154 0.035145
vn 0.004993 0.999369 0.035153
vn 0.004993 0.999369 0.035153
vn 0.004993 0.999369 0.035153
vn -0.028255 0.999599 0.001912
vn -0.028255 0.999599 0.001912
vn -0.028255 0.999599 0.001912
vn -1 0 0
vn -1 0 0
vn -1 0 0
vn -1 0 0
vn -1 0 0
vn -1 0 0
vn -0.012162 0.99992 0.003411
vn -0.012162 0.99992 0.003411
vn -0.012162 0.99992 0.003411
vn -0.036483 0.999115 -0.020922
vn -0.036483 0.999115 -0.020922
vn -0.036483 0.999115 -0.020922
vn 1 0 0
vn 1 0 0
vn 1 0 0
vn 1 0 0
vn 1 0 0
vn 1 0 0
vn 0.026713 0.999424 -0.020929
vn 0.026713 0.999424 -0.020929
vn 0.026713 0.999424 -0.020929
vn 0.034843 0.99897 -0.029061
vn 0.034843 0.99897 -0.029061
vn 0.034843 0.99897 -0.029061
vn -0.02938 0.999146 -0.029066
vn -0.02938 0.999146 -0.029066
vn -0.02938 0.999146 -0.029066
vn -0.011662 0.999868 -0.011348
vn -0.011662 0.999868 -0.011348
vn -0.011662 0.999868 -0.011348
vn -0.007192 0.99991 -0.011349
vn -0.007192 0.99991 -0.011349
vn -0.007192 0.99991 -0.011349
vn 0.016791 0.999235 -0.035319
vn 0.016791 0.999235 -0.035319
vn 0.016791 0.999235 -0.035319
vn 0.001162 0.999375 -0.035324
vn 0.001162 0.999375 -0.035324
vn 0.001162 0.999375 -0.035324
vn 0.031892 0.999481 -0.004598
vn 0.031892 0.999481 -0.004598
vn 0.031892 0.999481 -0.004598
vn -0.02749 0.999612 -0.004599
vn -0.02749 0.999612 -0.004599
vn -0.02749 0.999612 -0.004599
vn -0.028255 0.999593 -0.003834
vn -0.028255 0.999593 -0.003834
vn -0.028255 0.999593 -0.003834
vn -1 0 0
vn -1 0 0
vn -1 0 0
vn -1 0 0
vn -1 0 0
vn -1 0 0
vn -0.023101 0.999577 0.017643
vn -0.023101 0.999577 0.017643
vn -0.023101 0.999577 0.017643
vn -0.036473 0.998853 0.031019
vn -0.036473 0.998853 0.031019
vn -0.036473 0.998853 0.031019
vn 1 0 0
vn 1 0 0
vn 1 0 0
vn 1 0 0
vn 1 0 0
vn 1 0 0
vn 0.026706 0.999162 0.031028
vn 0.026706 0.999162 0.031028
vn 0.026706 0.999162 0.031028
vn 0.006126 0.999927 0.010451
vn 0.006126 0.999927 0.010451
vn 0.006126 0.999927 0.010451
vn 0.0129 0.999862 0.010451
vn 0.0129 0.999862 0.010451
vn 0.0129 0.999862 0.010451
vn -0.011655 0.99932 0.034994
vn -0.011655 0.99932 0.034994
vn -0.011655 0.99932 0.034994
vn -0.007188 0.999362 0.034995
vn -0.007188 0.999362 0.034995
vn -0.007188 0.999362 0.034995
vn -0.034619 0.999372 0.007565
vn -0.034619 0.999372 0.007565
vn -0.034619 0.999372 0.007565
vn 0.026455 0.999621 0.007567
vn 0.026455 0.999621 0.007567
vn 0.026455 0.999621 0.007567
vn 0.031892 0.999489 0.002125
vn 0.031892 0.999489 0.002125
vn 0.031892 0.999489 0.002125
vn -0.02749 0.99962 0.002126
vn -0.02749 0.99962 0.002126
vn -0.02749 0.99962 0.002126
vn -0.024509 0.999687 0.005109
vn -0.024509 0.999687 0.005109
vn -0.024509 0.999687 0.005109
vn -1 0 0
vn -1 0 0
vn -1 0 0
vn -1 0 0
vn -1 0 0
vn -1 0 0
vn -0.023093 0.999199 -0.032683
vn -0.023093 0.999199 -0.032683
vn -0.023093 0.999199 -0.032683
vn -0.000382 0.99995 -0.009979
vn -0.000382 0.99995 -0.009979
vn -0.000382 0.99995 -0.009979
vn 1 0 0
vn 1 0 0
vn 1 0 0
vn 1 0 0
vn 1 0 0
vn 1 0 0
vn -0.018105 0.999786 -0.009977
vn -0.018105 0.999786 -0.009977
vn -0.018105 0.999786 -0.009977
vn 0.006123 0.999396 -0.034194
vn 0.006123 0.999396 -0.034194
vn 0.006123 0.999396 -0.034194
vn 0.012893 0.999332 -0.034191
vn 0.012893 0.999332 -0.034191
vn 0.012893 0.999332 -0.034191
vn 0.036344 0.999282 -0.010738
vn 0.036344 0.999282 -0.010738
vn 0.036344 0.999282 -0.010738
vn -0.024383 0.999645 -0.010742
vn -0.024383 0.999645 -0.010742
vn -0.024383 0.999645 -0.010742
vn -0.03462 0.9994 -0.000497
vn -0.03462 0.9994 -0.000497
vn -0.03462 0.9994 -0.000497
vn 0.026456 0.99965 -0.000497
vn 0.026456 0.99965 -0.000497
vn 0.026456 0.99965 -0.000497
vn 0.019391 0.999783 -0.007565
vn 0.019391 0.999783 -0.007565
vn 0.019391 0.999783 -0.007565
vn 0.012236 0.999897 -0.007566
vn 0.012236 0.999897 -0.007566
vn 0.012236 0.999897 -0.007566
vn -0.024498 0.999274 0.029166
vn -0.024498 0.999274 0.029166
vn -0.024498 0.999274 0.029166
vn -1 0 0
vn -1 0 0
vn -1 0 0
vn -1 0 0
vn -1 0 0
vn -1 0 0
vn 0.02264 0.999694 0.009945
vn 0.02264 0.999694 0.009945
vn 0.02264 0.999694 0.009945
vn -0.000381 0.999457 0.032958
vn -0.000381 0.999457 0.032958
vn -0.000381 0.999457 0.032958
vn 1 0 0
vn 1 0 0
vn 1 0 0
vn 1 0 0
vn 1 0 0
vn 1 0 0
vn -0.018096 0.999293 0.032953
vn -0.018096 0.999293 0.032953
vn -0.018096 0.999293 0.032953
vn -0.037007 0.999216 0.014038
vn -0.037007 0.999216 0.014038
vn -0.037007 0.999216 0.014038
vn 0.021343 0.999674 0.014045
vn 0.021343 0.999674 0.014045
vn 0.021343 0.999674 0.014045
vn 0.036346 0.999339 -0.00097
vn 0.036346 0.999339 -0.00097
vn 0.036346 0.999339 -0.00097
vn -0.024384 0.999702 -0.000971
vn -0.024384 0.999702 -0.000971
vn -0.024384 0.999702 -0.000971
vn -0.013802 0.999859 0.009615
vn -0.013802 0.999859 0.009615
vn -0.013802 0.999859 0.009615
vn -0.018016 0.999791 0.009614
vn -0.018016 0.999791 0.009614
vn -0.018016 0.999791 0.009614
vn 0.019384 0.999426 -0.027782
vn 0.019384 0.999426 -0.027782
vn 0.019384 0.999426 -0.027782
vn 0.012232 0.999539 -0.027785
vn 0.012232 0.999539 -0.027785
vn 0.012232 0.999539 -0.027785
vn 0.026577 0.999556 -0.01344
vn 0.026577 0.999556 -0.01344
vn 0.026577 0.999556 -0.01344
vn -1 0 0
vn -1 0 0
vn -1 0 0
vn -1 0 0
vn -1 0 0
vn -1 0 0
vn -0.026363 0.999599 -0.010354
vn -0.026363 0.999599 -0.010354
vn -0.026363 0.999599 -0.010354
vn -0.005373 0.999494 -0.031341
vn -0.005373 0.999494 -0.031341
vn -0.005373 0.999494 -0.031341
vn 1 0 0
vn 1 0 0
vn 1 0 0
vn 1 0 0
vn 1 0 0
vn 1 0 0
vn 0 0 1
vn 0 0 1
vn 0 0 1
vn 0 0 1
vn 0 0 1
vn 0 0 1
vn 0.02263 0.999253 -0.031333
vn 0.02263 0.999253 -0.031333
vn 0.02263 0.999253 -0.031333
vn 0.03658 0.99918 -0.017379
vn 0.03658 0.99918 -0.017379
vn 0.03658 0.99918 -0.017379
vn -0.017437 0.999697 -0.017388
vn -0.017437 0.999697 -0.017388
vn -0.017437 0.999697 -0.017388
vn -0.03701 0.999312 0.002199
vn -0.03701 0.999312 0.002199
vn -0.03701 0.999312 0.002199
vn 0.021345 0.99977 0.0022
vn 0.021345 0.99977 0.0022
vn 0.021345 0.99977 0.0022
vn 0.007928 0.999906 -0.01122
vn 0.007928 0.999906 -0.01122
vn 0.007928 0.999906 -0.01122
vn 0.023343 0.999665 -0.011217
vn 0.023343 0.999665 -0.011217
vn 0.023343 0.999665 -0.011217
vn -0.013798 0.999569 0.025924
vn -0.013798 0.999569 0.025924
vn -0.013798 0.999569 0.025924
vn -0.01801 0.999502 0.025922
vn -0.01801 0.999502 0.025922
vn -0.01801 0.999502 0.025922
vn -0.028621 0.999473 0.01531
vn -0.028621 0.999473 0.01531
vn -0.028621 0.999473 0.01531
vn 0.031291 0.999393 0.015309
vn 0.031291 0.999393 0.015309
vn 0.031291 0.999393 0.015309
vn 0.026574 0.999446 0.020029
vn 0.026574 0.999446 0.020029
vn 0.026574 0.999446 0.020029
vn -0.032833 0.99926 0.020025
vn -0.032833 0.99926 0.020025
vn -0.032833 0.99926 0.020025
vn -0.017536 0.999222 0.03532
vn -0.017536 0.999222 0.03532
vn -0.017536 0.999222 0.03532
vn -1 0 0
vn -1 0 0
vn -1 0 0
vn -1 0 0
vn -1 0 0
vn -1 0 0
vn 0 0 1
vn 0 0 1
vn 0 0 1
vn 0 0 1
vn 0 0 1
vn 0 0 1
vn 0.029158 0.999512 0.011191
vn 0.029158 0.999512 0.011191
vn 0.029158 0.999512 0.011191
vn 0.010943 0.999508 0.029406
vn 0.010943 0.999508 0.029406
vn 0.010943 0.999508 0.029406
vn 1 0 0
vn 1 0 0
vn 1 0 0
vn 1 0 0
vn 1 0 0
vn 1 0 0
vn 0 0 1
vn 0 0 1
vn 0 0 1
vn 0 0 1
vn 0 0 1
vn 0 0 1
vn -0.026353 0.99922 0.029397
vn -0.026353 0.99922 0.029397
vn -0.026353 0.99922 0.029397
vn -0.035075 0.999171 0.020672
vn -0.035075 0.999171 0.020672
vn -0.035075 0.999171 0.020672
vn 0.012795 0.999704 0.020683
vn 0.012795 0.999704 0.020683
vn 0.012795 0.999704 0.020683
vn 0.036586 0.999326 -0.00312
vn 0.036586 0.999326 -0.00312
vn 0.036586 0.999326 -0.00312
vn -0.01744 0.999843 -0.003122
vn -0.01744 0.999843 -0.003122
vn -0.01744 0.999843 -0.003122
vn -0.001963 0.999922 0.012356
vn -0.001963 0.999922 0.012356
vn -0.001963 0.999922 0.012356
vn -0.028048 0.99953 0.012351
vn -0.028048 0.99953 0.012351
vn -0.028048 0.99953 0.012351
vn 0.007927 0.999689 -0.023626
vn 0.007927 0.999689 -0.023626
vn 0.007927 0.999689 -0.023626
vn 0.023338 0.999449 -0.023621
vn 0.023338 0.999449 -0.023621
vn 0.023338 0.999449 -0.023621
vn 0.02963 0.999411 -0.017327
vn 0.02963 0.999411 -0.017327
vn 0.02963 0.999411 -0.017327
vn -0.028741 0.999437 -0.017328
vn -0.028741 0.999437 -0.017328
vn -0.028741 0.999437 -0.017328
vn -0.02862 0.999438 -0.017449
vn -0.02862 0.999438 -0.017449
vn -0.02862 0.999438 -0.017449
vn 0.03129 0.999358 -0.017448
vn 0.03129 0.999358 -0.017448
vn 0.03129 0.999358 -0.017448
vn 0.011858 0.99925 -0.036876
vn 0.011858 0.99925 -0.036876
vn 0.011858 0.99925 -0.036876
vn 0.015012 0.999207 -0.036874
vn 0.015012 0.999207 -0.036874
vn 0.015012 0.999207 -0.036874
vn -0.017547 0.999837 -0.004329
vn -0.017547 0.999837 -0.004329
vn -0.017547 0.999837 -0.004329
vn -0.009405 0.999946 -0.00433
vn -0.009405 0.999946 -0.00433
vn -0.009405 0.999946 -0.00433
vn -0.0234 0.999558 -0.018327
vn -0.0234 0.999558 -0.018327
vn -0.0234 0.999558 -0.018327
vn -1 0 0
vn -1 0 0
vn -1 0 0
vn -1 0 0
vn -1 0 0
vn -1 0 0
vn 0 0 1
vn 0 0 1
vn 0 0 1
vn 0 0 1
vn 0 0 1
vn 0 0 1
vn -0.03094 0.999444 -0.012425
vn -0.03094 0.999444 -0.012425
vn -0.03094 0.999444 -0.012425
vn -0.01614 0.999499 -0.027228
vn -0.01614 0.999499 -0.027228
vn -0.01614 0.999499 -0.027228
vn 1 0 0
vn 1 0 0
vn 1 0 0
vn 1 0 0
vn 1 0 0
vn 1 0 0
vn 0 0 1
vn 0 0 1
vn 0 0 1
vn 0 0 1
vn 0 0 1
vn 0 0 1
vn 0.029149 0.999204 -0.02722
vn 0.029149 0.999204 -0.02722
vn 0.029149 0.999204 -0.02722
vn 0.032536 0.999186 -0.023832
vn 0.032536 0.999186 -0.023832
vn 0.032536 0.999186 -0.023832
vn -0.007572 0.999687 -0.023844
vn -0.007572 0.999687 -0.023844
vn -0.007572 0.999687 -0.023844
vn -0.035083 0.999378 0.003676
vn -0.035083 0.999378 0.003676
vn -0.035083 0.999378 0.003676
vn 0.012798 0.999911 0.003678
vn 0.012798 0.999911 0.003678
vn 0.012798 0.999911 0.003678
vn -0.003895 0.999908 -0.013015
vn -0.003895 0.999908 -0.013015
vn -0.003895 0.999908 -0.013015
vn 0.031979 0.999404 -0.013009
vn 0.031979 0.999404 -0.013009
vn 0.031979 0.999404 -0.013009
vn -0.001963 0.999779 0.020941
vn -0.001963 0.999779 0.020941
vn -0.001963 0.999779 0.020941
vn -0.028044 0.999387 0.020933
vn -0.028044 0.999387 0.020933
vn -0.028044 0.999387 0.020933
vn -0.029566 0.999374 0.01941
vn -0.029566 0.999374 0.01941
vn -0.029566 0.999374 0.01941
vn 0.025277 0.999492 0.019412
vn 0.025277 0.999492 0.019412
vn 0.025277 0.999492 0.019412
vn 0.029631 0.999448 0.015056
vn 0.029631 0.999448 0.015056
vn 0.029631 0.999448 0.015056
vn -0.028742 0.999473 0.015056
vn -0.028742 0.999473 0.015056
vn -0.028742 0.999473 0.015056
vn -0.005833 0.999262 0.037957
vn -0.005833 0.999262 0.037957
vn -0.005833 0.999262 0.037957
vn -0.02024 0.999075 0.037949
vn -0.02024 0.999075 0.037949
vn -0.02024 0.999075 0.037949
vn 0.011865 0.999912 0.005859
vn 0.011865 0.999912 0.005859
vn 0.011865 0.999912 0.005859
vn 0.015022 0.99987 0.005858
vn 0.015022 0.99987 0.005858
vn 0.015022 0.99987 0.005858
vn 0.026068 0.999517 0.016908
vn 0.026068 0.999517 0.016908
vn 0.026068 0.999517 0.016908
vn -0.036716 0.999183 0.016903
vn -0.036716 0.999183 0.016903
vn -0.036716 0.999183 0.016903
vn -0.023404 0.99972 0.00358
vn -0.023404 0.99972 0.00358
vn -0.023404 0.99972 0.00358
vn 0.038101 0.999267 0.003578
vn 0.038101 0.999267 0.003578
vn 0.038101 0.999267 0.003578
vn 0.012773 0.999682 -0.021763
vn 0.012773 0.999682 -0.021763
vn 0.012773 0.999682 -0.021763
vn -1 0 0
vn -1 0 0
vn -1 0 0
vn -1 0 0
vn -1 0 0
vn -1 0 0
vn 0 0 1
vn 0 0 1
vn 0 0 1
vn 0 0 1
vn 0 0 1
vn 0 0 1
vn 0.031658 0.999401 0.014013
vn 0.031658 0.999401 0.014013
vn 0.031658 0.999401 0.014013
vn 0.020786 0.999474 0.024888
vn 0.020786 0.999474 0.024888
vn 0.020786 0.999474 0.024888
vn 1 0 0
vn 1 0 0
vn 1 0 0
vn 1 0 0
vn 1 0 0
vn 1 0 0
vn 0 0 1
vn 0 0 1
vn 0 0 1
vn 0 0 1
vn 0 0 1
vn 0 0 1
vn -0.030933 0.999212 0.024881
vn -0.030933 0.999212 0.024881
vn -0.030933 0.999212 0.024881
vn -0.029041 0.99922 0.026774
vn -0.029041 0.99922 0.026774
vn -0.029041 0.99922 0.026774
vn 0.001943 0.999639 0.026786
vn 0.001943 0.999639 0.026786
vn 0.001943 0.999639 0.026786
vn 0.032545 0.999463 -0.003821
vn 0.032545 0.999463 -0.003821
vn 0.032545 0.999463 -0.003821
vn -0.007575 0.999964 -0.003823
vn -0.007575 0.999964 -0.003823
vn -0.007575 0.999964 -0.003823
vn 0.009454 0.999868 0.013206
vn 0.009454 0.999868 0.013206
vn 0.009454 0.999868 0.013206
vn -0.035011 0.9993 0.013198
vn -0.035011 0.9993 0.013198
vn -0.035011 0.9993 0.013198
vn -0.003895 0.999832 -0.017929
vn -0.003895 0.999832 -0.017929
vn -0.003895 0.999832 -0.017929
vn 0.031977 0.999328 -0.01792
vn 0.031977 0.999328 -0.01792
vn 0.031977 0.999328 -0.01792
vn 0.028426 0.999365 -0.021473
vn 0.028426 0.999365 -0.021473
vn 0.028426 0.999365 -0.021473
vn -0.021017 0.999548 -0.021477
vn -0.021017 0.999548 -0.021477
vn -0.021017 0.999548 -0.021477
vn -0.029569 0.999479 -0.012922
vn -0.029569 0.999479 -0.012922
vn -0.029569 0.999479 -0.012922
vn 0.025279 0.999597 -0.012923
vn 0.025279 0.999597 -0.012923
vn 0.025279 0.999597 -0.012923
vn -0.000345 0.999257 -0.038535
vn -0.000345 0.999257 -0.038535
vn -0.000345 0.999257 -0.038535
vn 0.024907 0.998947 -0.038523
vn 0.024907 0.998947 -0.038523
vn 0.024907 0.998947 -0.038523
vn -0.005837 0.999953 -0.007793
vn -0.005837 0.999953 -0.007793
vn -0.005837 0.999953 -0.007793
vn -0.020254 0.999765 -0.007791
vn -0.020254 0.999765 -0.007791
vn -0.020254 0.999765 -0.007791
vn -0.027727 0.999499 -0.015267
vn -0.027727 0.999499 -0.015267
vn -0.027727 0.999499 -0.015267
vn 0.034302 0.999295 -0.015264
vn 0.034302 0.999295 -0.015264
vn 0.034302 0.999295 -0.015264
vn 0.026072 0.999635 -0.007028
vn 0.026072 0.999635 -0.007028
vn 0.026072 0.999635 -0.007028
vn -0.03672 0.999301 -0.007025
vn -0.03672 0.999301 -0.007025
vn -0.03672 0.999301 -0.007025
vn -0.00738 0.999723 0.022327
vn -0.00738 0.999723 0.022327
vn -0.00738 0.999723 0.022327
vn -0.005728 0.999734 0.022327
vn -0.005728 0.999734 0.022327
vn -0.005728 0.999734 0.022327
vn 0.012776 0.999911 0.003826
vn 0.012776 0.999911 0.003826
vn 0.012776 0.999911 0.003826
vn 0.000019 0.999993 0.003826
vn 0.000019 0.999993 0.003826
vn 0.000019 0.999993 0.003826
vn 0.028893 0.999048 0.032696
vn 0.028893 0.999048 0.032696
vn 0.028893 0.999048 0.032696
vn -1 0 0
vn -1 0 0
vn -1 0 0
vn -1 0 0
vn -1 0 0
vn -1 0 0
vn 0 0 1
vn 0 0 1
vn 0 0 1
vn 0 0 1
vn 0 0 1
vn 0 0 1
vn 0.031653 0.999246 -0.022467
vn 0.031653 0.999246 -0.022467
vn 0.031653 0.999246 -0.022467
vn 0.024699 0.999262 -0.029422
vn 0.024699 0.999262 -0.029422
vn 0.024699 0.999262 -0.029422
vn 1 0 0
vn 1 0 0
vn 1 0 0
vn 1 0 0
vn 1 0 0
vn 1 0 0
vn 0.003904 0.999559 -0.029431
vn 0.003904 0.999559 -0.029431
vn 0.003904 0.999559 -0.029431
vn -0.029051 0.999572 0.003523
vn -0.029051 0.999572 0.003523
vn -0.029051 0.999572 0.003523
vn 0.001944 0.999992 0.003524
vn 0.001944 0.999992 0.003524
vn 0.001944 0.999992 0.003524
vn -0.01453 0.999811 -0.01295
vn -0.01453 0.999811 -0.01295
vn -0.01453 0.999811 -0.01295
vn 0.037047 0.99923 -0.012943
vn 0.037047 0.99923 -0.012943
vn 0.037047 0.99923 -0.012943
vn 0.009454 0.999848 0.014665
vn 0.009454 0.999848 0.014665
vn 0.009454 0.999848 0.014665
vn -0.03501 0.999279 0.014657
vn -0.03501 0.999279 0.014657
vn -0.03501 0.999279 0.014657
vn -0.026242 0.999381 0.023429
vn -0.026242 0.999381 0.023429
vn -0.026242 0.999381 0.023429
vn 0.016109 0.999596 0.023434
vn 0.016109 0.999596 0.023434
vn 0.016109 0.999596 0.023434
vn 0.028431 0.999534 0.011111
vn 0.028431 0.999534 0.011111
vn 0.028431 0.999534 0.011111
vn -0.021021 0.999717 0.011113
vn -0.021021 0.999717 0.011113
vn -0.021021 0.999717 0.011113
vn 0.006481 0.999234 0.038599
vn 0.006481 0.999234 0.038599
vn 0.006481 0.999234 0.038599
vn -0.028854 0.998839 0.038584
vn -0.028854 0.998839 0.038584
vn -0.028854 0.998839 0.038584
vn -0.000346 0.999949 0.010086
vn -0.000346 0.999949 0.010086
vn -0.000346 0.999949 0.010086
vn 0.024924 0.999638 0.010083
vn 0.024924 0.999638 0.010083
vn 0.024924 0.999638 0.010083
vn 0.028325 0.999508 0.013485
vn 0.028325 0.999508 0.013485
vn 0.028325 0.999508 0.013485
vn -0.030931 0.999431 0.013484
vn -0.030931 0.999431 0.013484
vn -0.030931 0.999431 0.013484
vn -0.027729 0.999563 0.01028
vn -0.027729 0.999563 0.01028
vn -0.027729 0.999563 0.01028
vn 0.034304 0.999359 0.010278
vn 0.034304 0.999359 0.010278
vn 0.034304 0.999359 0.010278
vn 0.001585 0.999747 -0.022451
vn 0.001585 0.999747 -0.022451
vn 0.001585 0.999747 -0.022451
vn 0.011131 0.999686 -0.022449
vn 0.011131 0.999686 -0.022449
vn 0.011131 0.999686 -0.022449
vn -0.007382 0.999965 -0.003939
vn -0.007382 0.999965 -0.003939
vn -0.007382 0.999965 -0.003939
vn -0.00573 0.999976 -0.003939
vn -0.00573 0.999976 -0.003939
vn -0.00573 0.999976 -0.003939
vn -0.032011 0.99903 -0.030223
vn -0.032011 0.99903 -0.030223
vn -0.032011 0.99903 -0.030223
vn 0.032334 0.99902 -0.030222
vn 0.032334 0.99902 -0.030222
vn 0.032334 0.99902 -0.030222
vn 0.028898 0.999223 -0.026786
vn 0.028898 0.999223 -0.026786
vn 0.028898 0.999223 -0.026786
vn -1 0 0
vn -1 0 0
vn -1 0 0
vn -1 0 0
vn -1 0 0
vn -1 0 0
vn -0.009773 0.999449 0.031712
vn -0.009773 0.999449 0.031712
vn -0.009773 0.999449 0.031712
vn 0.024709 0.999691 -0.002765
vn 0.024709 0.999691 -0.002765
vn 0.024709 0.999691 -0.002765
vn 1 0 0
vn 1 0 0
vn 1 0 0
vn 1 0 0
vn 1 0 0
vn 1 0 0
vn 0.003905 0.999989 -0.002766
vn 0.003905 0.999989 -0.002766
vn 0.003905 0.999989 -0.002766
vn 0.018957 0.999745 0.012288
vn 0.018957 0.999745 0.012288
vn 0.018957 0.999745 0.012288
vn -0.038024 0.999201 0.012281
vn -0.038024 0.999201 0.012281
vn -0.038024 0.999201 0.012281
vn -0.014531 0.999831 -0.011229
vn -0.014531 0.999831 -0.011229
vn -0.014531 0.999831 -0.011229
vn 0.037048 0.99925 -0.011222
vn 0.037048 0.99925 -0.011222
vn 0.037048 0.99925 -0.011222
vn 0.023081 0.999416 -0.025197
vn 0.023081 0.999416 -0.025197
vn 0.023081 0.999416 -0.025197
vn -0.010721 0.999625 -0.025202
vn -0.010721 0.999625 -0.025202
vn -0.010721 0.999625 -0.025202
vn -0.026248 0.999609 -0.009674
vn -0.026248 0.999609 -0.009674
vn -0.026248 0.999609 -0.009674
vn 0.016113 0.999823 -0.009676
vn 0.016113 0.999823 -0.009676
vn 0.016113 0.999823 -0.009676
vn -0.012378 0.999195 -0.038151
vn -0.012378 0.999195 -0.038151
vn -0.012378 0.999195 -0.038151
vn 0.031948 0.998762 -0.038134
vn 0.031948 0.998762 -0.038134
vn 0.031948 0.998762 -0.038134
vn 0.006485 0.999899 -0.012679
vn 0.006485 0.999899 -0.012679
vn 0.006485 0.999899 -0.012679
vn -0.028874 0.999503 -0.012674
vn -0.028874 0.999503 -0.012674
vn -0.028874 0.999503 -0.012674
vn -0.027845 0.999544 -0.011645
vn -0.027845 0.999544 -0.011645
vn -0.027845 0.999544 -0.011645
vn 0.026712 0.999575 -0.011645
vn 0.026712 0.999575 -0.011645
vn 0.026712 0.999575 -0.011645
vn 0.028325 0.999511 -0.013259
vn 0.028325 0.999511 -0.013259
vn 0.028325 0.999511 -0.013259
vn -0.030931 0.999434 -0.013258
vn -0.030931 0.999434 -0.013258
vn -0.030931 0.999434 -0.013258
vn 0.004425 0.999746 0.022102
vn 0.004425 0.999746 0.022102
vn 0.004425 0.999746 0.022102
vn -0.016044 0.999627 0.0221
vn -0.016044 0.999627 0.0221
vn -0.016044 0.999627 0.0221
vn 0.001585 0.999989 0.004472
vn 0.001585 0.999989 0.004472
vn 0.001585 0.999989 0.004472
vn 0.011133 0.999928 0.004472
vn 0.011133 0.999928 0.004472
vn 0.011133 0.999928 0.004472
vn 0.034137 0.999039 0.027482
vn 0.034137 0.999039 0.027482
vn 0.034137 0.999039 0.027482
vn -0.030082 0.999169 0.027485
vn -0.030082 0.999169 0.027485
vn -0.030082 0.999169 0.027485
vn -0.032012 0.999055 0.029416
vn -0.032012 0.999055 0.029416
vn -0.032012 0.999055 0.029416
vn 0.032335 0.999044 0.029416
vn 0.032335 0.999044 0.029416
vn 0.032335 0.999044 0.029416
vn 0.011864 0.99989 0.008942
vn 0.011864 0.99989 0.008942
vn 0.011864 0.99989 0.008942
vn -1 0 0
vn -1 0 0
vn -1 0 0
vn -1 0 0
vn -1 0 0
vn -1 0 0
vn 0.015467 0.999317 -0.033571
vn 0.015467 0.999317 -0.033571
vn 0.015467 0.999317 -0.033571
vn -0.019657 0.999806 0.001545
vn -0.019657 0.999806 0.001545
vn -0.019657 0.999806 0.001545
vn 1 0 0
vn 1 0 0
vn 1 0 0
vn 1 0 0
vn 1 0 0
vn 1 0 0
vn 0 0 1
vn 0 0 1
vn 0 0 1
vn 0 0 1
vn 0 0 1
vn 0 0 1
vn 0 0 -1
vn 0 0 -1
vn 0 0 -1
vn 0 0 -1
vn 0 0 -1
vn 0 0 -1
vn -0.009778 0.999951 0.001545
vn -0.009778 0.999951 0.001545
vn -0.009778 0.999951 0.001545
vn -0.022588 0.999681 -0.011269
vn -0.022588 0.999681 -0.011269
vn -0.022588 0.999681 -0.011269
vn 0.037913 0.999218 -0.011264
vn 0.037913 0.999218 -0.011264
vn 0.037913 0.999218 -0.011264
vn 0.018958 0.999791 0.007707
vn 0.018958 0.999791 0.007707
vn 0.018958 0.999791 0.007707
vn -0.038026 0.999247 0.007703
vn -0.038026 0.999247 0.007703
vn -0.038026 0.999247 0.007703
vn -0.019041 0.999462 0.026697
vn -0.019041 0.999462 0.026697
vn -0.019041 0.999462 0.026697
vn 0.005035 0.999631 0.026702
vn 0.005035 0.999631 0.026702
vn 0.005035 0.999631 0.026702
vn 0.023087 0.999696 0.008651
vn 0.023087 0.999696 0.008651
vn 0.023087 0.999696 0.008651
vn -0.010724 0.999905 0.008653
vn -0.010724 0.999905 0.008653
vn -0.010724 0.999905 0.008653
vn 0.017849 0.999148 0.037211
vn 0.017849 0.999148 0.037211
vn 0.017849 0.999148 0.037211
vn -0.03408 0.998727 0.037195
vn -0.03408 0.998727 0.037195
vn -0.03408 0.998727 0.037195
vn -0.012386 0.999803 0.015504
vn -0.012386 0.999803 0.015504
vn -0.012386 0.999803 0.015504
vn 0.031967 0.999369 0.015497
vn 0.031967 0.999369 0.015497
vn 0.031967 0.999369 0.015497
vn 0.026307 0.999606 0.009833
vn 0.026307 0.999606 0.009833
vn 0.026307 0.999606 0.009833
vn -0.021782 0.999714 0.009835
vn -0.021782 0.999714 0.009835
vn -0.021782 0.999714 0.009835
vn -0.027843 0.999486 0.015898
vn -0.027843 0.999486 0.015898
vn -0.027843 0.999486 0.015898
vn 0.02671 0.999517 0.015899
vn 0.02671 0.999517 0.015899
vn 0.02671 0.999517 0.015899
vn -0.010452 0.999719 -0.021266
vn -0.010452 0.999719 -0.021266
vn -0.010452 0.999719 -0.021266
vn 0.020302 0.999568 -0.021263
vn 0.020302 0.999568 -0.021263
vn 0.020302 0.999568 -0.021263
vn 0.004426 0.999976 -0.005386
vn 0.004426 0.999976 -0.005386
vn 0.004426 0.999976 -0.005386
vn -0.016048 0.999857 -0.005386
vn -0.016048 0.999857 -0.005386
vn -0.016048 0.999857 -0.005386
vn -0.035207 0.999078 -0.024553
vn -0.035207 0.999078 -0.024553
vn -0.035207 0.999078 -0.024553
vn 0.026847 0.999338 -0.024559
vn 0.026847 0.999338 -0.024559
vn 0.026847 0.999338 -0.024559
vn 0.034133 0.99891 -0.031846
vn 0.034133 0.99891 -0.031846
vn 0.034133 0.99891 -0.031846
vn -0.030078 0.99904 -0.03185
vn -0.030078 0.99904 -0.03185
vn -0.030078 0.99904 -0.03185
vn -0.006453 0.999945 -0.008227
vn -0.006453 0.999945 -0.008227
vn -0.006453 0.999945 -0.008227
vn -0.008866 0.999927 -0.008227
vn -0.008866 0.999927 -0.008227
vn -0.008866 0.999927 -0.008227
vn 0.01186 0.999511 -0.028945
vn 0.01186 0.999511 -0.028945
vn 0.01186 0.999511 -0.028945
vn 0.003049 0.999576 -0.028947
vn 0.003049 0.999576 -0.028947
vn 0.003049 0.999576 -0.028947
vn 0.034484 0.999402 0.002494
vn 0.034484 0.999402 0.002494
vn 0.034484 0.999402 0.002494
vn -1 0 0
vn -1 0 0
vn -1 0 0
vn -1 0 0
vn -1 0 0
vn -1 0 0
vn 0 0 1
vn 0 0 1
vn 0 0 1
vn 0 0 1
vn 0 0 1
vn 0 0 1
vn 0 0 -1
vn 0 0 -1
vn 0 0 -1
vn 0 0 -1
vn 0 0 -1
vn 0 0 -1
vn -0.036719 0.999276 0.009954
vn -0.036719 0.999276 0.009954
vn -0.036719 0.999276 0.009954
vn -0.02259 0.999736 -0.004188
vn -0.02259 0.999736 -0.004188
vn -0.02259 0.999736 -0.004188
vn 1 0 0
vn 1 0 0
vn 1 0 0
vn 1 0 0
vn 1 0 0
vn 1 0 0
vn 0.037915 0.999272 -0.004186
vn 0.037915 0.999272 -0.004186
vn 0.037915 0.999272 -0.004186
vn 0.014251 0.99951 -0.02786
vn 0.014251 0.99951 -0.02786
vn 0.014251 0.99951 -0.02786
vn 0.000755 0.999611 -0.027863
vn 0.000755 0.999611 -0.027863
vn 0.000755 0.999611 -0.027863
vn -0.019047 0.999786 -0.008066
vn -0.019047 0.999786 -0.008066
vn -0.019047 0.999786 -0.008066
vn 0.005036 0.999955 -0.008067
vn 0.005036 0.999955 -0.008067
vn 0.005036 0.999955 -0.008067
vn -0.022721 0.9991 -0.035813
vn -0.022721 0.9991 -0.035813
vn -0.022721 0.9991 -0.035813
vn 0.035178 0.99874 -0.0358
vn 0.035178 0.99874 -0.0358
vn 0.035178 0.99874 -0.0358
vn 0.017858 0.99967 -0.018482
vn 0.017858 0.99967 -0.018482
vn 0.017858 0.99967 -0.018482
vn -0.034098 0.999248 -0.018474
vn -0.034098 0.999248 -0.018474
vn -0.034098 0.999248 -0.018474
vn -0.023766 0.999684 -0.008134
vn -0.023766 0.999684 -0.008134
vn -0.023766 0.999684 -0.008134
vn 0.016304 0.999834 -0.008136
vn 0.016304 0.999834 -0.008136
vn 0.016304 0.999834 -0.008136
vn 0.026304 0.999489 -0.018139
vn 0.026304 0.999489 -0.018139
vn 0.026304 0.999489 -0.018139
vn -0.02178 0.999598 -0.018141
vn -0.02178 0.999598 -0.018141
vn -0.02178 0.999598 -0.018141
vn 0.016301 0.999668 0.01994
vn 0.016301 0.999668 0.01994
vn 0.016301 0.999668 0.01994
vn -0.023762 0.999519 0.019937
vn -0.023762 0.999519 0.019937
vn -0.023762 0.999519 0.019937
vn -0.010454 0.999923 0.006628
vn -0.010454 0.999923 0.006628
vn -0.010454 0.999923 0.006628
vn 0.020307 0.999772 0.006627
vn 0.020307 0.999772 0.006627
vn 0.020307 0.999772 0.006627
vn 0.035192 0.999149 0.021521
vn 0.035192 0.999149 0.021521
vn 0.035192 0.999149 0.021521
vn -0.02273 0.99951 0.021529
vn -0.02273 0.99951 0.021529
vn -0.02273 0.99951 0.021529
vn -0.035197 0.998802 0.033997
vn -0.035197 0.998802 0.033997
vn -0.035197 0.998802 0.033997
vn 0.02684 0.999061 0.034006
vn 0.02684 0.999061 0.034006
vn 0.02684 0.999061 0.034006
vn 0.000755 0.999968 0.007928
vn 0.000755 0.999968 0.007928
vn 0.000755 0.999968 0.007928
vn 0.014256 0.999867 0.007927
vn 0.014256 0.999867 0.007927
vn 0.014256 0.999867 0.007927
vn -0.006451 0.999569 0.028627
vn -0.006451 0.999569 0.028627
vn -0.006451 0.999569 0.028627
vn -0.008862 0.999551 0.028626
vn -0.008862 0.999551 0.028626
vn -0.008862 0.999551 0.028626
vn -0.036721 0.999325 0.000759
vn -0.036721 0.999325 0.000759
vn -0.036721 0.999325 0.000759
vn -1 0 0
vn -1 0 0
vn -1 0 0
vn -1 0 0
vn -1 0 0
vn -1 0 0
vn -0.036721 0.999325 0.000759
vn -0.036721 0.999325 0.000759
vn -0.036721 0.999325 0.000759
vn -0.008862 0.999551 0.028626
vn -0.008862 0.999551 0.028626
vn -0.008862 0.999551 0.028626
vn 1 0 0
vn 1 0 0
vn 1 0 0
vn 1 0 0
vn 1 0 0
vn 1 0 0
vn -0.006451 0.999569 0.028627
vn -0.006451 0.999569 0.028627
vn -0.006451 0.999569 0.028627
vn 0.014256 0.999867 0.007927
vn 0.014256 0.999867 0.007927
vn 0.014256 0.999867 0.007927
vn 0.000755 0.999968 0.007928
vn 0.000755 0.999968 0.007928
vn 0.000755 0.999968 0.007928
vn 0.02684 0.999061 0.034006
vn 0.02684 0.999061 0.034006
vn 0.02684 0.999061 0.034006
vn -0.035197 0.998802 0.033997
vn -0.035197 0.998802 0.033997
vn -0.035197 0.998802 0.033997
vn -0.02273 0.99951 0.021529
vn -0.02273 0.99951 0.021529
vn -0.02273 0.99951 0.021529
vn 0.035192 0.999149 0.021521
vn 0.035192 0.999149 0.021521
vn 0.035192 0.999149 0.021521
vn 0.020307 0.999772 0.006627
vn 0.020307 0.999772 0.006627
vn 0.020307 0.999772 0.006627
vn -0.010454 0.999923 0.006628
vn -0.010454 0.999923 0.006628
vn -0.010454 0.999923 0.006628
vn -0.023762 0.999519 0.019937
vn -0.023762 0.999519 0.019937
vn -0.023762 0.999519 0.019937
vn 0.016301 0.999668 0.01994
vn 0.016301 0.999668 0.01994
vn 0.016301 0.999668 0.01994
vn -0.02178 0.999598 -0.018141
vn -0.02178 0.999598 -0.018141
vn -0.02178 0.999598 -0.018141
vn 0.026304 0.999489 -0.018139
vn 0.026304 0.999489 -0.018139
vn 0.026304 0.999489 -0.018139
vn 0.016304 0.999834 -0.008136
vn 0.016304 0.999834 -0.008136
vn 0.016304 0.999834 -0.008136
vn -0.023766 0.999684 -0.008134
vn -0.023766 0.999684 -0.008134
vn -0.023766 0.999684 -0.008134
vn -0.034098 0.999248 -0.018474
vn -0.034098 0.999248 -0.018474
vn -0.034098 0.999248 -0.018474
vn 0.017858 0.99967 -0.018482
vn 0.017858 0.99967 -0.018482
vn 0.017858 0.99967 -0.018482
vn 0.035178 0.99874 -0.0358
vn 0.035178 0.99874 -0.0358
vn 0.035178 0.99874 -0.0358
vn -0.022721 0.9991 -0.035813
vn -0.022721 0.9991 -0.035813
vn -0.022721 0.9991 -0.035813
vn 0.005036 0.999955 -0.008067
vn 0.005036 0.999955 -0.008067
vn 0.005036 0.999955 -0.008067
vn -0.019047 0.999786 -0.008066
vn -0.019047 0.999786 -0.008066
vn -0.019047 0.999786 -0.008066
vn 0.000755 0.999611 -0.027863
vn 0.000755 0.999611 -0.027863
vn 0.000755 0.999611 -0.027863
vt 0.007813 0.992188
vt 0.242188 0.992188
vt 0.242188 0.757813
vt 0.257813 0.992188
vt 0.492188 0.757813
vt 0.257813 0.757813
vt 0.257813 0.492188
vt 0.492188 0.492188
vt 0.492188 0.257813
vt 0.757813 0.492188
vt 0.992188 0.257813
vt 0.757813 0.257813
vt 0.007813 0.992188
vt 0.242188 0.992188
vt 0.242188 0.757813
vt 0.257813 0.992188
vt 0.492188 0.757813
vt 0.257813 0.757813
vt 0.257813 0.492188
vt 0.492188 0.492188
vt 0.492188 0.257813
vt 0.757813 0.492188
vt 0.992188 0.257813
vt 0.757813 0.257813
vt 0.007813 0.992188
vt 0.242188 0.992188
vt 0.242188 0.757813
vt 0.257813 0.992188
vt 0.492188 0.757813
vt 0.257813 0.757813
vt 0.257813 0.492188
vt 0.492188 0.492188
vt 0.492188 0.257813
vt 0.757813 0.492188
vt 0.992188 0.257813
vt 0.757813 0.257813
vt 0.007813 0.992188
vt 0.242188 0.992188
vt 0.242188 0.757813
vt 0.257813 0.992188
vt 0.492188 0.757813
vt 0.257813 0.757813
vt 0.257813 0.492188
vt 0.492188 0.492188
vt 0.492188 0.257813
vt 0.757813 0.492188
vt 0.992188 0.257813
vt 0.757813 0.257813
vt 0.007813 0.992188
vt 0.242188 0.992188
vt 0.242188 0.757813
vt 0.257813 0.992188
vt 0.492188 0.757813
vt 0.257813 0.757813
vt 0.257813 0.492188
vt 0.492188 0.492188
vt 0.492188 0.257813
vt 0.757813 0.492188
vt 0.992188 0.257813
vt 0.757813 0.257813
vt 0.007813 0.992188
vt 0.242188 0.992188
vt 0.242188 0.757813
vt 0.257813 0.992188
vt 0.492188 0.757813
vt 0.257813 0.757813
vt 0.257813 0.492188
vt 0.492188 0.492188
vt 0.492188 0.257813
vt 0.757813 0.492188
vt 0.992188 0.257813
vt 0.757813 0.257813
vt 0.007813 0.992188
vt 0.242188 0.992188
vt 0.242188 0.757813
vt 0.257813 0.992188
vt 0.492188 0.757813
vt 0.257813 0.757813
vt 0.257813 0.492188
vt 0.492188 0.492188
vt 0.492188 0.257813
vt 0.757813 0.492188
vt 0.992188 0.257813
vt 0.757813 0.257813
vt 0.007813 0.992188
vt 0.242188 0.992188
vt 0.242188 0.757813
vt 0.257813 0.992188
vt 0.492188 0.757813
vt 0.257813 0.757813
vt 0.257813 0.492188
vt 0.492188 0.492188
vt 0.492188 0.257813
vt 0.757813 0.492188
vt 0.992188 0.257813
vt 0.757813 0.257813
vt 0.007813 0.992188
vt 0.242188 0.992188
vt 0.242188 0.757813
vt 0.257813 0.992188
vt 0.492188 0.757813
vt 0.257813 0.757813
vt 0.257813 0.492188
vt 0.492188 0.492188
vt 0.492188 0.257813
vt 0.757813 0.492188
vt 0.992188 0.257813
vt 0.757813 0.257813
vt 0.007813 0.992188
vt 0.242188 0.992188
vt 0.242188 0.757813
vt 0.257813 0.992188
vt 0.492188 0.757813
vt 0.257813 0.757813
vt 0.257813 0.492188
vt 0.492188 0.492188
vt 0.492188 0.257813
vt 0.757813 0.492188
vt 0.992188 0.257813
vt 0.757813 0.257813
vt 0.007813 0.992188
vt 0.242188 0.992188
vt 0.242188 0.757813
vt 0.257813 0.992188
vt 0.492188 0.757813
vt 0.257813 0.757813
vt 0.257813 0.492188
vt 0.492188 0.492188
vt 0.492188 0.257813
vt 0.757813 0.492188
vt 0.992188 0.257813
vt 0.757813 0.257813
vt 0.007813 0.992188
vt 0.242188 0.992188
vt 0.242188 0.757813
vt 0.257813 0.992188
vt 0.492188 0.757813
vt 0.257813 0.757813
vt 0.257813 0.492188
vt 0.492188 0.492188
vt 0.492188 0.257813
vt 0.757813 0.492188
vt 0.992188 0.257813
vt 0.757813 0.257813
vt 0.007813 0.992188
vt 0.242188 0.992188
vt 0.242188 0.757813
vt 0.257813 0.992188
vt 0.492188 0.757813
vt 0.257813 0.757813
vt 0.257813 0.492188
vt 0.492188 0.492188
vt 0.492188 0.257813
vt 0.757813 0.492188
vt 0.992188 0.257813
vt 0.757813 0.257813
vt 0.007813 0.992188
vt 0.242188 0.992188
vt 0.242188 0.757813
vt 0.257813 0.992188
vt 0.492188 0.757813
vt 0.257813 0.757813
vt 0.257813 0.492188
vt 0.492188 0.492188
vt 0.492188 0.257813
vt 0.757813 0.492188
vt 0.992188 0.257813
vt 0.757813 0.257813
vt 0.007813 0.992188
vt 0.242188 0.992188
vt 0.242188 0.757813
vt 0.257813 0.992188
vt 0.492188 0.757813
vt 0.257813 0.757813
vt 0.257813 0.492188
vt 0.492188 0.492188
vt 0.492188 0.257813
vt 0.757813 0.492188
vt 0.992188 0.257813
vt 0.757813 0.257813
vt 0.007813 0.992188
vt 0.242188 0.992188
vt 0.242188 0.757813
vt 0.257813 0.992188
vt 0.492188 0.757813
vt 0.257813 0.757813
vt 0.257813 0.492188
vt 0.492188 0.492188
vt 0.492188 0.257813
vt 0.757813 0.492188
vt 0.992188 0.257813
vt 0.757813 0.257813
vt 0.007813 0.992188
vt 0.242188 0.992188
vt 0.242188 0.757813
vt 0.257813 0.992188
vt 0.492188 0.757813
vt 0.257813 0.757813
vt 0.257813 0.492188
vt 0.492188 0.492188
vt 0.492188 0.257813
vt 0.757813 0.492188
vt 0.992188 0.257813
vt 0.757813 0.257813
vt 0.007813 0.992188
vt 0.242188 0.992188
vt 0.242188 0.757813
vt 0.257813 0.992188
vt 0.492188 0.757813
vt 0.257813 0.757813
vt 0.257813 0.492188
vt 0.492188 0.492188
vt 0.492188 0.257813
vt 0.757813 0.492188
vt 0.992188 0.257813
vt 0.757813 0.257813
vt 0.007813 0.992188
vt 0.242188 0.992188
vt 0.242188 0.757813
vt 0.257813 0.992188
vt 0.492188 0.757813
vt 0.257813 0.757813
vt 0.257813 0.492188
vt 0.492188 0.492188
vt 0.492188 0.257813
vt 0.757813 0.492188
vt 0.992188 0.257813
vt 0.757813 0.257813
vt 0.007813 0.992188
vt 0.242188 0.992188
vt 0.242188 0.757813
vt 0.257813 0.992188
vt 0.492188 0.757813
vt 0.257813 0.757813
vt 0.257813 0.492188
vt 0.492188 0.492188
vt 0.492188 0.257813
vt 0.757813 0.492188
vt 0.992188 0.257813
vt 0.757813 0.257813
vt 0.007813 0.992188
vt 0.242188 0.992188
vt 0.242188 0.757813
vt 0.257813 0.992188
vt 0.492188 0.757813
vt 0.257813 0.757813
vt 0.257813 0.492188
vt 0.492188 0.492188
vt 0.492188 0.257813
vt 0.757813 0.492188
vt 0.992188 0.257813
vt 0.757813 0.257813
vt 0.007813 0.992188
vt 0.242188 0.992188
vt 0.242188 0.757813
vt 0.257813 0.992188
vt 0.492188 0.757813
vt 0.257813 0.757813
vt 0.257813 0.492188
vt 0.492188 0.492188
vt 0.492188 0.257813
vt 0.757813 0.492188
vt 0.992188 0.257813
vt 0.757813 0.257813
vt 0.007813 0.992188
vt 0.242188 0.992188
vt 0.242188 0.757813
vt 0.257813 0.992188
vt 0.492188 0.757813
vt 0.257813 0.757813
vt 0.257813 0.492188
vt 0.492188 0.492188
vt 0.492188 0.257813
vt 0.757813 0.492188
vt 0.992188 0.257813
vt 0.757813 0.257813
vt 0.007813 0.992188
vt 0.242188 0.992188
vt 0.242188 0.757813
vt 0.257813 0.992188
vt 0.492188 0.757813
vt 0.257813 0.757813
vt 0.257813 0.492188
vt 0.492188 0.492188
vt 0.492188 0.257813
vt 0.757813 0.492188
vt 0.992188 0.257813
vt 0.757813 0.257813
vt 0.007813 0.992188
vt 0.242188 0.992188
vt 0.242188 0.757813
vt 0.257813 0.992188
vt 0.492188 0.757813
vt 0.257813 0.757813
vt 0.257813 0.492188
vt 0.492188 0.492188
vt 0.492188 0.257813
vt 0.757813 0.492188
vt 0.992188 0.257813
vt 0.757813 0.257813
vt 0.007813 0.992188
vt 0.242188 0.992188
vt 0.242188 0.757813
vt 0.257813 0.992188
vt 0.492188 0.757813
vt 0.257813 0.757813
vt 0.257813 0.492188
vt 0.492188 0.492188
vt 0.492188 0.257813
vt 0.757813 0.492188
vt 0.992188 0.257813
vt 0.757813 0.257813
vt 0.007813 0.992188
vt 0.242188 0.992188
vt 0.242188 0.757813
vt 0.257813 0.992188
vt 0.492188 0.757813
vt 0.257813 0.757813
vt 0.257813 0.492188
vt 0.492188 0.492188
vt 0.492188 0.257813
vt 0.757813 0.492188
vt 0.992188 0.257813
vt 0.757813 0.257813
vt 0.007813 0.992188
vt 0.242188 0.992188
vt 0.242188 0.757813
vt 0.257813 0.992188
vt 0.492188 0.757813
vt 0.257813 0.757813
vt 0.257813 0.492188
vt 0.492188 0.492188
vt 0.492188 0.257813
vt 0.757813 0.492188
vt 0.992188 0.257813
vt 0.757813 0.257813
vt 0.007813 0.992188
vt 0.242188 0.992188
vt 0.242188 0.757813
vt 0.257813 0.992188
vt 0.492188 0.757813
vt 0.257813 0.757813
vt 0.257813 0.492188
vt 0.492188 0.492188
vt 0.492188 0.257813
vt 0.757813 0.492188
vt 0.992188 0.257813
vt 0.757813 0.257813
vt 0.007813 0.992188
vt 0.242188 0.992188
vt 0.242188 0.757813
vt 0.257813 0.992188
vt 0.492188 0.757813
vt 0.257813 0.757813
vt 0.257813 0.492188
vt 0.492188 0.492188
vt 0.492188 0.257813
vt 0.757813 0.492188
vt 0.992188 0.257813
vt 0.757813 0.257813
vt 0.007813 0.992188
vt 0.242188 0.992188
vt 0.242188 0.757813
vt 0.257813 0.992188
vt 0.492188 0.757813
vt 0.257813 0.757813
vt 0.257813 0.492188
vt 0.492188 0.492188
vt 0.492188 0.257813
vt 0.757813 0.492188
vt 0.992188 0.257813
vt 0.757813 0.257813
vt 0.007813 0.992188
vt 0.242188 0.992188
vt 0.242188 0.757813
vt 0.257813 0.992188
vt 0.492188 0.757813
vt 0.257813 0.757813
vt 0.257813 0.492188
vt 0.492188 0.492188
vt 0.492188 0.257813
vt 0.757813 0.492188
vt 0.992188 0.257813
vt 0.757813 0.257813
vt 0.007813 0.992188
vt 0.242188 0.992188
vt 0.242188 0.757813
vt 0.257813 0.992188
vt 0.492188 0.757813
vt 0.257813 0.757813
vt 0.257813 0.492188
vt 0.492188 0.492188
vt 0.492188 0.257813
vt 0.757813 0.492188
vt 0.992188 0.257813
vt 0.757813 0.257813
vt 0.007813 0.992188
vt 0.242188 0.992188
vt 0.242188 0.757813
vt 0.257813 0.992188
vt 0.492188 0.757813
vt 0.257813 0.757813
vt 0.257813 0.492188
vt 0.492188 0.492188
vt 0.492188 0.257813
vt 0.757813 0.492188
vt 0.992188 0.257813
vt 0.757813 0.257813
vt 0.007813 0.992188
vt 0.242188 0.992188
vt 0.242188 0.757813
vt 0.257813 0.992188
vt 0.492188 0.757813
vt 0.257813 0.757813
vt 0.257813 0.492188
vt 0.492188 0.492188
vt 0.492188 0.257813
vt 0.757813 0.492188
vt 0.992188 0.257813
vt 0.757813 0.257813
vt 0.007813 0.992188
vt 0.242188 0.992188
vt 0.242188 0.757813
vt 0.257813 0.992188
vt 0.492188 0.757813
vt 0.257813 0.757813
vt 0.257813 0.492188
vt 0.492188 0.492188
vt 0.492188 0.257813
vt 0.757813 0.492188
vt 0.992188 0.257813
vt 0.757813 0.257813
vt 0.007813 0.992188
vt 0.242188 0.992188
vt 0.242188 0.757813
vt 0.257813 0.992188
vt 0.492188 0.757813
vt 0.257813 0.757813
vt 0.257813 0.492188
vt 0.492188 0.492188
vt 0.492188 0.257813
vt 0.757813 0.492188
vt 0.992188 0.257813
vt 0.757813 0.257813
vt 0.007813 0.992188
vt 0.242188 0.992188
vt 0.242188 0.757813
vt 0.257813 0.992188
vt 0.492188 0.757813
vt 0.257813 0.757813
vt 0.257813 0.492188
vt 0.492188 0.492188
vt 0.492188 0.257813
vt 0.757813 0.492188
vt 0.992188 0.257813
vt 0.757813 0.257813
vt 0.007813 0.992188
vt 0.242188 0.992188
vt 0.242188 0.757813
vt 0.257813 0.992188
vt 0.492188 0.757813
vt 0.257813 0.757813
vt 0.257813 0.492188
vt 0.492188 0.492188
vt 0.492188 0.257813
vt 0.757813 0.492188
vt 0.992188 0.257813
vt 0.757813 0.257813
vt 0.007813 0.992188
vt 0.242188 0.992188
vt 0.242188 0.757813
vt 0.257813 0.992188
vt 0.492188 0.757813
vt 0.257813 0.757813
vt 0.257813 0.492188
vt 0.492188 0.492188
vt 0.492188 0.257813
vt 0.757813 0.492188
vt 0.992188 0.257813
vt 0.757813 0.257813
vt 0.007813 0.992188
vt 0.242188 0.992188
vt 0.242188 0.757813
vt 0.257813 0.992188
vt 0.492188 0.757813
vt 0.257813 0.757813
vt 0.257813 0.492188
vt 0.492188 0.492188
vt 0.492188 0.257813
vt 0.757813 0.492188
vt 0.992188 0.257813
vt 0.757813 0.257813
vt 0.007813 0.992188
vt 0.242188 0.992188
vt 0.242188 0.757813
vt 0.257813 0.992188
vt 0.492188 0.757813
vt 0.257813 0.757813
vt 0.257813 0.492188
vt 0.492188 0.492188
vt 0.492188 0.257813
vt 0.757813 0.492188
vt 0.992188 0.257813
vt 0.757813 0.257813
vt 0.007813 0.992188
vt 0.242188 0.992188
vt 0.242188 0.757813
vt 0.257813 0.992188
vt 0.492188 0.757813
vt 0.257813 0.757813
vt 0.257813 0.492188
vt 0.492188 0.492188
vt 0.492188 0.257813
vt 0.757813 0.492188
vt 0.992188 0.257813
vt 0.757813 0.257813
vt 0.007813 0.992188
vt 0.242188 0.992188
vt 0.242188 0.757813
vt 0.257813 0.992188
vt 0.492188 0.757813
vt 0.257813 0.757813
vt 0.257813 0.492188
vt 0.492188 0.492188
vt 0.492188 0.257813
vt 0.757813 0.492188
vt 0.992188 0.257813
vt 0.757813 0.257813
vt 0.007813 0.992188
vt 0.242188 0.992188
vt 0.242188 0.757813
vt 0.257813 0.992188
vt 0.492188 0.757813
vt 0.257813 0.757813
vt 0.257813 0.492188
vt 0.492188 0.492188
vt 0.492188 0.257813
vt 0.757813 0.492188
vt 0.992188 0.257813
vt 0.757813 0.257813
vt 0.007813 0.992188
vt 0.242188 0.992188
vt 0.242188 0.757813
vt 0.257813 0.992188
vt 0.492188 0.757813
vt 0.257813 0.757813
vt 0.257813 0.492188
vt 0.492188 0.492188
vt 0.492188 0.257813
vt 0.757813 0.492188
vt 0.992188 0.257813
vt 0.757813 0.257813
vt 0.007813 0.992188
vt 0.242188 0.992188
vt 0.242188 0.757813
vt 0.257813 0.992188
vt 0.492188 0.757813
vt 0.257813 0.757813
vt 0.257813 0.492188
vt 0.492188 0.492188
vt 0.492188 0.257813
vt 0.757813 0.492188
vt 0.992188 0.257813
vt 0.757813 0.257813
vt 0.007813 0.992188
vt 0.242188 0.992188
vt 0.242188 0.757813
vt 0.257813 0.992188
vt 0.492188 0.757813
vt 0.257813 0.757813
vt 0.257813 0.492188
vt 0.492188 0.492188
vt 0.492188 0.257813
vt 0.757813 0.492188
vt 0.992188 0.257813
vt 0.757813 0.257813
vt 0.007813 0.992188
vt 0.242188 0.992188
vt 0.242188 0.757813
vt 0.257813 0.992188
vt 0.492188 0.757813
vt 0.257813 0.757813
vt 0.257813 0.492188
vt 0.492188 0.492188
vt 0.492188 0.257813
vt 0.757813 0.492188
vt 0.992188 0.257813
vt 0.757813 0.257813
vt 0.007813 0.992188
vt 0.242188 0.992188
vt 0.242188 0.757813
vt 0.257813 0.992188
vt 0.492188 0.757813
vt 0.257813 0.757813
vt 0.257813 0.492188
vt 0.492188 0.492188
vt 0.492188 0.257813
vt 0.757813 0.492188
vt 0.992188 0.257813
vt 0.757813 0.257813
vt 0.257813 0.742188
vt 0.492188 0.742188
vt 0.492188 0.507813
vt 0.257813 0.492188
vt 0.492188 0.257813
vt 0.257813 0.257813
vt 0.257813 0.742188
vt 0.492188 0.742188
vt 0.492188 0.507813
vt 0.257813 0.492188
vt 0.492188 0.257813
vt 0.257813 0.257813
vt 0.007813 0.992188
vt 0.242188 0.992188
vt 0.242188 0.757813
vt 0.257813 0.992188
vt 0.492188 0.757813
vt 0.257813 0.757813
vt 0.257813 0.492188
vt 0.492188 0.492188
vt 0.492188 0.257813
vt 0.757813 0.492188
vt 0.992188 0.257813
vt 0.757813 0.257813
vt 0.257813 0.742188
vt 0.492188 0.742188
vt 0.492188 0.507813
vt 0.257813 0.492188
vt 0.492188 0.257813
vt 0.257813 0.257813
vt 0.257813 0.742188
vt 0.492188 0.742188
vt 0.492188 0.507813
vt 0.257813 0.492188
vt 0.492188 0.257813
vt 0.257813 0.257813
vt 0.007813 0.992188
vt 0.242188 0.992188
vt 0.242188 0.757813
vt 0.257813 0.992188
vt 0.492188 0.757813
vt 0.257813 0.757813
vt 0.257813 0.742188
vt 0.492188 0.742188
vt 0.492188 0.507813
vt 0.257813 0.492188
vt 0.492188 0.257813
vt 0.257813 0.257813
vt 0.007813 0.992188
vt 0.242188 0.992188
vt 0.242188 0.757813
vt 0.257813 0.992188
vt 0.492188 0.757813
vt 0.257813 0.757813
vt 0.257813 0.742188
vt 0.492188 0.742188
vt 0.492188 0.507813
vt 0.257813 0.492188
vt 0.492188 0.257813
vt 0.257813 0.257813
vt 0.007813 0.992188
vt 0.242188 0.992188
vt 0.242188 0.757813
vt 0.257813 0.992188
vt 0.492188 0.757813
vt 0.257813 0.757813
vt 0.257813 0.742188
vt 0.492188 0.742188
vt 0.492188 0.507813
vt 0.257813 0.492188
vt 0.492188 0.257813
vt 0.257813 0.257813
vt 0.007813 0.992188
vt 0.242188 0.992188
vt 0.242188 0.757813
vt 0.257813 0.992188
vt 0.492188 0.757813
vt 0.257813 0.757813
vt 0.257813 0.742188
vt 0.492188 0.742188
vt 0.492188 0.507813
vt 0.257813 0.492188
vt 0.492188 0.257813
vt 0.257813 0.257813
vt 0.007813 0.992188
vt 0.242188 0.992188
vt 0.242188 0.757813
vt 0.257813 0.992188
vt 0.492188 0.757813
vt 0.257813 0.757813
vt 0.257813 0.742188
vt 0.492188 0.742188
vt 0.492188 0.507813
vt 0.257813 0.492188
vt 0.492188 0.257813
vt 0.257813 0.257813
vt 0.257813 0.742188
vt 0.492188 0.742188
vt 0.492188 0.507813
vt 0.257813 0.492188
vt 0.492188 0.257813
vt 0.257813 0.257813
vt 0.257813 0.492188
vt 0.492188 0.492188
vt 0.492188 0.257813
vt 0.757813 0.492188
vt 0.992188 0.257813
vt 0.757813 0.257813
vt 0.257813 0.742188
vt 0.492188 0.742188
vt 0.492188 0.507813
vt 0.257813 0.492188
vt 0.492188 0.257813
vt 0.257813 0.257813
vt 0.257813 0.492188
vt 0.492188 0.492188
vt 0.492188 0.257813
vt 0.757813 0.492188
vt 0.992188 0.257813
vt 0.757813 0.257813
vt 0.007813 0.992188
vt 0.242188 0.992188
vt 0.242188 0.757813
vt 0.257813 0.992188
vt 0.492188 0.757813
vt 0.257813 0.757813
vt 0.257813 0.492188
vt 0.492188 0.492188
vt 0.492188 0.257813
vt 0.757813 0.492188
vt 0.992188 0.257813
vt 0.757813 0.257813
vt 0.007813 0.992188
vt 0.242188 0.992188
vt 0.242188 0.757813
vt 0.257813 0.992188
vt 0.492188 0.757813
vt 0.257813 0.757813
vt 0.257813 0.492188
vt 0.492188 0.492188
vt 0.492188 0.257813
vt 0.757813 0.492188
vt 0.992188 0.257813
vt 0.757813 0.257813
vt 0.257813 0.742188
vt 0.492188 0.742188
vt 0.492188 0.507813
vt 0.257813 0.492188
vt 0.492188 0.257813
vt 0.257813 0.257813
vt 0.257813 0.492188
vt 0.492188 0.492188
vt 0.492188 0.257813
vt 0.757813 0.492188
vt 0.992188 0.257813
vt 0.757813 0.257813
vt 0.257813 0.742188
vt 0.492188 0.742188
vt 0.492188 0.507813
vt 0.257813 0.492188
vt 0.492188 0.257813
vt 0.257813 0.257813
vt 0.257813 0.492188
vt 0.492188 0.492188
vt 0.492188 0.257813
vt 0.757813 0.492188
vt 0.992188 0.257813
vt 0.757813 0.257813
vt 0.007813 0.992188
vt 0.242188 0.992188
vt 0.242188 0.757813
vt 0.257813 0.992188
vt 0.492188 0.757813
vt 0.257813 0.757813
vt 0.257813 0.492188
vt 0.492188 0.492188
vt 0.492188 0.257813
vt 0.757813 0.492188
vt 0.992188 0.257813
vt 0.757813 0.257813
vt 0.007813 0.992188
vt 0.242188 0.992188
vt 0.242188 0.757813
vt 0.257813 0.992188
vt 0.492188 0.757813
vt 0.257813 0.757813
vt 0.257813 0.492188
vt 0.492188 0.492188
vt 0.492188 0.257813
vt 0.757813 0.492188
vt 0.992188 0.257813
vt 0.757813 0.257813
vt 0.257813 0.742188
vt 0.492188 0.742188
vt 0.492188 0.507813
vt 0.257813 0.492188
vt 0.492188 0.257813
vt 0.257813 0.257813
vt 0.257813 0.492188
vt 0.492188 0.492188
vt 0.492188 0.257813
vt 0.757813 0.492188
vt 0.992188 0.257813
vt 0.757813 0.257813
vt 0.257813 0.742188
vt 0.492188 0.742188
vt 0.492188 0.507813
vt 0.257813 0.492188
vt 0.492188 0.257813
vt 0.257813 0.257813
vt 0.257813 0.492188
vt 0.492188 0.492188
vt 0.492188 0.257813
vt 0.757813 0.492188
vt 0.992188 0.257813
vt 0.757813 0.257813
vt 0.007813 0.992188
vt 0.242188 0.992188
vt 0.242188 0.757813
vt 0.257813 0.992188
vt 0.492188 0.757813
vt 0.257813 0.757813
vt 0.257813 0.492188
vt 0.492188 0.492188
vt 0.492188 0.257813
vt 0.757813 0.492188
vt 0.992188 0.257813
vt 0.757813 0.257813
vt 0.007813 0.992188
vt 0.242188 0.992188
vt 0.242188 0.757813
vt 0.257813 0.992188
vt 0.492188 0.757813
vt 0.257813 0.757813
vt 0.257813 0.492188
vt 0.492188 0.492188
vt 0.492188 0.257813
vt 0.757813 0.492188
vt 0.992188 0.257813
vt 0.757813 0.257813
vt 0.257813 0.742188
vt 0.492188 0.742188
vt 0.492188 0.507813
vt 0.257813 0.492188
vt 0.492188 0.257813
vt 0.257813 0.257813
vt 0.257813 0.492188
vt 0.492188 0.492188
vt 0.492188 0.257813
vt 0.757813 0.492188
vt 0.992188 0.257813
vt 0.757813 0.257813
vt 0.257813 0.742188
vt 0.492188 0.742188
vt 0.492188 0.507813
vt 0.257813 0.492188
vt 0.492188 0.257813
vt 0.257813 0.257813
vt 0.257813 0.492188
vt 0.492188 0.492188
vt 0.492188 0.257813
vt 0.757813 0.492188
vt 0.992188 0.257813
vt 0.757813 0.257813
vt 0.007813 0.992188
vt 0.242188 0.992188
vt 0.242188 0.757813
vt 0.257813 0.992188
vt 0.492188 0.757813
vt 0.257813 0.757813
vt 0.257813 0.492188
vt 0.492188 0.492188
vt 0.492188 0.257813
vt 0.757813 0.492188
vt 0.992188 0.257813
vt 0.757813 0.257813
vt 0.007813 0.992188
vt 0.242188 0.992188
vt 0.242188 0.757813
vt 0.257813 0.992188
vt 0.492188 0.757813
vt 0.257813 0.757813
vt 0.257813 0.492188
vt 0.492188 0.492188
vt 0.492188 0.257813
vt 0.757813 0.492188
vt 0.992188 0.257813
vt 0.757813 0.257813
vt 0.257813 0.742188
vt 0.492188 0.742188
vt 0.492188 0.507813
vt 0.257813 0.492188
vt 0.492188 0.257813
vt 0.257813 0.257813
vt 0.257813 0.492188
vt 0.492188 0.492188
vt 0.492188 0.257813
vt 0.757813 0.492188
vt 0.992188 0.257813
vt 0.757813 0.257813
vt 0.257813 0.742188
vt 0.492188 0.742188
vt 0.492188 0.507813
vt 0.257813 0.492188
vt 0.492188 0.257813
vt 0.257813 0.257813
vt 0.257813 0.492188
vt 0.492188 0.492188
vt 0.492188 0.257813
vt 0.757813 0.492188
vt 0.992188 0.257813
vt 0.757813 0.257813
vt 0.007813 0.992188
vt 0.242188 0.992188
vt 0.242188 0.757813
vt 0.257813 0.992188
vt 0.492188 0.757813
vt 0.257813 0.757813
vt 0.257813 0.492188
vt 0.492188 0.492188
vt 0.492188 0.257813
vt 0.757813 0.492188
vt 0.992188 0.257813
vt 0.757813 0.257813
vt 0.007813 0.992188
vt 0.242188 0.992188
vt 0.242188 0.757813
vt 0.257813 0.992188
vt 0.492188 0.757813
vt 0.257813 0.757813
vt 0.257813 0.492188
vt 0.492188 0.492188
vt 0.492188 0.257813
vt 0.757813 0.492188
vt 0.992188 0.257813
vt 0.757813 0.257813
vt 0.257813 0.742188
vt 0.492188 0.742188
vt 0.492188 0.507813
vt 0.257813 0.492188
vt 0.492188 0.257813
vt 0.257813 0.257813
vt 0.257813 0.492188
vt 0.492188 0.492188
vt 0.492188 0.257813
vt 0.757813 0.492188
vt 0.992188 0.257813
vt 0.757813 0.257813
vt 0.257813 0.742188
vt 0.492188 0.742188
vt 0.492188 0.507813
vt 0.257813 0.492188
vt 0.492188 0.257813
vt 0.257813 0.257813
vt 0.257813 0.742188
vt 0.492188 0.742188
vt 0.492188 0.507813
vt 0.257813 0.492188
vt 0.492188 0.257813
vt 0.257813 0.257813
vt 0.007813 0.992188
vt 0.242188 0.992188
vt 0.242188 0.757813
vt 0.257813 0.992188
vt 0.492188 0.757813
vt 0.257813 0.757813
vt 0.257813 0.492188
vt 0.492188 0.492188
vt 0.492188 0.257813
vt 0.757813 0.492188
vt 0.992188 0.257813
vt 0.757813 0.257813
vt 0.007813 0.992188
vt 0.242188 0.992188
vt 0.242188 0.757813
vt 0.257813 0.992188
vt 0.492188 0.757813
vt 0.257813 0.757813
vt 0.257813 0.492188
vt 0.492188 0.492188
vt 0.492188 0.257813
vt 0.757813 0.492188
vt 0.992188 0.257813
vt 0.757813 0.257813
vt 0.007813 0.992188
vt 0.242188 0.992188
vt 0.242188 0.757813
vt 0.257813 0.992188
vt 0.492188 0.757813
vt 0.257813 0.757813
vt 0.257813 0.492188
vt 0.492188 0.492188
vt 0.492188 0.257813
vt 0.757813 0.492188
vt 0.992188 0.257813
vt 0.757813 0.257813
vt 0.007813 0.992188
vt 0.242188 0.992188
vt 0.242188 0.757813
vt 0.257813 0.992188
vt 0.492188 0.757813
vt 0.257813 0.757813
vt 0.257813 0.742188
vt 0.492188 0.742188
vt 0.492188 0.507813
vt 0.257813 0.492188
vt 0.492188 0.257813
vt 0.257813 0.257813
vt 0.257813 0.742188
vt 0.492188 0.742188
vt 0.492188 0.507813
vt 0.257813 0.492188
vt 0.492188 0.257813
vt 0.257813 0.257813
vt 0.257813 0.492188
vt 0.492188 0.492188
vt 0.492188 0.257813
vt 0.757813 0.492188
vt 0.992188 0.257813
vt 0.757813 0.257813
vt 0.257813 0.742188
vt 0.492188 0.742188
vt 0.492188 0.507813
vt 0.257813 0.492188
vt 0.492188 0.257813
vt 0.257813 0.257813
vt 0.257813 0.742188
vt 0.492188 0.742188
vt 0.492188 0.507813
vt 0.257813 0.492188
vt 0.492188 0.257813
vt 0.257813 0.257813
vt 0.007813 0.992188
vt 0.242188 0.992188
vt 0.242188 0.757813
vt 0.257813 0.992188
vt 0.492188 0.757813
vt 0.257813 0.757813
vt 0.257813 0.492188
vt 0.492188 0.492188
vt 0.492188 0.257813
vt 0.757813 0.492188
vt 0.992188 0.257813
vt 0.757813 0.257813
vt 0.007813 0.992188
vt 0.242188 0.992188
vt 0.242188 0.757813
vt 0.257813 0.992188
vt 0.492188 0.757813
vt 0.257813 0.757813
vt 0.257813 0.492188
vt 0.492188 0.492188
vt 0.492188 0.257813
vt 0.757813 0.492188
vt 0.992188 0.257813
vt 0.757813 0.257813
vt 0.007813 0.992188
vt 0.242188 0.992188
vt 0.242188 0.757813
vt 0.257813 0.992188
vt 0.492188 0.757813
vt 0.257813 0.757813
vt 0.257813 0.492188
vt 0.492188 0.492188
vt 0.492188 0.257813
vt 0.757813 0.492188
vt 0.992188 0.257813
vt 0.757813 0.257813
vt 0.007813 0.992188
vt 0.242188 0.992188
vt 0.242188 0.757813
vt 0.257813 0.992188
vt 0.492188 0.757813
vt 0.257813 0.757813
vt 0.257813 0.492188
vt 0.492188 0.492188
vt 0.492188 0.257813
vt 0.757813 0.492188
vt 0.992188 0.257813
vt 0.757813 0.257813
vt 0.007813 0.992188
vt 0.242188 0.992188
vt 0.242188 0.757813
vt 0.257813 0.992188
vt 0.492188 0.757813
vt 0.257813 0.757813
vt 0.257813 0.742188
vt 0.492188 0.742188
vt 0.492188 0.507813
vt 0.257813 0.492188
vt 0.492188 0.257813
vt 0.257813 0.257813
vt 0.257813 0.742188
vt 0.492188 0.742188
vt 0.492188 0.507813
vt 0.257813 0.492188
vt 0.492188 0.257813
vt 0.257813 0.257813
vt 0.257813 0.492188
vt 0.492188 0.492188
vt 0.492188 0.257813
vt 0.757813 0.492188
vt 0.992188 0.257813
vt 0.757813 0.257813
vt 0.257813 0.742188
vt 0.492188 0.742188
vt 0.492188 0.507813
vt 0.257813 0.492188
vt 0.492188 0.257813
vt 0.257813 0.257813
vt 0.257813 0.742188
vt 0.492188 0.742188
vt 0.492188 0.507813
vt 0.257813 0.492188
vt 0.492188 0.257813
vt 0.257813 0.257813
vt 0.007813 0.992188
vt 0.242188 0.992188
vt 0.242188 0.757813
vt 0.257813 0.992188
vt 0.492188 0.757813
vt 0.257813 0.757813
vt 0.257813 0.492188
vt 0.492188 0.492188
vt 0.492188 0.257813
vt 0.757813 0.492188
vt 0.992188 0.257813
vt 0.757813 0.257813
vt 0.007813 0.992188
vt 0.242188 0.992188
vt 0.242188 0.757813
vt 0.257813 0.992188
vt 0.492188 0.757813
vt 0.257813 0.757813
vt 0.257813 0.492188
vt 0.492188 0.492188
vt 0.492188 0.257813
vt 0.757813 0.492188
vt 0.992188 0.257813
vt 0.757813 0.257813
vt 0.007813 0.992188
vt 0.242188 0.992188
vt 0.242188 0.757813
vt 0.257813 0.992188
vt 0.492188 0.757813
vt 0.257813 0.757813
vt 0.257813 0.492188
vt 0.492188 0.492188
vt 0.492188 0.257813
vt 0.757813 0.492188
vt 0.992188 0.257813
vt 0.757813 0.257813
vt 0.007813 0.992188
vt 0.242188 0.992188
vt 0.242188 0.757813
vt 0.257813 0.992188
vt 0.492188 0.757813
vt 0.257813 0.757813
vt 0.257813 0.492188
vt 0.492188 0.492188
vt 0.492188 0.257813
vt 0.757813 0.492188
vt 0.992188 0.257813
vt 0.757813 0.257813
vt 0.007813 0.992188
vt 0.242188 0.992188
vt 0.242188 0.757813
vt 0.257813 0.992188
vt 0.492188 0.757813
vt 0.257813 0.757813
vt 0.257813 0.492188
vt 0.492188 0.492188
vt 0.492188 0.257813
vt 0.757813 0.492188
vt 0.992188 0.257813
vt 0.757813 0.257813
vt 0.007813 0.992188
vt 0.242188 0.992188
vt 0.242188 0.757813
vt 0.257813 0.992188
vt 0.492188 0.757813
vt 0.257813 0.757813
vt 0.257813 0.742188
vt 0.492188 0.742188
vt 0.492188 0.507813
vt 0.257813 0.492188
vt 0.492188 0.257813
vt 0.257813 0.257813
vt 0.257813 0.742188
vt 0.492188 0.742188
vt 0.492188 0.507813
vt 0.257813 0.492188
vt 0.492188 0.257813
vt 0.257813 0.257813
vt 0.257813 0.492188
vt 0.492188 0.492188
vt 0.492188 0.257813
vt 0.757813 0.492188
vt 0.992188 0.257813
vt 0.757813 0.257813
vt 0.257813 0.742188
vt 0.492188 0.742188
vt 0.492188 0.507813
vt 0.257813 0.492188
vt 0.492188 0.257813
vt 0.257813 0.257813
vt 0.257813 0.742188
vt 0.492188 0.742188
vt 0.492188 0.507813
vt 0.257813 0.492188
vt 0.492188 0.257813
vt 0.257813 0.257813
vt 0.007813 0.992188
vt 0.242188 0.992188
vt 0.242188 0.757813
vt 0.257813 0.992188
vt 0.492188 0.757813
vt 0.257813 0.757813
vt 0.257813 0.492188
vt 0.492188 0.492188
vt 0.492188 0.257813
vt 0.757813 0.492188
vt 0.992188 0.257813
vt 0.757813 0.257813
vt 0.007813 0.992188
vt 0.242188 0.992188
vt 0.242188 0.757813
vt 0.257813 0.992188
vt 0.492188 0.757813
vt 0.257813 0.757813
vt 0.257813 0.492188
vt 0.492188 0.492188
vt 0.492188 0.257813
vt 0.757813 0.492188
vt 0.992188 0.257813
vt 0.757813 0.257813
vt 0.007813 0.992188
vt 0.242188 0.992188
vt 0.242188 0.757813
vt 0.257813 0.992188
vt 0.492188 0.757813
vt 0.257813 0.757813
vt 0.257813 0.492188
vt 0.492188 0.492188
vt 0.492188 0.257813
vt 0.757813 0.492188
vt 0.992188 0.257813
vt 0.757813 0.257813
vt 0.007813 0.992188
vt 0.242188 0.992188
vt 0.242188 0.757813
vt 0.257813 0.992188
vt 0.492188 0.757813
vt 0.257813 0.757813
vt 0.257813 0.492188
vt 0.492188 0.492188
vt 0.492188 0.257813
vt 0.757813 0.492188
vt 0.992188 0.257813
vt 0.757813 0.257813
vt 0.007813 0.992188
vt 0.242188 0.992188
vt 0.242188 0.757813
vt 0.257813 0.992188
vt 0.492188 0.757813
vt 0.257813 0.757813
vt 0.257813 0.492188
vt 0.492188 0.492188
vt 0.492188 0.257813
vt 0.757813 0.492188
vt 0.992188 0.257813
vt 0.757813 0.257813
vt 0.007813 0.992188
vt 0.242188 0.992188
vt 0.242188 0.757813
vt 0.257813 0.992188
vt 0.492188 0.757813
vt 0.257813 0.757813
vt 0.257813 0.492188
vt 0.492188 0.492188
vt 0.492188 0.257813
vt 0.757813 0.492188
vt 0.992188 0.257813
vt 0.757813 0.257813
vt 0.007813 0.992188
vt 0.242188 0.992188
vt 0.242188 0.757813
vt 0.257813 0.992188
vt 0.492188 0.757813
vt 0.257813 0.757813
vt 0.257813 0.742188
vt 0.492188 0.742188
vt 0.492188 0.507813
vt 0.257813 0.492188
vt 0.492188 0.257813
vt 0.257813 0.257813
vt 0.257813 0.742188
vt 0.492188 0.742188
vt 0.492188 0.507813
vt 0.257813 0.492188
vt 0.492188 0.257813
vt 0.257813 0.257813
vt 0.257813 0.492188
vt 0.492188 0.492188
vt 0.492188 0.257813
vt 0.757813 0.492188
vt 0.992188 0.257813
vt 0.757813 0.257813
vt 0.257813 0.742188
vt 0.492188 0.742188
vt 0.492188 0.507813
vt 0.257813 0.492188
vt 0.492188 0.257813
vt 0.257813 0.257813
vt 0.257813 0.492188
vt 0.492188 0.492188
vt 0.492188 0.257813
vt 0.757813 0.492188
vt 0.992188 0.257813
vt 0.757813 0.257813
vt 0.007813 0.992188
vt 0.242188 0.992188
vt 0.242188 0.757813
vt 0.257813 0.992188
vt 0.492188 0.757813
vt 0.257813 0.757813
vt 0.257813 0.492188
vt 0.492188 0.492188
vt 0.492188 0.257813
vt 0.757813 0.492188
vt 0.992188 0.257813
vt 0.757813 0.257813
vt 0.007813 0.992188
vt 0.242188 0.992188
vt 0.242188 0.757813
vt 0.257813 0.992188
vt 0.492188 0.757813
vt 0.257813 0.757813
vt 0.257813 0.492188
vt 0.492188 0.492188
vt 0.492188 0.257813
vt 0.757813 0.492188
vt 0.992188 0.257813
vt 0.757813 0.257813
vt 0.007813 0.992188
vt 0.242188 0.992188
vt 0.242188 0.757813
vt 0.257813 0.992188
vt 0.492188 0.757813
vt 0.257813 0.757813
vt 0.257813 0.492188
vt 0.492188 0.492188
vt 0.492188 0.257813
vt 0.757813 0.492188
vt 0.992188 0.257813
vt 0.757813 0.257813
vt 0.007813 0.992188
vt 0.242188 0.992188
vt 0.242188 0.757813
vt 0.257813 0.992188
vt 0.492188 0.757813
vt 0.257813 0.757813
vt 0.257813 0.492188
vt 0.492188 0.492188
vt 0.492188 0.257813
vt 0.757813 0.492188
vt 0.992188 0.257813
vt 0.757813 0.257813
vt 0.007813 0.992188
vt 0.242188 0.992188
vt 0.242188 0.757813
vt 0.257813 0.992188
vt 0.492188 0.757813
vt 0.257813 0.757813
vt 0.257813 0.492188
vt 0.492188 0.492188
vt 0.492188 0.257813
vt 0.757813 0.492188
vt 0.992188 0.257813
vt 0.757813 0.257813
vt 0.007813 0.992188
vt 0.242188 0.992188
vt 0.242188 0.757813
vt 0.257813 0.992188
vt 0.492188 0.757813
vt 0.257813 0.757813
vt 0.257813 0.492188
vt 0.492188 0.492188
vt 0.492188 0.257813
vt 0.757813 0.492188
vt 0.992188 0.257813
vt 0.757813 0.257813
vt 0.257813 0.742188
vt 0.492188 0.742188
vt 0.492188 0.507813
vt 0.257813 0.492188
vt 0.492188 0.257813
vt 0.257813 0.257813
vt 0.257813 0.492188
vt 0.492188 0.492188
vt 0.492188 0.257813
vt 0.757813 0.492188
vt 0.992188 0.257813
vt 0.757813 0.257813
vt 0.257813 0.742188
vt 0.492188 0.742188
vt 0.492188 0.507813
vt 0.257813 0.492188
vt 0.492188 0.257813
vt 0.257813 0.257813
vt 0.257813 0.492188
vt 0.492188 0.492188
vt 0.492188 0.257813
vt 0.757813 0.492188
vt 0.992188 0.257813
vt 0.757813 0.257813
vt 0.007813 0.992188
vt 0.242188 0.992188
vt 0.242188 0.757813
vt 0.257813 0.992188
vt 0.492188 0.757813
vt 0.257813 0.757813
vt 0.257813 0.492188
vt 0.492188 0.492188
vt 0.492188 0.257813
vt 0.757813 0.492188
vt 0.992188 0.257813
vt 0.757813 0.257813
vt 0.007813 0.992188
vt 0.242188 0.992188
vt 0.242188 0.757813
vt 0.257813 0.992188
vt 0.492188 0.757813
vt 0.257813 0.757813
vt 0.257813 0.492188
vt 0.492188 0.492188
vt 0.492188 0.257813
vt 0.757813 0.492188
vt 0.992188 0.257813
vt 0.757813 0.257813
vt 0.007813 0.992188
vt 0.242188 0.992188
vt 0.242188 0.757813
vt 0.257813 0.992188
vt 0.492188 0.757813
vt 0.257813 0.757813
vt 0.257813 0.492188
vt 0.492188 0.492188
vt 0.492188 0.257813
vt 0.757813 0.492188
vt 0.992188 0.257813
vt 0.757813 0.257813
vt 0.007813 0.992188
vt 0.242188 0.992188
vt 0.242188 0.757813
vt 0.257813 0.992188
vt 0.492188 0.757813
vt 0.257813 0.757813
vt 0.257813 0.492188
vt 0.492188 0.492188
vt 0.492188 0.257813
vt 0.757813 0.492188
vt 0.992188 0.257813
vt 0.757813 0.257813
vt 0.007813 0.992188
vt 0.242188 0.992188
vt 0.242188 0.757813
vt 0.257813 0.992188
vt 0.492188 0.757813
vt 0.257813 0.757813
vt 0.257813 0.492188
vt 0.492188 0.492188
vt 0.492188 0.257813
vt 0.757813 0.492188
vt 0.992188 0.257813
vt 0.757813 0.257813
vt 0.007813 0.992188
vt 0.242188 0.992188
vt 0.242188 0.757813
vt 0.257813 0.992188
vt 0.492188 0.757813
vt 0.257813 0.757813
vt 0.257813 0.492188
vt 0.492188 0.492188
vt 0.492188 0.257813
vt 0.757813 0.492188
vt 0.992188 0.257813
vt 0.757813 0.257813
vt 0.257813 0.742188
vt 0.492188 0.742188
vt 0.492188 0.507813
vt 0.257813 0.492188
vt 0.492188 0.257813
vt 0.257813 0.257813
vt 0.257813 0.492188
vt 0.492188 0.492188
vt 0.492188 0.257813
vt 0.757813 0.492188
vt 0.992188 0.257813
vt 0.757813 0.257813
vt 0.257813 0.742188
vt 0.492188 0.742188
vt 0.492188 0.507813
vt 0.257813 0.492188
vt 0.492188 0.257813
vt 0.257813 0.257813
vt 0.257813 0.742188
vt 0.492188 0.742188
vt 0.492188 0.507813
vt 0.257813 0.492188
vt 0.492188 0.257813
vt 0.257813 0.257813
vt 0.257813 0.742188
vt 0.492188 0.742188
vt 0.492188 0.507813
vt 0.257813 0.492188
vt 0.492188 0.257813
vt 0.257813 0.257813
vt 0.257813 0.492188
vt 0.492188 0.492188
vt 0.492188 0.257813
vt 0.757813 0.492188
vt 0.992188 0.257813
vt 0.757813 0.257813
vt 0.007813 0.992188
vt 0.242188 0.992188
vt 0.242188 0.757813
vt 0.257813 0.992188
vt 0.492188 0.757813
vt 0.257813 0.757813
vt 0.257813 0.492188
vt 0.492188 0.492188
vt 0.492188 0.257813
vt 0.757813 0.492188
vt 0.992188 0.257813
vt 0.757813 0.257813
vt 0.007813 0.992188
vt 0.242188 0.992188
vt 0.242188 0.757813
vt 0.257813 0.992188
vt 0.492188 0.757813
vt 0.257813 0.757813
vt 0.257813 0.492188
vt 0.492188 0.492188
vt 0.492188 0.257813
vt 0.757813 0.492188
vt 0.992188 0.257813
vt 0.757813 0.257813
vt 0.007813 0.992188
vt 0.242188 0.992188
vt 0.242188 0.757813
vt 0.257813 0.992188
vt 0.492188 0.757813
vt 0.257813 0.757813
vt 0.257813 0.492188
vt 0.492188 0.492188
vt 0.492188 0.257813
vt 0.757813 0.492188
vt 0.992188 0.257813
vt 0.757813 0.257813
vt 0.007813 0.992188
vt 0.242188 0.992188
vt 0.242188 0.757813
vt 0.257813 0.992188
vt 0.492188 0.757813
vt 0.257813 0.757813
vt 0.257813 0.492188
vt 0.492188 0.492188
vt 0.492188 0.257813
vt 0.757813 0.492188
vt 0.992188 0.257813
vt 0.757813 0.257813
vt 0.007813 0.992188
vt 0.242188 0.992188
vt 0.242188 0.757813
vt 0.257813 0.992188
vt 0.492188 0.757813
vt 0.257813 0.757813
vt 0.257813 0.492188
vt 0.492188 0.492188
vt 0.492188 0.257813
vt 0.757813 0.492188
vt 0.992188 0.257813
vt 0.757813 0.257813
vt 0.007813 0.992188
vt 0.242188 0.992188
vt 0.242188 0.757813
vt 0.257813 0.992188
vt 0.492188 0.757813
vt 0.257813 0.757813
vt 0.257813 0.492188
vt 0.492188 0.492188
vt 0.492188 0.257813
vt 0.757813 0.492188
vt 0.992188 0.257813
vt 0.757813 0.257813
vt 0.007813 0.992188
vt 0.242188 0.992188
vt 0.242188 0.757813
vt 0.257813 0.992188
vt 0.492188 0.757813
vt 0.257813 0.757813
vt 0.257813 0.492188
vt 0.492188 0.492188
vt 0.492188 0.257813
vt 0.757813 0.492188
vt 0.992188 0.257813
vt 0.757813 0.257813
vt 0.257813 0.742188
vt 0.492188 0.742188
vt 0.492188 0.507813
vt 0.257813 0.492188
vt 0.492188 0.257813
vt 0.257813 0.257813
vt 0.257813 0.742188
vt 0.492188 0.742188
vt 0.492188 0.507813
vt 0.257813 0.492188
vt 0.492188 0.257813
vt 0.257813 0.257813
vt 0.257813 0.742188
vt 0.492188 0.742188
vt 0.492188 0.507813
vt 0.257813 0.492188
vt 0.492188 0.257813
vt 0.257813 0.257813
vt 0.257813 0.492188
vt 0.492188 0.492188
vt 0.492188 0.257813
vt 0.757813 0.492188
vt 0.992188 0.257813
vt 0.757813 0.257813
vt 0.257813 0.742188
vt 0.492188 0.742188
vt 0.492188 0.507813
vt 0.257813 0.492188
vt 0.492188 0.257813
vt 0.257813 0.257813
vt 0.257813 0.492188
vt 0.492188 0.492188
vt 0.492188 0.257813
vt 0.757813 0.492188
vt 0.992188 0.257813
vt 0.757813 0.257813
vt 0.007813 0.992188
vt 0.242188 0.992188
vt 0.242188 0.757813
vt 0.257813 0.992188
vt 0.492188 0.757813
vt 0.257813 0.757813
vt 0.257813 0.492188
vt 0.492188 0.492188
vt 0.492188 0.257813
vt 0.757813 0.492188
vt 0.992188 0.257813
vt 0.757813 0.257813
vt 0.007813 0.992188
vt 0.242188 0.992188
vt 0.242188 0.757813
vt 0.257813 0.992188
vt 0.492188 0.757813
vt 0.257813 0.757813
vt 0.257813 0.492188
vt 0.492188 0.492188
vt 0.492188 0.257813
vt 0.757813 0.492188
vt 0.992188 0.257813
vt 0.757813 0.257813
vt 0.007813 0.992188
vt 0.242188 0.992188
vt 0.242188 0.757813
vt 0.257813 0.992188
vt 0.492188 0.757813
vt 0.257813 0.757813
vt 0.257813 0.492188
vt 0.492188 0.492188
vt 0.492188 0.257813
vt 0.757813 0.492188
vt 0.992188 0.257813
vt 0.757813 0.257813
vt 0.007813 0.992188
vt 0.242188 0.992188
vt 0.242188 0.757813
vt 0.257813 0.992188
vt 0.492188 0.757813
vt 0.257813 0.757813
vt 0.257813 0.492188
vt 0.492188 0.492188
vt 0.492188 0.257813
vt 0.757813 0.492188
vt 0.992188 0.257813
vt 0.757813 0.257813
vt 0.007813 0.992188
vt 0.242188 0.992188
vt 0.242188 0.757813
vt 0.257813 0.992188
vt 0.492188 0.757813
vt 0.257813 0.757813
vt 0.257813 0.492188
vt 0.492188 0.492188
vt 0.492188 0.257813
vt 0.757813 0.492188
vt 0.992188 0.257813
vt 0.757813 0.257813
vt 0.007813 0.992188
vt 0.242188 0.992188
vt 0.242188 0.757813
vt 0.257813 0.992188
vt 0.492188 0.757813
vt 0.257813 0.757813
vt 0.257813 0.492188
vt 0.492188 0.492188
vt 0.492188 0.257813
vt 0.757813 0.492188
vt 0.992188 0.257813
vt 0.757813 0.257813
vt 0.257813 0.742188
vt 0.492188 0.742188
vt 0.492188 0.507813
vt 0.257813 0.492188
vt 0.492188 0.257813
vt 0.257813 0.257813
vt 0.257813 0.492188
vt 0.492188 0.492188
vt 0.492188 0.257813
vt 0.757813 0.492188
vt 0.992188 0.257813
vt 0.757813 0.257813
vt 0.257813 0.742188
vt 0.492188 0.742188
vt 0.492188 0.507813
vt 0.257813 0.492188
vt 0.492188 0.257813
vt 0.257813 0.257813
vt 0.257813 0.492188
vt 0.492188 0.492188
vt 0.492188 0.257813
vt 0.757813 0.492188
vt 0.992188 0.257813
vt 0.757813 0.257813
vt 0.007813 0.992188
vt 0.242188 0.992188
vt 0.242188 0.757813
vt 0.257813 0.992188
vt 0.492188 0.757813
vt 0.257813 0.757813
vt 0.257813 0.492188
vt 0.492188 0.492188
vt 0.492188 0.257813
vt 0.757813 0.492188
vt 0.992188 0.257813
vt 0.757813 0.257813
vt 0.007813 0.992188
vt 0.242188 0.992188
vt 0.242188 0.757813
vt 0.257813 0.992188
vt 0.492188 0.757813
vt 0.257813 0.757813
vt 0.257813 0.492188
vt 0.492188 0.492188
vt 0.492188 0.257813
vt 0.757813 0.492188
vt 0.992188 0.257813
vt 0.757813 0.257813
vt 0.007813 0.992188
vt 0.242188 0.992188
vt 0.242188 0.757813
vt 0.257813 0.992188
vt 0.492188 0.757813
vt 0.257813 0.757813
vt 0.257813 0.492188
vt 0.492188 0.492188
vt 0.492188 0.257813
vt 0.757813 0.492188
vt 0.992188 0.257813
vt 0.757813 0.257813
vt 0.007813 0.992188
vt 0.242188 0.992188
vt 0.242188 0.757813
vt 0.257813 0.992188
vt 0.492188 0.757813
vt 0.257813 0.757813
vt 0.257813 0.492188
vt 0.492188 0.492188
vt 0.492188 0.257813
vt 0.757813 0.492188
vt 0.992188 0.257813
vt 0.757813 0.257813
vt 0.007813 0.992188
vt 0.242188 0.992188
vt 0.242188 0.757813
vt 0.257813 0.992188
vt 0.492188 0.757813
vt 0.257813 0.757813
vt 0.257813 0.492188
vt 0.492188 0.492188
vt 0.492188 0.257813
vt 0.757813 0.492188
vt 0.992188 0.257813
vt 0.757813 0.257813
f 1/1/1 2/2/2 3/3/3
f 4/4/4 5/5/5 6/6/6
f 7/7/7 8/8/8 9/9/9
f 10/10/10 11/11/11 12/12/12
f 13/13/13 14/14/14 15/15/15
f 16/16/16 17/17/17 18/18/18
f 19/19/19 20/20/20 21/21/21
f 22/22/22 23/23/23 24/24/24
f 25/25/25 26/26/26 27/27/27
f 28/28/28 29/29/29 30/30/30
f 31/31/31 32/32/32 33/33/33
f 34/34/34 35/35/35 36/36/36
f 37/37/37 38/38/38 39/39/39
f 40/40/40 41/41/41 42/42/42
f 43/43/43 44/44/44 45/45/45
f 46/46/46 47/47/47 48/48/48
f 49/49/49 50/50/50 51/51/51
f 52/52/52 53/53/53 54/54/54
f 55/55/55 56/56/56 57/57/57
f 58/58/58 59/59/59 60/60/60
f 61/61/61 62/62/62 63/63/63
f 64/64/64 65/65/65 66/66/66
f 67/67/67 68/68/68 69/69/69
f 70/70/70 71/71/71 72/72/72
f 73/73/73 74/74/74 75/75/75
f 76/76/76 77/77/77 78/78/78
f 79/79/79 80/80/80 81/81/81
f 82/82/82 83/83/83 84/84/84
f 85/85/85 86/86/86 87/87/87
f 88/88/88 89/89/89 90/90/90
f 91/91/91 92/92/92 93/93/93
f 94/94/94 95/95/95 96/96/96
f 97/97/97 98/98/98 99/99/99
f 100/100/100 101/101/101 102/102/102
f 103/103/103 104/104/104 105/105/105
f 106/106/106 107/107/107 108/108/108
f 109/109/109 110/110/110 111/111/111
f 112/112/112 113/113/113 114/114/114
f 115/115/115 116/116/116 117/117/117
f 118/118/118 119/119/119 120/120/120
f 121/121/121 122/122/122 123/123/123
f 124/124/124 125/125/125 126/126/126
f 127/127/127 128/128/128 129/129/129
f 130/130/130 131/131/131 132/132/132
f 133/133/133 134/134/134 135/135/135
f 136/136/136 137/137/137 138/138/138
f 139/139/139 140/140/140 141/141/141
f 142/142/142 143/143/143 144/144/144
f 145/145/145 146/146/146 147/147/147
f 148/148/148 149/149/149 150/150/150
f 151/151/151 152/152/152 153/153/153
f 154/154/154 155/155/155 156/156/156
f 157/157/157 158/158/158 159/159/159
f 160/160/160 161/161/161 162/162/162
f 163/163/163 164/164/164 165/165/165
f 166/166/166 167/167/167 168/168/168
f 169/169/169 170/170/170 171/171/171
f 172/172/172 173/173/173 174/174/174
f 175/175/175 176/176/176 177/177/177
f 178/178/178 179/179/179 180/180/180
f 181/181/181 182/182/182 183/183/183
f 184/184/184 185/185/185 186/186/186
f 187/187/187 188/188/188 189/189/189
f 190/190/190 191/191/191 192/192/192
f 193/193/193 194/194/194 195/195/195
f 196/196/196 197/197/197 198/198/198
f 199/199/199 200/200/200 201/201/201
f 202/202/202 203/203/203 204/204/204
f 205/205/205 206/206/206 207/207/207
f 208/208/208 209/209/209 210/210/210
f 211/211/211 212/212/212 213/213/213
f 214/214/214 215/215/215 216/216/216
f 217/217/217 218/218/218 219/219/219
f 220/220/220 221/221/221 222/222/222
f 223/223/223 224/224/224 225/225/225
f 226/226/226 227/227/227 228/228/228
f 229/229/229 230/230/230 231/231/231
f 232/232/232 233/233/233 234/234/234
f 235/235/235 236/236/236 237/237/237
f 238/238/238 239/239/239 240/240/240
f 241/241/241 242/242/242 243/243/243
f 244/244/244 245/245/245 246/246/246
f 247/247/247 248/248/248 249/249/249
f 250/250/250 251/251/251 252/252/252
f 253/253/253 254/254/254 255/255/255
f 256/256/256 257/257/257 258/258/258
f 259/259/259 260/260/260 261/261/261
f 262/262/262 263/263/263 264/264/264
f 265/265/265 266/266/266 267/267/267
f 268/268/268 269/269/269 270/270/270
f 271/271/271 272/272/272 273/273/273
f 274/274/274 275/275/275 276/276/276
f 277/277/277 278/278/278 279/279/279
f 280/280/280 281/281/281 282/282/282
f 283/283/283 284/284/284 285/285/285
f 286/286/286 287/287/287 288/288/288
f 289/289/289 290/290/290 291/291/291
f 292/292/292 293/293/293 294/294/294
f 295/295/295 296/296/296 297/297/297
f 298/298/298 299/299/299 300/300/300
f 301/301/301 302/302/302 303/303/303
f 304/304/304 305/305/305 306/306/306
f 307/307/307 308/308/308 309/309/309
f 310/310/310 311/311/311 312/312/312
f 313/313/313 314/314/314 315/315/315
f 316/316/316 317/317/317 318/318/318
f 319/319/319 320/320/320 321/321/321
f 322/322/322 323/323/323 324/324/324
f 325/325/325 326/326/326 327/327/327
f 328/328/328 329/329/329 330/330/330
f 331/331/331 332/332/332 333/333/333
f 334/334/334 335/335/335 336/336/336
f 337/337/337 338/338/338 339/339/339
f 340/340/340 341/341/341 342/342/342
f 343/343/343 344/344/344 345/345/345
f 346/346/346 347/347/347 348/348/348
f 349/349/349 350/350/350 351/351/351
f 352/352/352 353/353/353 354/354/354
f 355/355/355 356/356/356 357/357/357
f 358/358/358 359/359/359 360/360/360
f 361/361/361 362/362/362 363/363/363
f 364/364/364 365/365/365 366/366/366
f 367/367/367 368/368/368 369/369/369
f 370/370/370 371/371/371 372/372/372
f 373/373/373 374/374/374 375/375/375
f 376/376/376 377/377/377 378/378/378
f 379/379/379 380/380/380 381/381/381
f 382/382/382 383/383/383 384/384/384
f 385/385/385 386/386/386 387/387/387
f 388/388/388 389/389/389 390/390/390
f 391/391/391 392/392/392 393/393/393
f 394/394/394 395/395/395 396/396/396
f 397/397/397 398/398/398 399/399/399
f 400/400/400 401/401/401 402/402/402
f 403/403/403 404/404/404 405/405/405
f 406/406/406 407/407/407 408/408/408
f 409/409/409 410/410/410 411/411/411
f 412/412/412 413/413/413 414/414/414
f 415/415/415 416/416/416 417/417/417
f 418/418/418 419/419/419 420/420/420
f 421/421/421 422/422/422 423/423/423
f 424/424/424 425/425/425 426/426/426
f 427/427/427 428/428/428 429/429/429
f 430/430/430 431/431/431 432/432/432
f 433/433/433 434/434/434 435/435/435
f 436/436/436 437/437/437 438/438/438
f 439/439/439 440/440/440 441/441/441
f 442/442/442 443/443/443 444/444/444
f 445/445/445 446/446/446 447/447/447
f 448/448/448 449/449/449 450/450/450
f 451/451/451 452/452/452 453/453/453
f 454/454/454 455/455/455 456/456/456
f 457/457/457 458/458/458 459/459/459
f 460/460/460 461/461/461 462/462/462
f 463/463/463 464/464/464 465/465/465
f 466/466/466 467/467/467 468/468/468
f 469/469/469 470/470/470 471/471/471
f 472/472/472 473/473/473 474/474/474
f 475/475/475 476/476/476 477/477/477
f 478/478/478 479/479/479 480/480/480
f 481/481/481 482/482/482 483/483/483
f 484/484/484 485/485/485 486/486/486
f 487/487/487 488/488/488 489/489/489
f 490/490/490 491/491/491 492/492/492
f 493/493/493 494/494/494 495/495/495
f 496/496/496 497/497/497 498/498/498
f 499/499/499 500/500/500 501/501/501
f 502/502/502 503/503/503 504/504/504
f 505/505/505 506/506/506 507/507/507
f 508/508/508 509/509/509 510/510/510
f 511/511/511 512/512/512 513/513/513
f 514/514/514 515/515/515 516/516/516
f 517/517/517 518/518/518 519/519/519
f 520/520/520 521/521/521 522/522/522
f 523/523/523 524/524/524 525/525/525
f 526/526/526 527/527/527 528/528/528
f 529/529/529 530/530/530 531/531/531
f 532/532/532 533/533/533 534/534/534
f 535/535/535 536/536/536 537/537/537
f 538/538/538 539/539/539 540/540/540
f 541/541/541 542/542/542 543/543/543
f 544/544/544 545/545/545 546/546/546
f 547/547/547 548/548/548 549/549/549
f 550/550/550 551/551/551 552/552/552
f 553/553/553 554/554/554 555/555/555
f 556/556/556 557/557/557 558/558/558
f 559/559/559 560/560/560 561/561/561
f 562/562/562 563/563/563 564/564/564
f 565/565/565 566/566/566 567/567/567
f 568/568/568 569/569/569 570/570/570
f 571/571/571 572/572/572 573/573/573
f 574/574/574 575/575/575 576/576/576
f 577/577/577 578/578/578 579/579/579
f 580/580/580 581/581/581 582/582/582
f 583/583/583 584/584/584 585/585/585
f 586/586/586 587/587/587 588/588/588
f 589/589/589 590/590/590 591/591/591
f 592/592/592 593/593/593 594/594/594
f 595/595/595 596/596/596 597/597/597
f 598/598/598 599/599/599 600/600/600
f 601/601/601 602/602/602 603/603/603
f 604/604/604 605/605/605 606/606/606
f 607/607/607 608/608/608 609/609/609
f 610/610/610 611/611/611 612/612/612
f 613/613/613 614/614/614 615/615/615
f 616/616/616 617/617/617 618/618/618
f 619/619/619 620/620/620 621/621/621
f 622/622/622 623/623/623 624/624/624
f 625/625/625 626/626/626 627/627/627
f 628/628/628 629/629/629 630/630/630
f 631/631/631 632/632/632 633/633/633
f 634/634/634 635/635/635 636/636/636
f 637/637/637 638/638/638 639/639/639
f 640/640/640 641/641/641 642/642/642
f 643/643/643 644/644/644 645/645/645
f 646/646/646 647/647/647 648/648/648
f 649/649/649 650/650/650 651/651/651
f 652/652/652 653/653/653 654/654/654
f 655/655/655 656/656/656 657/657/657
f 658/658/658 659/659/659 660/660/660
f 661/661/661 662/662/662 663/663/663
f 664/664/664 665/665/665 666/666/666
f 667/667/667 668/668/668 669/669/669
f 670/670/670 671/671/671 672/672/672
f 673/673/673 674/674/674 675/675/675
f 676/676/676 677/677/677 678/678/678
f 679/679/679 680/680/680 681/681/681
f 682/682/682 683/683/683 684/684/684
f 685/685/685 686/686/686 687/687/687
f 688/688/688 689/689/689 690/690/690
f 691/691/691 692/692/692 693/693/693
f 694/694/694 695/695/695 696/696/696
f 697/697/697 698/698/698 699/699/699
f 700/700/700 701/701/701 702/702/702
f 703/703/703 704/704/704 705/705/705
f 706/706/706 707/707/707 708/708/708
f 709/709/709 710/710/710 711/711/711
f 712/712/712 713/713/713 714/714/714
f 715/715/715 716/716/716 717/717/717
f 718/718/718 719/719/719 720/720/720
f 721/721/721 722/722/722 723/723/723
f 724/724/724 725/725/725 726/726/726
f 727/727/727 728/728/728 729/729/729
f 730/730/730 731/731/731 732/732/732
f 733/733/733 734/734/734 735/735/735
f 736/736/736 737/737/737 738/738/738
f 739/739/739 740/740/740 741/741/741
f 742/742/742 743/743/743 744/744/744
f 745/745/745 746/746/746 747/747/747
f 748/748/748 749/749/749 750/750/750
f 751/751/751 752/752/752 753/753/753
f 754/754/754 755/755/755 756/756/756
f 757/757/757 758/758/758 759/759/759
f 760/760/760 761/761/761 762/762/762
f 763/763/763 764/764/764 765/765/765
f 766/766/766 767/767/767 768/768/768
f 769/769/769 770/770/770 771/771/771
f 772/772/772 773/773/773 774/774/774
f 775/775/775 776/776/776 777/777/777
f 778/778/778 779/779/779 780/780/780
f 781/781/781 782/782/782 783/783/783
f 784/784/784 785/785/785 786/786/786
f 787/787/787 788/788/788 789/789/789
f 790/790/790 791/791/791 792/792/792
f 793/793/793 794/794/794 795/795/795
f 796/796/796 797/797/797 798/798/798
f 799/799/799 800/800/800 801/801/801
f 802/802/802 803/803/803 804/804/804
f 805/805/805 806/806/806 807/807/807
f 808/808/808 809/809/809 810/810/810
f 811/811/811 812/812/812 813/813/813
f 814/814/814 815/815/815 816/816/816
f 817/817/817 818/818/818 819/819/819
f 820/820/820 821/821/821 822/822/822
f 823/823/823 824/824/824 825/825/825
f 826/826/826 827/827/827 828/828/828
f 829/829/829 830/830/830 831/831/831
f 832/832/832 833/833/833 834/834/834
f 835/835/835 836/836/836 837/837/837
f 838/838/838 839/839/839 840/840/840
f 841/841/841 842/842/842 843/843/843
f 844/844/844 845/845/845 846/846/846
f 847/847/847 848/848/848 849/849/849
f 850/850/850 851/851/851 852/852/852
f 853/853/853 854/854/854 855/855/855
f 856/856/856 857/857/857 858/858/858
f 859/859/859 860/860/860 861/861/861
f 862/862/862 863/863/863 864/864/864
f 865/865/865 866/866/866 867/867/867
f 868/868/868 869/869/869 870/870/870
f 871/871/871 872/872/872 873/873/873
f 874/874/874 875/875/875 876/876/876
f 877/877/877 878/878/878 879/879/879
f 880/880/880 881/881/881 882/882/882
f 883/883/883 884/884/884 885/885/885
f 886/886/886 887/887/887 888/888/888
f 889/889/889 890/890/890 891/891/891
f 892/892/892 893/893/893 894/894/894
f 895/895/895 896/896/896 897/897/897
f 898/898/898 899/899/899 900/900/900
f 901/901/901 902/902/902 903/903/903
f 904/904/904 905/905/905 906/906/906
f 907/907/907 908/908/908 909/909/909
f 910/910/910 911/911/911 912/912/912
f 913/913/913 914/914/914 915/915/915
f 916/916/916 917/917/917 918/918/918
f 919/919/919 920/920/920 921/921/921
f 922/922/922 923/923/923 924/924/924
f 925/925/925 926/926/926 927/927/927
f 928/928/928 929/929/929 930/930/930
f 931/931/931 932/932/932 933/933/933
f 934/934/934 935/935/935 936/936/936
f 937/937/937 938/938/938 939/939/939
f 940/940/940 941/941/941 942/942/942
f 943/943/943 944/944/944 945/945/945
f 946/946/946 947/947/947 948/948/948
f 949/949/949 950/950/950 951/951/951
f 952/952/952 953/953/953 954/954/954
f 955/955/955 956/956/956 957/957/957
f 958/958/958 959/959/959 960/960/960
f 961/961/961 962/962/962 963/963/963
f 964/964/964 965/965/965 966/966/966
f 967/967/967 968/968/968 969/969/969
f 970/970/970 971/971/971 972/972/972
f 973/973/973 974/974/974 975/975/975
f 976/976/976 977/977/977 978/978/978
f 979/979/979 980/980/980 981/981/981
f 982/982/982 983/983/983 984/984/984
f 985/985/985 986/986/986 987/987/987
f 988/988/988 989/989/989 990/990/990
f 991/991/991 992/992/992 993/993/993
f 994/994/994 995/995/995 996/996/996
f 997/997/997 998/998/998 999/999/999
f 1000/1000/1000 1001/1001/1001 1002/1002/1002
f 1003/1003/1003 1004/1004/1004 1005/1005/1005
f 1006/1006/1006 1007/1007/1007 1008/1008/1008
f 1009/1009/1009 1010/1010/1010 1011/1011/1011
f 1012/1012/1012 1013/1013/1013 1014/1014/1014
f 1015/1015/1015 1016/1016/1016 1017/1017/1017
f 1018/1018/1018 1019/1019/1019 1020/1020/1020
f 1021/1021/1021 1022/1022/1022 1023/1023/1023
f 1024/1024/1024 1025/1025/1025 1026/1026/1026
f 1027/1027/1027 1028/1028/1028 1029/1029/1029
f 1030/1030/1030 1031/1031/1031 1032/1032/1032
f 1033/1033/1033 1034/1034/1034 1035/1035/1035
f 1036/1036/1036 1037/1037/1037 1038/1038/1038
f 1039/1039/1039 1040/1040/1040 1041/1041/1041
f 1042/1042/1042 1043/1043/1043 1044/1044/1044
f 1045/1045/1045 1046/1046/1046 1047/1047/1047
f 1048/1048/1048 1049/1049/1049 1050/1050/1050
f 1051/1051/1051 1052/1052/1052 1053/1053/1053
f 1054/1054/1054 1055/1055/1055 1056/1056/1056
f 1057/1057/1057 1058/1058/1058 1059/1059/1059
f 1060/1060/1060 1061/1061/1061 1062/1062/1062
f 1063/1063/1063 1064/1064/1064 1065/1065/1065
f 1066/1066/1066 1067/1067/1067 1068/1068/1068
f 1069/1069/1069 1070/1070/1070 1071/1071/1071
f 1072/1072/1072 1073/1073/1073 1074/1074/1074
f 1075/1075/1075 1076/1076/1076 1077/1077/1077
f 1078/1078/1078 1079/1079/1079 1080/1080/1080
f 1081/1081/1081 1082/1082/1082 1083/1083/1083
f 1084/1084/1084 1085/1085/1085 1086/1086/1086
f 1087/1087/1087 1088/1088/1088 1089/1089/1089
f 1090/1090/1090 1091/1091/1091 1092/1092/1092
f 1093/1093/1093 1094/1094/1094 1095/1095/1095
f 1096/1096/1096 1097/1097/1097 1098/1098/1098
f 1099/1099/1099 1100/1100/1100 1101/1101/1101
f 1102/1102/1102 1103/1103/1103 1104/1104/1104
f 1105/1105/1105 1106/1106/1106 1107/1107/1107
f 1108/1108/1108 1109/1109/1109 1110/1110/1110
f 1111/1111/1111 1112/1112/1112 1113/1113/1113
f 1114/1114/1114 1115/1115/1115 1116/1116/1116
f 1117/1117/1117 1118/1118/1118 1119/1119/1119
f 1120/1120/1120 1121/1121/1121 1122/1122/1122
f 1123/1123/1123 1124/1124/1124 1125/1125/1125
f 1126/1126/1126 1127/1127/1127 1128/1128/1128
f 1129/1129/1129 1130/1130/1130 1131/1131/1131
f 1132/1132/1132 1133/1133/1133 1134/1134/1134
f 1135/1135/1135 1136/1136/1136 1137/1137/1137
f 1138/1138/1138 1139/1139/1139 1140/1140/1140
f 1141/1141/1141 1142/1142/1142 1143/1143/1143
f 1144/1144/1144 1145/1145/1145 1146/1146/1146
f 1147/1147/1147 1148/1148/1148 1149/1149/1149
f 1150/1150/1150 1151/1151/1151 1152/1152/1152
f 1153/1153/1153 1154/1154/1154 1155/1155/1155
f 1156/1156/1156 1157/1157/1157 1158/1158/1158
f 1159/1159/1159 1160/1160/1160 1161/1161/1161
f 1162/1162/1162 1163/1163/1163 1164/1164/1164
f 1165/1165/1165 1166/1166/1166 1167/1167/1167
f 1168/1168/1168 1169/1169/1169 1170/1170/1170
f 1171/1171/1171 1172/1172/1172 1173/1173/1173
f 1174/1174/1174 1175/1175/1175 1176/1176/1176
f 1177/1177/1177 1178/1178/1178 1179/1179/1179
f 1180/1180/1180 1181/1181/1181 1182/1182/1182
f 1183/1183/1183 1184/1184/1184 1185/1185/1185
f 1186/1186/1186 1187/1187/1187 1188/1188/1188
f 1189/1189/1189 1190/1190/1190 1191/1191/1191
f 1192/1192/1192 1193/1193/1193 1194/1194/1194
f 1195/1195/1195 1196/1196/1196 1197/1197/1197
f 1198/1198/1198 1199/1199/1199 1200/1200/1200
f 1201/1201/1201 1202/1202/1202 1203/1203/1203
f 1204/1204/1204 1205/1205/1205 1206/1206/1206
f 1207/1207/1207 1208/1208/1208 1209/1209/1209
f 1210/1210/1210 1211/1211/1211 1212/1212/1212
f 1213/1213/1213 1214/1214/1214 1215/1215/1215
f 1216/1216/1216 1217/1217/1217 1218/1218/1218
f 1219/1219/1219 1220/1220/1220 1221/1221/1221
f 1222/1222/1222 1223/1223/1223 1224/1224/1224
f 1225/1225/1225 1226/1226/1226 1227/1227/1227
f 1228/1228/1228 1229/1229/1229 1230/1230/1230
f 1231/1231/1231 1232/1232/1232 1233/1233/1233
f 1234/1234/1234 1235/1235/1235 1236/1236/1236
f 1237/1237/1237 1238/1238/1238 1239/1239/1239
f 1240/1240/1240 1241/1241/1241 1242/1242/1242
f 1243/1243/1243 1244/1244/1244 1245/1245/1245
f 1246/1246/1246 1247/1247/1247 1248/1248/1248
f 1249/1249/1249 1250/1250/1250 1251/1251/1251
f 1252/1252/1252 1253/1253/1253 1254/1254/1254
f 1255/1255/1255 1256/1256/1256 1257/1257/1257
f 1258/1258/1258 1259/1259/1259 1260/1260/1260
f 1261/1261/1261 1262/1262/1262 1263/1263/1263
f 1264/1264/1264 1265/1265/1265 1266/1266/1266
f 1267/1267/1267 1268/1268/1268 1269/1269/1269
f 1270/1270/1270 1271/1271/1271 1272/1272/1272
f 1273/1273/1273 1274/1274/1274 1275/1275/1275
f 1276/1276/1276 1277/1277/1277 1278/1278/1278
f 1279/1279/1279 1280/1280/1280 1281/1281/1281
f 1282/1282/1282 1283/1283/1283 1284/1284/1284
f 1285/1285/1285 1286/1286/1286 1287/1287/1287
f 1288/1288/1288 1289/1289/1289 1290/1290/1290
f 1291/1291/1291 1292/1292/1292 1293/1293/1293
f 1294/1294/1294 1295/1295/1295 1296/1296/1296
f 1297/1297/1297 1298/1298/1298 1299/1299/1299
f 1300/1300/1300 1301/1301/1301 1302/1302/1302
f 1303/1303/1303 1304/1304/1304 1305/1305/1305
f 1306/1306/1306 1307/1307/1307 1308/1308/1308
f 1309/1309/1309 1310/1310/1310 1311/1311/1311
f 1312/1312/1312 1313/1313/1313 1314/1314/1314
f 1315/1315/1315 1316/1316/1316 1317/1317/1317
f 1318/1318/1318 1319/1319/1319 1320/1320/1320
f 1321/1321/1321 1322/1322/1322 1323/1323/1323
f 1324/1324/1324 1325/1325/1325 1326/1326/1326
f 1327/1327/1327 1328/1328/1328 1329/1329/1329
f 1330/1330/1330 1331/1331/1331 1332/1332/1332
f 1333/1333/1333 1334/1334/1334 1335/1335/1335
f 1336/1336/1336 1337/1337/1337 1338/1338/1338
f 1339/1339/1339 1340/1340/1340 1341/1341/1341
f 1342/1342/1342 1343/1343/1343 1344/1344/1344
f 1345/1345/1345 1346/1346/1346 1347/1347/1347
f 1348/1348/1348 1349/1349/1349 1350/1350/1350
f 1351/1351/1351 1352/1352/1352 1353/1353/1353
f 1354/1354/1354 1355/1355/1355 1356/1356/1356
f 1357/1357/1357 1358/1358/1358 1359/1359/1359
f 1360/1360/1360 1361/1361/1361 1362/1362/1362
f 1363/1363/1363 1364/1364/1364 1365/1365/1365
f 1366/1366/1366 1367/1367/1367 1368/1368/1368
f 1369/1369/1369 1370/1370/1370 1371/1371/1371
f 1372/1372/1372 1373/1373/1373 1374/1374/1374
f 1375/1375/1375 1376/1376/1376 1377/1377/1377
f 1378/1378/1378 1379/1379/1379 1380/1380/1380
f 1381/1381/1381 1382/1382/1382 1383/1383/1383
f 1384/1384/1384 1385/1385/1385 1386/1386/1386
f 1387/1387/1387 1388/1388/1388 1389/1389/1389
f 1390/1390/1390 1391/1391/1391 1392/1392/1392
f 1393/1393/1393 1394/1394/1394 1395/1395/1395
f 1396/1396/1396 1397/1397/1397 1398/1398/1398
f 1399/1399/1399 1400/1400/1400 1401/1401/1401
f 1402/1402/1402 1403/1403/1403 1404/1404/1404
f 1405/1405/1405 1406/1406/1406 1407/1407/1407
f 1408/1408/1408 1409/1409/1409 1410/1410/1410
f 1411/1411/1411 1412/1412/1412 1413/1413/1413
f 1414/1414/1414 1415/1415/1415 1416/1416/1416
f 1417/1417/1417 1418/1418/1418 1419/1419/1419
f 1420/1420/1420 1421/1421/1421 1422/1422/1422
f 1423/1423/1423 1424/1424/1424 1425/1425/1425
f 1426/1426/1426 1427/1427/1427 1428/1428/1428
f 1429/1429/1429 1430/1430/1430 1431/1431/1431
f 1432/1432/1432 1433/1433/1433 1434/1434/1434
f 1435/1435/1435 1436/1436/1436 1437/1437/1437
f 1438/1438/1438 1439/1439/1439 1440/1440/1440
f 1441/1441/1441 1442/1442/1442 1443/1443/1443
f 1444/1444/1444 1445/1445/1445 1446/1446/1446
f 1447/1447/1447 1448/1448/1448 1449/1449/1449
f 1450/1450/1450 1451/1451/1451 1452/1452/1452
f 1453/1453/1453 1454/1454/1454 1455/1455/1455
f 1456/1456/1456 1457/1457/1457 1458/1458/1458
f 1459/1459/1459 1460/1460/1460 1461/1461/1461
f 1462/1462/1462 1463/1463/1463 1464/1464/1464
f 1465/1465/1465 1466/1466/1466 1467/1467/1467
f 1468/1468/1468 1469/1469/1469 1470/1470/1470
f 1471/1471/1471 1472/1472/1472 1473/1473/1473
f 1474/1474/1474 1475/1475/1475 1476/1476/1476
f 1477/1477/1477 1478/1478/1478 1479/1479/1479
f 1480/1480/1480 1481/1481/1481 1482/1482/1482
f 1483/1483/1483 1484/1484/1484 1485/1485/1485
f 1486/1486/1486 1487/1487/1487 1488/1488/1488
f 1489/1489/1489 1490/1490/1490 1491/1491/1491
f 1492/1492/1492 1493/1493/1493 1494/1494/1494
f 1495/1495/1495 1496/1496/1496 1497/1497/1497
f 1498/1498/1498 1499/1499/1499 1500/1500/1500
f 1501/1501/1501 1502/1502/1502 1503/1503/1503
f 1504/1504/1504 1505/1505/1505 1506/1506/1506
f 1507/1507/1507 1508/1508/1508 1509/1509/1509
f 1510/1510/1510 1511/1511/1511 1512/1512/1512
f 1513/1513/1513 1514/1514/1514 1515/1515/1515
f 1516/1516/1516 1517/1517/1517 1518/1518/1518
f 1519/1519/1519 1520/1520/1520 1521/1521/1521
f 1522/1522/1522 1523/1523/1523 1524/1524/1524
f 1525/1525/1525 1526/1526/1526 1527/1527/1527
f 1528/1528/1528 1529/1529/1529 1530/1530/1530
f 1531/1531/1531 1532/1532/1532 1533/1533/1533
f 1534/1534/1534 1535/1535/1535 1536/1536/1536
f 1537/1537/1537 1538/1538/1538 1539/1539/1539
f 1540/1540/1540 1541/1541/1541 1542/1542/1542
f 1543/1543/1543 1544/1544/1544 1545/1545/1545
f 1546/1546/1546 1547/1547/1547 1548/1548/1548
f 1549/1549/1549 1550/1550/1550 1551/1551/1551
f 1552/1552/1552 1553/1553/1553 1554/1554/1554
f 1555/1555/1555 1556/1556/1556 1557/1557/1557
f 1558/1558/1558 1559/1559/1559 1560/1560/1560
f 1561/1561/1561 1562/1562/1562 1563/1563/1563
f 1564/1564/1564 1565/1565/1565 1566/1566/1566
f 1567/1567/1567 1568/1568/1568 1569/1569/1569
f 1570/1570/1570 1571/1571/1571 1572/1572/1572
f 1573/1573/1573 1574/1574/1574 1575/1575/1575
f 1576/1576/1576 1577/1577/1577 1578/1578/1578
f 1579/1579/1579 1580/1580/1580 1581/1581/1581
f 1582/1582/1582 1583/1583/1583 1584/1584/1584
f 1585/1585/1585 1586/1586/1586 1587/1587/1587
f 1588/1588/1588 1589/1589/1589 1590/1590/1590
f 1591/1591/1591 1592/1592/1592 1593/1593/1593
f 1594/1594/1594 1595/1595/1595 1596/1596/1596
f 1597/1597/1597 1598/1598/1598 1599/1599/1599
f 1600/1600/1600 1601/1601/1601 1602/1602/1602
f 1603/1603/1603 1604/1604/1604 1605/1605/1605
f 1606/1606/1606 1607/1607/1607 1608/1608/1608
f 1609/1609/1609 1610/1610/1610 1611/1611/1611
f 1612/1612/1612 1613/1613/1613 1614/1614/1614
f 1615/1615/1615 1616/1616/1616 1617/1617/1617
f 1618/1618/1618 1619/1619/1619 1620/1620/1620
f 1621/1621/1621 1622/1622/1622 1623/1623/1623
f 1624/1624/1624 1625/1625/1625 1626/1626/1626
f 1627/1627/1627 1628/1628/1628 1629/1629/1629
f 1630/1630/1630 1631/1631/1631 1632/1632/1632
f 1633/1633/1633 1634/1634/1634 1635/1635/1635
f 1636/1636/1636 1637/1637/1637 1638/1638/1638
f 1639/1639/1639 1640/1640/1640 1641/1641/1641
f 1642/1642/1642 1643/1643/1643 1644/1644/1644
f 1645/1645/1645 1646/1646/1646 1647/1647/1647
f 1648/1648/1648 1649/1649/1649 1650/1650/1650
f 1651/1651/1651 1652/1652/1652 1653/1653/1653
f 1654/1654/1654 1655/1655/1655 1656/1656/1656
f 1657/1657/1657 1658/1658/1658 1659/1659/1659
f 1660/1660/1660 1661/1661/1661 1662/1662/1662
f 1663/1663/1663 1664/1664/1664 1665/1665/1665
f 1666/1666/1666 1667/1667/1667 1668/1668/1668
f 1669/1669/1669 1670/1670/1670 1671/1671/1671
f 1672/1672/1672 1673/1673/1673 1674/1674/1674
f 1675/1675/1675 1676/1676/1676 1677/1677/1677
f 1678/1678/1678 1679/1679/1679 1680/1680/1680
f 1681/1681/1681 1682/1682/1682 1683/1683/1683
f 1684/1684/1684 1685/1685/1685 1686/1686/1686
f 1687/1687/1687 1688/1688/1688 1689/1689/1689
f 1690/1690/1690 1691/1691/1691 1692/1692/1692
f 1693/1693/1693 1694/1694/1694 1695/1695/1695
f 1696/1696/1696 1697/1697/1697 1698/1698/1698
f 1699/1699/1699 1700/1700/1700 1701/1701/1701
f 1702/1702/1702 1703/1703/1703 1704/1704/1704
f 1705/1705/1705 1706/1706/1706 1707/1707/1707
f 1708/1708/1708 1709/1709/1709 1710/1710/1710
f 1711/1711/1711 1712/1712/1712 1713/1713/1713
f 1714/1714/1714 1715/1715/1715 1716/1716/1716
f 1717/1717/1717 1718/1718/1718 1719/1719/1719
f 1720/1720/1720 1721/1721/1721 1722/1722/1722
f 1723/1723/1723 1724/1724/1724 1725/1725/1725
f 1726/1726/1726 1727/1727/1727 1728/1728/1728
f 1729/1729/1729 1730/1730/1730 1731/1731/1731
f 1732/1732/1732 1733/1733/1733 1734/1734/1734
f 1735/1735/1735 1736/1736/1736 1737/1737/1737
f 1738/1738/1738 1739/1739/1739 1740/1740/1740
f 1741/1741/1741 1742/1742/1742 1743/1743/1743
f 1744/1744/1744 1745/1745/1745 1746/1746/1746
f 1747/1747/1747 1748/1748/1748 1749/1749/1749
f 1750/1750/1750 1751/1751/1751 1752/1752/1752
f 1753/1753/1753 1754/1754/1754 1755/1755/1755
f 1756/1756/1756 1757/1757/1757 1758/1758/1758
f 1759/1759/1759 1760/1760/1760 1761/1761/1761
f 1762/1762/1762 1763/1763/1763 1764/1764/1764
f 1765/1765/1765 1766/1766/1766 1767/1767/1767
f 1768/1768/1768 1769/1769/1769 1770/1770/1770
f 1771/1771/1771 1772/1772/1772 1773/1773/1773
f 1774/1774/1774 1775/1775/1775 1776/1776/1776
f 1777/1777/1777 1778/1778/1778 1779/1779/1779
f 1780/1780/1780 1781/1781/1781 1782/1782/1782
f 1783/1783/1783 1784/1784/1784 1785/1785/1785
f 1786/1786/1786 1787/1787/1787 1788/1788/1788
f 1789/1789/1789 1790/1790/1790 1791/1791/1791
f 1792/1792/1792 1793/1793/1793 1794/1794/1794
f 1795/1795/1795 1796/1796/1796 1797/1797/1797
f 1798/1798/1798 1799/1799/1799 1800/1800/1800
